id_usuario,edad,antiguedad_meses,sesiones_mes,minutos_promedio_sesion,productos_vistos,productos_favoritos,compras_ultimos_6m,gasto_promedio,descuento_utilizado,interacciones_recomendaciones,dias_desde_ultima_compra,satisfaccion,canal_preferido,categoria_favorita,dispositivo_principal,realizara_compra_30d
1001,38,16,13,32.4,31,3.0,5,38.9,7.1,10,21,9.4,App,Tecnología,Android,1
1002,24,29,14,36.2,37,4.0,3,125.21,20.2,5,44,8.6,App,Deporte,Android,0
1003,43,20,14,23.0,35,4.0,3,51.44,38.8,10,23,6.2,Web,Tecnología,Android,0
1004,45,44,10,28.1,44,7.0,3,71.44,32.3,3,52,7.0,App,Moda,Android,0
1005,18,8,7,10.4,39,8.0,5,216.19,56.2,5,43,4.5,App,Hogar,Android,0
1006,21,33,4,25.4,43,4.0,3,106.16,9.4,5,35,8.6,Web,Tecnología,iOS,0
1007,36,24,18,13.4,34,6.0,3,23.01,46.2,7,73,5.5,Web,Deporte,Android,0
1008,32,13,13,21.5,34,4.0,2,166.03,53.8,11,19,6.5,App,Deporte,iOS,0
1009,35,29,14,46.2,42,3.0,9,81.43,39.9,4,13,6.9,App,Tecnología,Android,1
1010,26,12,12,24.4,26,0.0,1,91.89,27.9,9,25,5.4,Web,Tecnología,iOS,0
1011,45,21,11,15.1,45,8.0,3,88.66,34.9,2,40,6.1,Tablet,Moda,Android,0
1012,44,6,11,25.3,33,5.0,1,123.94,31.6,8,137,7.8,App,Tecnología,iOS,0
1013,36,2,10,17.9,29,7.0,1,71.78,29.9,6,22,6.6,App,Tecnología,Android,0
1014,47,15,11,14.3,34,5.0,4,33.2,43.2,8,5,8.5,Web,Bienestar,iOS,0
1015,40,15,12,38.8,38,6.0,2,89.61,41.3,4,17,8.3,App,Hogar,Android,0
1016,26,16,14,30.5,35,1.0,4,35.07,35.2,5,21,6.1,Tablet,Bienestar,iOS,0
1017,39,34,14,24.8,37,3.0,1,203.69,5.0,5,42,6.7,App,Hogar,Android,0
1018,24,40,9,18.9,29,2.0,3,61.46,16.3,12,53,6.7,App,Bienestar,Web,0
1019,45,26,13,19.5,30,3.0,1,72.9,24.6,4,11,6.7,App,Hogar,iOS,1
1020,34,33,7,34.3,31,5.0,4,51.71,13.4,5,45,9.4,Web,Moda,iOS,0
1021,33,12,12,24.5,31,6.0,4,90.38,48.0,8,6,7.6,App,Bienestar,Android,0
1022,28,10,11,3.0,33,7.0,4,96.29,31.4,7,15,5.0,App,Hogar,iOS,1
1023,48,30,8,41.4,36,2.0,6,51.64,21.4,9,59,6.4,App,Tecnología,Web,0
1024,33,9,12,23.5,35,9.0,4,96.22,57.6,12,78,6.7,App,Hogar,Web,0
1025,30,8,8,24.7,35,3.0,4,77.85,20.6,9,60,7.9,Web,Moda,iOS,0
1026,31,96,14,30.7,34,6.0,5,71.15,26.4,9,26,9.8,Tablet,Deporte,Android,1
1027,41,22,10,25.7,38,2.0,1,49.61,34.8,5,19,8.4,Web,Moda,Android,0
1028,39,15,16,28.0,35,4.0,2,267.84,17.2,14,65,7.2,App,Tecnología,Android,1
1029,40,14,15,18.6,31,7.0,5,143.74,12.2,9,17,6.1,App,Tecnología,iOS,1
1030,40,7,13,12.2,27,8.0,1,111.95,2.4,10,46,9.3,App,Tecnología,Android,0
1031,59,26,8,24.2,26,3.0,5,139.36,35.4,2,23,6.9,Tablet,Tecnología,Android,1
1032,31,17,14,33.5,42,4.0,0,88.45,31.1,12,43,5.3,Tablet,Hogar,Android,0
1033,29,39,11,16.8,23,8.0,3,61.89,35.4,5,10,7.8,App,Hogar,Android,1
1034,26,30,9,16.2,37,5.0,3,17.53,23.3,6,82,5.6,App,Tecnología,iOS,0
1035,42,17,8,31.8,36,4.0,4,38.36,5.4,4,12,8.2,App,Tecnología,iOS,0
1036,47,4,7,18.3,36,9.0,6,73.03999999999999,39.9,9,16,6.7,Web,Deporte,Android,0
1037,34,23,10,18.7,41,5.0,3,141.97,15.2,5,37,6.9,App,Moda,Android,0
1038,26,21,11,19.0,35,5.0,3,83.83,13.4,6,74,3.5,App,Bienestar,iOS,0
1039,26,3,12,21.5,35,2.0,2,31.5,10.3,6,14,8.8,Web,Tecnología,Android,1
1040,42,28,9,9.4,31,6.0,7,106.34,60.4,7,27,5.6,App,Moda,iOS,0
1041,43,9,6,17.7,24,7.0,3,64.36,17.1,7,32,6.3,App,Deporte,iOS,0
1042,41,40,13,23.8,39,8.0,4,110.1,49.3,6,60,7.6,App,Bienestar,iOS,0
1043,28,20,8,23.8,30,5.0,9,40.69,4.1,8,13,7.1,App,Moda,Web,1
1044,38,14,15,31.3,39,3.0,1,57.28,48.6,8,49,10.0,App,Tecnología,Android,0
1045,36,25,21,36.7,27,2.0,6,122.03,66.8,10,69,4.9,App,Tecnología,iOS,0
1046,37,24,11,34.1,37,5.0,5,216.54,31.2,6,39,6.8,App,Deporte,Android,1
1047,45,23,9,29.3,38,8.0,5,52.21,19.9,8,9,8.4,App,Moda,iOS,0
1048,37,37,18,20.8,48,6.0,2,73.03999999999999,53.7,9,52,6.7,Web,Tecnología,iOS,0
1049,42,26,7,17.0,28,6.0,4,131.64,12.4,4,72,7.3,App,Deporte,Android,0
1050,36,13,7,22.1,28,4.0,7,37.51,13.1,7,26,10.0,Web,Tecnología,iOS,0
1051,38,18,14,26.7,43,8.0,4,39.02,7.1,12,11,7.4,App,Bienestar,Web,1
1052,42,50,16,28.6,28,6.0,3,86.81,26.6,11,40,9.3,Tablet,Bienestar,Android,0
1053,19,12,15,27.0,40,5.0,3,236.18,21.7,17,31,8.2,Web,Bienestar,Web,0
1054,31,28,9,21.0,33,1.0,3,47.02,32.8,9,14,8.3,App,Bienestar,iOS,1
1055,30,38,14,28.3,34,1.0,3,61.2,36.5,6,51,7.0,App,Bienestar,iOS,0
1056,28,30,14,32.1,34,4.0,1,79.73,17.0,6,41,5.0,App,Hogar,iOS,1
1057,32,23,9,29.0,39,2.0,4,57.83,48.6,5,31,8.8,App,Deporte,Android,1
1058,51,25,13,21.7,31,4.0,5,28.38,33.3,8,28,8.1,App,Tecnología,Android,0
1059,25,31,22,15.3,30,7.0,2,116.58,22.1,10,40,8.0,App,Hogar,iOS,0
1060,46,12,17,15.1,38,5.0,4,83.09,22.4,11,15,7.1,App,Tecnología,iOS,0
1061,18,21,13,16.6,40,5.0,2,91.77,37.7,10,60,6.4,Tablet,Moda,Android,1
1062,31,73,21,24.1,41,5.0,2,69.38,12.6,9,69,9.2,App,Tecnología,Web,0
1063,37,28,12,26.2,33,4.0,2,172.39,57.5,10,29,7.8,Tablet,Bienestar,Android,1
1064,41,23,8,10.7,35,7.0,3,56.83,38.0,4,25,4.7,App,Bienestar,iOS,0
1065,43,17,16,18.0,42,6.0,6,41.48,72.8,7,18,7.2,App,Bienestar,iOS,1
1066,44,12,14,23.9,26,8.0,2,187.27,50.4,9,11,6.9,Tablet,Tecnología,iOS,0
1067,31,26,8,14.8,36,4.0,3,22.38,10.0,7,23,3.6,Web,Moda,Android,0
1068,30,27,12,25.5,42,8.0,2,68.92,35.5,10,34,6.3,Tablet,Hogar,iOS,0
1069,44,20,14,19.5,30,3.0,7,71.95,8.4,7,52,10.0,App,Tecnología,Android,1
1070,33,91,13,16.2,26,6.0,4,70.42,26.4,7,13,4.0,App,Moda,iOS,0
1071,21,13,11,22.4,26,4.0,1,31.95,20.9,13,30,5.7,App,Tecnología,Android,0
1072,23,11,7,25.1,37,2.0,4,39.08,14.2,12,31,3.9,Tablet,Bienestar,iOS,1
1073,25,17,13,15.2,24,7.0,2,127.02,21.4,8,44,5.1,App,Bienestar,Android,0
1074,40,21,9,20.1,44,5.0,3,160.68,20.1,10,21,4.7,App,Deporte,Android,0
1075,37,11,20,25.7,34,7.0,1,59.62,17.3,8,76,5.6,App,Hogar,iOS,0
1076,43,25,12,15.9,44,5.0,6,44.95,74.2,7,59,9.7,App,Bienestar,iOS,0
1077,30,27,11,8.7,44,6.0,4,28.1,29.1,12,37,8.6,App,Moda,Android,0
1078,37,33,10,9.7,31,5.0,2,125.81,38.8,9,71,6.9,App,Tecnología,iOS,0
1079,42,15,17,18.7,31,3.0,4,129.97,4.5,13,46,9.6,Web,Hogar,Android,0
1080,32,47,11,11.5,31,3.0,4,15.98,12.0,7,65,6.6,Web,Hogar,iOS,0
1081,40,32,14,19.2,40,4.0,3,19.77,37.7,7,55,6.0,App,Bienestar,iOS,0
1082,28,13,14,35.3,27,4.0,1,73.03999999999999,27.7,10,42,6.7,Web,Bienestar,Android,0
1083,31,11,11,11.0,39,3.0,5,86.82,26.6,9,43,5.1,App,Deporte,iOS,1
1084,31,18,12,19.7,24,4.0,3,57.68,10.3,7,37,4.7,App,Tecnología,iOS,0
1085,22,27,19,39.1,33,2.0,2,73.65,12.3,5,117,8.2,Web,Deporte,iOS,0
1086,40,30,12,25.3,39,6.0,2,65.46,20.3,10,61,7.8,App,Hogar,iOS,0
1087,30,32,13,19.1,28,6.0,1,76.1,51.0,16,35,5.5,App,Hogar,Android,0
1088,35,70,10,20.7,43,2.0,4,45.69,23.2,7,74,8.0,App,Bienestar,Android,0
1089,40,5,9,25.4,38,4.0,3,74.5,22.7,12,21,8.0,Tablet,Bienestar,Android,0
1090,40,20,14,35.6,41,3.0,1,51.76,45.7,4,39,6.5,App,Hogar,Android,0
1091,42,67,9,17.8,31,9.0,2,49.44,11.0,6,21,6.0,App,Bienestar,Android,0
1092,34,34,17,15.9,31,3.0,2,26.86,14.4,8,34,8.4,App,Tecnología,Android,0
1093,30,10,12,11.0,37,5.0,1,68.1,12.2,7,26,7.9,App,Tecnología,Web,0
1094,34,24,15,22.8,51,9.0,2,116.64,35.5,10,35,9.7,App,Moda,Android,1
1095,18,19,17,10.8,40,7.0,5,62.7,43.9,9,21,7.9,App,Deporte,iOS,0
1096,19,19,8,18.3,35,8.0,3,61.75,17.9,6,39,4.8,App,Moda,Android,1
1097,20,15,13,14.7,38,3.0,1,149.63,26.6,5,12,5.2,App,Tecnología,iOS,0
1098,24,23,7,30.6,27,5.0,3,131.79,64.6,9,28,7.0,Web,Deporte,Android,0
1099,39,42,8,17.9,34,6.0,2,194.71,31.6,6,23,8.4,App,Moda,Web,0
1100,25,16,16,25.2,41,5.0,4,259.53,41.0,13,3,7.7,Web,Deporte,Android,1
1101,31,32,9,9.2,37,6.0,2,77.49,21.1,8,63,6.4,App,Hogar,Android,0
1102,49,36,12,23.1,22,2.0,2,39.69,7.5,6,89,4.9,App,Deporte,Web,0
1103,31,47,9,12.4,30,4.0,4,56.31,27.7,8,44,9.4,Web,Deporte,Android,0
1104,43,11,9,18.6,38,3.0,4,102.78,23.6,5,33,9.3,App,Deporte,Android,0
1105,25,22,15,39.7,35,6.0,6,73.03999999999999,34.4,8,23,5.3,Web,Deporte,Android,0
1106,33,13,19,29.5,38,5.0,1,42.12,50.2,8,38,8.2,App,Hogar,Android,0
1107,25,23,8,21.0,27,9.0,7,86.31,43.8,14,51,7.7,App,Hogar,Android,0
1108,31,23,9,47.6,39,3.0,2,48.49,16.9,7,61,8.3,Web,Tecnología,Android,0
1109,44,9,14,14.7,36,3.0,8,69.19,3.0,5,52,9.4,App,Tecnología,Android,1
1110,18,24,12,31.3,37,6.0,10,68.62,11.9,5,21,9.3,App,Deporte,Android,0
1111,40,72,15,9.7,31,4.0,3,92.49,9.2,8,25,8.0,Tablet,Bienestar,iOS,0
1112,38,30,11,20.0,34,5.0,3,229.35,18.1,5,15,7.0,App,Moda,iOS,0
1113,28,8,7,11.2,26,8.0,4,97.4,18.1,8,19,6.9,App,Deporte,iOS,1
1114,19,11,11,24.1,30,5.0,3,59.21,53.1,6,51,7.0,App,Deporte,Android,0
1115,36,21,18,22.4,31,8.0,3,54.07,39.6,5,32,10.0,Tablet,Bienestar,iOS,0
1116,29,11,11,19.5,28,3.0,1,67.53,27.9,5,52,7.4,Web,Bienestar,Web,0
1117,38,45,10,30.7,39,3.0,6,46.44,48.7,6,58,8.4,App,Bienestar,Web,0
1118,35,7,13,17.5,28,7.0,5,80.99,35.1,13,36,7.9,App,Tecnología,Web,0
1119,53,30,16,24.6,41,2.0,4,19.91,5.5,8,54,5.9,Tablet,Deporte,Android,0
1120,32,6,8,28.6,40,3.0,2,66.78,29.6,12,28,8.0,Tablet,Moda,Web,0
1121,24,21,12,10.1,34,5.0,4,69.75,41.9,10,37,6.4,Web,Tecnología,Android,0
1122,37,10,15,16.0,31,0.0,5,39.61,19.3,9,12,6.0,App,Hogar,Android,0
1123,37,33,10,22.4,33,4.0,3,60.78,39.1,11,27,8.1,Web,Tecnología,Android,0
1124,50,41,9,27.0,35,7.0,3,138.86,51.4,3,19,5.5,Web,Hogar,Android,0
1125,44,27,15,33.4,27,3.0,5,144.48,30.3,5,10,8.5,App,Hogar,iOS,1
1126,39,42,14,20.3,36,7.0,2,55.94,52.5,1,41,8.1,App,Tecnología,Web,1
1127,51,2,14,19.5,33,5.0,3,100.02,57.8,8,30,9.1,App,Deporte,iOS,0
1128,22,24,9,15.0,31,4.0,4,32.89,39.0,10,25,8.0,App,Tecnología,iOS,0
1129,28,29,16,24.6,46,6.0,1,63.73,4.2,9,26,6.0,Web,Bienestar,Android,0
1130,25,32,16,19.6,46,1.0,3,85.15,17.5,9,13,8.9,App,Tecnología,iOS,1
1131,31,4,13,19.8,29,8.0,1,173.69,44.6,8,48,8.9,Web,Deporte,Android,0
1132,20,28,11,21.2,32,7.0,6,144.54,18.5,11,48,8.6,App,Hogar,Android,0
1133,42,32,10,26.4,23,5.0,2,84.13,6.4,14,21,8.3,Web,Hogar,Android,1
1134,33,24,12,17.5,28,2.0,5,45.43,7.6,9,15,7.3,Web,Hogar,Web,1
1135,19,8,17,15.8,39,5.0,5,158.33,35.9,8,41,8.5,App,Bienestar,Android,0
1136,24,15,14,25.5,28,13.0,3,62.2,43.5,3,78,5.6,App,Moda,Web,0
1137,38,45,12,3.0,32,0.0,3,95.98,5.9,6,34,6.4,App,Tecnología,iOS,0
1138,44,42,10,17.2,32,4.0,1,70.11,17.6,5,52,6.1,App,Moda,Android,0
1139,57,29,13,12.8,38,5.0,8,224.35,21.3,4,24,5.1,Web,Deporte,iOS,0
1140,67,34,8,31.6,30,5.0,5,53.62,29.9,8,38,7.5,Web,Tecnología,iOS,1
1141,40,39,15,18.5,32,5.0,4,124.14,9.3,10,6,7.3,App,Hogar,Web,1
1142,24,29,12,17.5,32,2.0,1,73.03999999999999,47.9,9,23,9.2,Web,Tecnología,Android,0
1143,18,45,14,21.6,31,3.0,5,102.56,19.2,7,14,9.0,Web,Deporte,Android,1
1144,38,44,11,17.2,35,5.0,2,182.82,30.9,8,99,7.5,Web,Hogar,Android,1
1145,26,86,9,18.8,40,3.0,1,24.9,41.6,11,32,8.4,Tablet,Tecnología,Android,0
1146,30,15,6,22.8,34,5.0,1,72.35,29.7,13,129,7.2,App,Moda,iOS,1
1147,28,15,8,18.6,28,2.0,2,45.87,28.0,9,32,7.1,Web,Tecnología,iOS,0
1148,33,1,13,18.6,33,4.0,2,95.84,39.0,7,41,7.5,App,Moda,Android,1
1149,47,28,12,13.9,28,8.0,4,109.7,6.0,5,30,7.1,App,Bienestar,Web,0
1150,37,64,16,12.8,30,10.0,2,57.9,4.5,6,25,7.6,App,Tecnología,Android,0
1151,33,47,13,22.5,25,8.0,3,56.28,33.4,8,40,8.2,App,Hogar,Android,0
1152,24,36,10,24.5,30,4.0,10,83.9,41.7,10,50,5.6,Web,Tecnología,Android,0
1153,18,49,9,10.6,38,5.0,2,37.23,49.6,11,17,6.7,App,Deporte,iOS,1
1154,30,30,6,28.1,44,5.0,2,90.09,33.0,6,25,8.4,Web,Moda,iOS,1
1155,34,18,11,28.1,34,9.0,2,47.83,36.2,8,11,6.5,Web,Tecnología,iOS,1
1156,54,74,8,29.8,41,7.0,4,112.28,66.6,9,8,6.6,Tablet,Tecnología,Android,1
1157,36,28,9,24.4,33,7.0,4,36.33,30.3,6,50,8.7,App,Moda,Web,0
1158,46,43,10,27.1,37,0.0,6,54.9,36.1,5,47,6.3,Web,Deporte,Android,0
1159,30,2,19,39.5,37,5.0,0,49.62,54.7,8,28,7.9,App,Tecnología,iOS,1
1160,22,3,14,19.6,39,3.0,1,63.66,45.6,9,47,7.5,App,Tecnología,iOS,0
1161,24,24,12,13.6,34,4.0,1,159.89,16.5,12,51,8.5,App,Tecnología,Android,0
1162,27,11,17,9.7,36,8.0,1,119.43,41.8,10,63,7.2,App,Tecnología,Android,0
1163,58,26,12,36.0,35,9.0,3,57.61,32.6,11,6,6.2,App,Hogar,iOS,0
1164,26,15,13,36.2,26,3.0,3,57.58,7.1,5,33,6.4,App,Tecnología,Android,1
1165,44,93,13,14.6,34,4.0,5,122.05,30.4,4,14,9.6,App,Hogar,Android,0
1166,25,41,13,16.2,34,0.0,4,39.54,32.6,12,19,6.6,Web,Bienestar,Android,0
1167,45,52,8,19.4,35,6.0,1,75.93,21.1,6,18,6.5,App,Tecnología,iOS,0
1168,39,3,9,31.8,32,6.0,4,53.75,23.6,9,39,6.7,App,Moda,iOS,1
1169,33,36,12,11.7,37,1.0,3,68.24,23.7,10,22,6.9,App,Hogar,Web,0
1170,35,19,14,6.3,33,3.0,3,117.04,12.8,12,6,6.7,Web,Hogar,Web,0
1171,28,52,10,39.3,33,2.0,6,51.9,20.6,3,43,8.1,App,Bienestar,iOS,0
1172,40,33,9,24.5,35,5.0,3,128.16,13.0,13,14,7.4,Web,Deporte,Web,0
1173,30,21,11,25.6,33,5.0,6,251.45,35.1,13,15,6.5,App,Tecnología,Android,1
1174,22,8,7,20.4,42,3.0,3,104.55,18.0,4,140,7.3,Web,Moda,Android,0
1175,21,24,8,25.7,37,10.0,4,71.61,25.9,5,72,7.7,App,Deporte,iOS,0
1176,37,45,7,9.9,39,4.0,3,141.73,7.6,7,22,9.2,Web,Moda,iOS,0
1177,52,54,9,15.3,30,6.0,1,40.76,25.1,10,16,7.7,App,Tecnología,iOS,1
1178,37,17,9,22.8,37,5.0,5,173.14,34.5,9,49,7.1,App,Tecnología,iOS,1
1179,34,84,7,3.8,42,1.0,1,49.57,15.8,11,161,7.0,App,Bienestar,Android,0
1180,38,43,16,19.6,37,5.0,2,247.14,40.4,0,83,7.5,Web,Hogar,Android,1
1181,49,11,9,19.1,37,7.0,1,50.56,13.9,3,52,7.8,App,Deporte,Android,0
1182,37,9,9,19.6,33,11.0,3,107.92,44.7,10,83,7.3,App,Deporte,Android,0
1183,30,20,11,17.6,37,3.0,3,31.81,83.1,7,45,6.7,App,Deporte,Android,0
1184,47,17,13,14.0,40,3.0,1,66.7,25.0,2,79,8.2,App,Moda,iOS,0
1185,40,30,14,7.4,36,3.0,3,41.42,49.5,7,20,7.9,Web,Tecnología,iOS,0
1186,52,22,13,23.2,31,6.0,3,33.94,22.6,8,62,7.3,Web,Bienestar,Android,0
1187,37,18,9,19.6,51,12.0,1,145.55,29.5,4,31,8.2,Web,Tecnología,iOS,0
1188,22,6,14,11.0,39,4.0,2,38.18,29.0,5,51,7.2,Web,Deporte,Android,0
1189,20,33,11,22.5,38,6.0,2,50.06,24.9,5,85,7.3,Web,Bienestar,Android,0
1190,53,6,16,19.6,42,5.0,2,46.95,45.3,7,27,8.2,App,Moda,iOS,0
1191,54,43,10,18.3,45,9.0,0,140.37,42.6,3,19,8.4,App,Deporte,iOS,1
1192,33,4,7,4.7,42,6.0,0,131.25,49.5,5,65,8.2,App,Bienestar,iOS,0
1193,31,5,10,27.5,38,10.0,1,150.83,26.2,9,39,6.2,Web,Tecnología,Android,0
1194,51,11,12,12.1,38,7.0,3,48.66,16.2,7,41,7.8,Web,Hogar,Android,0
1195,23,16,11,22.5,42,6.0,3,157.55,39.2,13,18,7.4,App,Bienestar,iOS,0
1196,25,14,20,15.5,40,3.0,2,48.44,38.1,7,49,7.8,App,Moda,Android,0
1197,42,16,11,18.9,33,6.0,4,49.52,16.3,12,58,9.9,App,Hogar,Web,0
1198,31,26,17,31.2,35,7.0,3,51.07,26.8,12,22,7.0,App,Bienestar,Android,0
1199,35,11,16,26.3,37,3.0,4,52.1,28.8,12,31,7.3,App,Moda,Android,0
1200,33,26,14,31.0,37,5.0,5,71.35,22.4,2,22,6.5,Web,Bienestar,iOS,0
1201,39,2,12,24.6,27,4.0,5,47.29,44.4,15,46,7.0,App,Deporte,iOS,0
1202,50,11,16,25.2,30,6.0,5,85.18,52.0,8,72,6.4,App,Tecnología,iOS,0
1203,36,5,10,7.8,35,8.0,4,17.86,56.1,8,2,5.8,Web,Bienestar,iOS,0
1204,42,42,11,19.5,32,5.0,1,85.03,21.1,13,24,4.6,Web,Moda,iOS,0
1205,18,12,7,20.2,36,5.0,1,41.19,13.5,10,98,6.3,Tablet,Deporte,Web,0
1206,34,32,17,31.8,32,8.0,1,51.9,3.7,9,29,6.4,App,Tecnología,iOS,0
1207,26,4,11,18.0,42,4.0,7,52.59,6.0,7,39,7.2,App,Bienestar,iOS,1
1208,22,53,17,24.1,42,5.0,6,125.99,13.1,4,132,6.5,Web,Deporte,Android,0
1209,25,23,16,23.8,34,7.0,2,98.99,20.9,6,91,8.7,Tablet,Tecnología,iOS,0
1210,31,21,17,31.3,27,7.0,4,68.47,45.4,12,47,7.6,App,Deporte,iOS,1
1211,45,6,12,20.9,41,4.0,4,50.61,13.6,5,30,8.3,Web,Bienestar,iOS,0
1212,20,10,16,28.6,45,5.0,4,115.36,33.2,7,57,8.7,App,Deporte,Android,0
1213,35,18,10,8.4,34,3.0,4,201.26,57.4,6,22,9.2,App,Moda,iOS,1
1214,30,10,7,9.1,44,2.0,3,73.85,29.3,6,23,7.3,Web,Moda,Android,0
1215,31,40,13,3.7,31,3.0,3,31.14,17.9,6,14,6.1,App,Deporte,iOS,1
1216,46,23,7,28.3,31,1.0,4,50.95,16.8,14,20,8.5,Web,Moda,iOS,0
1217,41,10,12,27.4,32,4.0,3,102.01,13.0,10,29,7.7,App,Tecnología,Web,0
1218,50,36,12,29.2,29,10.0,4,58.79,43.1,10,45,9.2,App,Hogar,Android,0
1219,33,17,8,16.6,32,3.0,4,46.77,17.7,7,48,7.3,Web,Bienestar,Android,0
1220,27,35,16,17.5,44,3.0,4,45.66,50.3,9,27,8.9,Web,Tecnología,Android,0
1221,33,15,13,21.0,35,3.0,6,78.88,23.4,7,39,7.4,Tablet,Hogar,iOS,1
1222,38,31,16,33.5,40,6.0,5,32.26,35.0,10,76,7.5,Web,Tecnología,Android,1
1223,37,16,11,35.6,32,6.0,2,73.58,12.9,6,55,8.2,App,Bienestar,Android,0
1224,23,40,11,28.4,36,5.0,2,78.74,44.2,6,19,6.9,App,Tecnología,Android,1
1225,36,4,7,24.6,38,6.0,1,58.57,48.8,8,33,8.1,App,Deporte,iOS,1
1226,38,8,11,32.7,35,5.0,2,42.26,11.8,7,69,5.2,App,Hogar,Android,1
1227,63,19,9,20.0,46,0.0,4,131.32,43.5,2,21,8.0,Web,Hogar,Android,1
1228,56,13,13,18.9,34,5.0,6,36.03,25.1,8,18,5.5,App,Tecnología,Android,0
1229,26,16,12,21.0,33,9.0,3,82.47,40.9,8,22,8.1,App,Bienestar,iOS,0
1230,32,33,15,14.2,37,3.0,6,111.92,4.6,11,30,2.9,App,Hogar,Android,1
1231,19,16,24,20.6,36,4.0,7,81.87,22.9,4,18,4.8,App,Hogar,Android,0
1232,29,27,13,13.1,35,7.0,2,147.62,20.4,6,23,7.4,Web,Tecnología,iOS,0
1233,38,11,10,30.2,35,5.0,5,40.17,16.0,4,77,7.4,App,Deporte,Android,0
1234,48,3,10,26.3,32,5.0,1,48.54,15.3,6,70,6.9,Web,Tecnología,Android,0
1235,27,35,7,33.4,36,4.0,3,58.2,7.1,9,6,8.3,App,Moda,iOS,1
1236,28,61,12,9.0,36,5.0,5,458.23,63.4,11,9,8.6,Web,Deporte,Android,1
1237,18,25,14,37.2,35,4.0,2,99.16,28.0,9,55,10.0,App,Deporte,Android,0
1238,33,20,9,9.4,33,6.0,1,109.92,47.6,6,21,7.4,App,Tecnología,Android,1
1239,23,23,18,12.4,32,4.0,5,107.43,36.3,5,17,8.7,Web,Moda,iOS,0
1240,29,49,17,17.0,32,3.0,2,78.32,36.2,10,43,6.1,App,Tecnología,Android,0
1241,25,25,9,32.5,29,5.0,3,133.58,41.5,4,50,6.5,App,Bienestar,iOS,0
1242,34,36,14,23.8,34,3.0,6,26.81,40.8,13,54,6.2,Web,Moda,Android,0
1243,18,35,13,20.0,37,3.0,3,87.34,44.2,5,52,7.1,App,Tecnología,Web,1
1244,19,42,12,15.7,33,8.0,7,94.92,44.2,8,45,7.6,App,Deporte,Android,0
1245,58,20,11,11.0,35,3.0,3,131.33,24.0,9,28,8.8,App,Bienestar,Android,1
1246,21,15,13,31.1,50,9.0,3,39.72,26.9,11,60,7.8,App,Tecnología,Android,0
1247,23,31,11,28.4,38,4.0,1,41.36,30.0,11,58,9.2,App,Tecnología,iOS,0
1248,55,40,12,32.8,31,6.0,2,42.82,15.1,7,65,9.2,App,Hogar,Android,0
1249,67,45,14,25.2,34,5.0,2,99.96,10.3,14,18,7.4,App,Tecnología,Android,1
1250,22,53,11,3.0,41,9.0,2,100.75,3.8,11,17,7.2,Web,Moda,iOS,0
1251,31,38,12,12.0,44,2.0,1,44.48,19.3,8,135,5.2,App,Bienestar,Android,0
1252,39,14,14,25.7,31,2.0,1,214.94,27.7,4,65,6.5,App,Hogar,iOS,0
1253,54,25,16,19.0,33,1.0,4,87.79,27.2,7,22,6.2,Web,Bienestar,Android,0
1254,24,24,10,17.5,30,3.0,6,80.3,30.6,11,28,6.2,Web,Tecnología,Android,1
1255,32,22,13,13.2,32,5.0,5,66.91,25.9,4,51,6.7,Web,Bienestar,Web,1
1256,44,31,13,29.6,30,5.0,3,125.12,21.5,8,55,8.0,Web,Hogar,Android,0
1257,40,19,8,25.6,34,5.0,4,92.92,30.0,11,8,7.7,App,Bienestar,Android,1
1258,31,19,8,26.0,34,5.0,1,212.07,19.4,8,42,8.7,App,Bienestar,iOS,0
1259,34,63,14,16.9,39,3.0,3,38.47,10.6,14,58,7.8,Web,Hogar,iOS,0
1260,20,21,11,23.4,30,6.0,9,32.05,38.1,10,23,6.5,App,Tecnología,iOS,0
1261,32,42,15,11.3,37,7.0,2,49.92,16.1,6,8,8.4,App,Hogar,iOS,1
1262,32,43,20,21.0,34,5.0,4,101.68,24.8,11,53,7.3,App,Hogar,Android,1
1263,38,25,15,3.0,33,10.0,5,59.27,57.7,10,12,8.7,Web,Bienestar,Android,1
1264,29,19,10,9.5,31,9.0,1,150.89,22.5,6,73,6.2,Web,Moda,iOS,0
1265,40,11,7,19.4,41,6.0,2,60.4,31.5,8,16,4.1,Web,Deporte,iOS,0
1266,46,5,8,41.0,30,5.0,7,135.98,11.2,9,39,8.1,Web,Deporte,Android,0
1267,37,32,8,7.6,33,10.0,7,47.49,52.2,6,9,6.9,App,Hogar,iOS,0
1268,39,28,19,12.1,33,5.0,4,143.76,26.1,9,38,8.9,Web,Moda,iOS,1
1269,36,35,13,23.7,39,3.0,5,159.26,28.9,9,33,8.6,App,Tecnología,Android,0
1270,35,15,16,36.2,40,3.0,5,54.97,12.7,4,28,5.9,App,Moda,Android,1
1271,27,67,15,23.6,38,6.0,3,98.17,10.6,6,23,9.4,Web,Moda,iOS,1
1272,38,30,13,27.6,35,5.0,3,86.9,8.7,7,29,4.7,App,Moda,Android,0
1273,34,20,8,19.3,31,7.0,6,99.65,17.6,5,23,8.0,Web,Tecnología,Android,0
1274,58,3,17,17.9,32,3.0,4,152.01,46.4,8,51,9.3,App,Deporte,iOS,1
1275,52,17,10,22.7,41,4.0,2,128.09,59.3,12,40,5.9,App,Tecnología,Android,0
1276,39,37,6,16.7,42,3.0,1,99.51,57.7,5,37,10.0,App,Hogar,iOS,0
1277,27,52,11,27.8,47,5.0,3,108.0,26.2,5,38,7.5,App,Moda,iOS,1
1278,23,22,11,9.1,21,6.0,4,37.31,9.9,8,25,7.3,App,Hogar,Android,0
1279,48,57,11,29.1,42,5.0,2,73.33,20.5,12,43,8.9,Web,Tecnología,iOS,0
1280,38,11,10,22.3,23,5.0,2,40.92,9.6,8,58,7.9,App,Bienestar,iOS,1
1281,40,29,10,20.3,33,5.0,6,74.25,28.4,9,47,5.4,App,Tecnología,Android,0
1282,18,29,7,8.9,26,6.0,2,138.62,26.7,10,57,2.8,Tablet,Deporte,iOS,0
1283,45,33,17,14.2,29,3.0,5,74.71,13.0,4,50,5.9,Tablet,Hogar,Android,1
1284,40,24,40,31.6,33,5.0,3,162.34988342409534,13.7,5,42,6.1,Web,Hogar,iOS,0
1285,23,28,40,20.3,40,7.0,2,238.3100068450773,28.5,4,14,6.0,App,Tecnología,Android,0
1286,30,10,13,24.2,39,5.0,2,103.24,22.6,6,20,6.4,Web,Tecnología,Android,0
1287,38,49,13,15.0,38,9.0,0,55.76,35.8,11,9,3.3,App,Tecnología,Android,0
1288,36,39,10,21.8,36,7.0,2,73.03999999999999,47.7,6,58,5.6,Web,Tecnología,iOS,1
1289,32,27,12,11.0,33,4.0,2,38.61,18.5,9,14,8.1,App,Tecnología,iOS,0
1290,34,40,10,22.8,32,5.0,3,92.52,4.7,10,19,8.8,Web,Moda,iOS,0
1291,32,50,7,25.0,36,3.0,3,95.11,51.4,6,26,6.3,App,Tecnología,Web,1
1292,37,32,14,24.6,26,7.0,2,115.81,59.1,8,27,8.3,App,Hogar,iOS,1
1293,51,72,20,14.8,33,2.0,3,52.31,42.7,9,30,3.7,App,Deporte,iOS,0
1294,18,34,9,19.3,32,4.0,2,115.17,13.6,5,59,7.7,Web,Tecnología,Android,0
1295,32,12,13,26.3,25,6.0,3,171.76,11.8,6,42,9.0,App,Deporte,iOS,0
1296,37,26,10,20.3,29,3.0,1,21.49,26.6,5,48,8.0,App,Hogar,Android,0
1297,38,41,9,19.7,36,5.0,4,77.16,20.5,5,17,7.3,App,Bienestar,iOS,0
1298,31,50,19,37.2,38,5.0,2,27.77,47.2,8,49,3.7,Web,Tecnología,Web,0
1299,18,25,12,14.4,33,7.0,1,46.73,33.6,10,17,9.9,Web,Tecnología,iOS,0
1300,39,11,10,30.6,31,0.0,2,48.88,20.5,7,29,10.0,App,Tecnología,Android,0
1301,54,19,11,12.8,35,2.0,1,72.31,49.2,9,22,8.3,Web,Hogar,iOS,0
1302,18,7,13,27.2,32,3.0,5,92.31,11.6,7,23,9.2,App,Tecnología,Android,1
1303,45,36,17,27.7,30,4.0,3,123.38,50.8,6,115,7.3,App,Deporte,iOS,0
1304,31,16,14,17.9,34,3.0,3,86.72,18.4,10,24,8.4,Web,Moda,iOS,0
1305,34,13,13,12.3,30,4.0,4,108.63,50.6,10,7,8.5,Web,Deporte,iOS,0
1306,23,38,15,6.2,31,7.0,1,41.44,12.8,6,57,7.2,Tablet,Hogar,Android,0
1307,31,56,12,17.1,31,2.0,4,134.11,22.1,9,31,6.1,App,Hogar,iOS,1
1308,49,13,8,26.2,36,3.0,4,12.24,30.1,10,47,8.5,App,Tecnología,Android,1
1309,41,25,18,13.4,47,5.0,2,173.67,89.1,6,19,9.9,App,Bienestar,Android,1
1310,54,19,23,22.8,36,4.0,1,157.35,26.0,5,30,9.0,Web,Hogar,Android,0
1311,48,51,14,10.2,31,6.0,1,113.3,64.2,3,33,7.8,App,Bienestar,iOS,0
1312,40,21,14,20.1,36,2.0,1,255.55,41.2,7,33,7.7,App,Bienestar,Android,1
1313,54,10,13,12.8,35,8.0,2,27.81,8.3,9,31,7.3,Web,Tecnología,iOS,0
1314,40,22,9,21.4,41,4.0,6,115.14,68.3,10,54,4.1,App,Bienestar,iOS,0
1315,44,45,12,18.0,29,2.0,3,80.79,15.2,6,59,7.2,App,Moda,iOS,0
1316,32,19,13,12.5,41,3.0,4,85.78,7.2,6,18,7.0,App,Deporte,iOS,0
1317,36,14,15,16.7,42,0.0,1,39.55,44.7,6,57,5.6,App,Moda,Web,0
1318,27,20,14,14.5,45,6.0,6,93.19,26.9,8,20,8.8,Web,Hogar,Web,1
1319,46,10,17,11.5,41,9.0,4,90.81,17.4,11,45,7.7,Web,Deporte,Android,0
1320,22,19,22,30.7,34,4.0,2,73.03999999999999,19.9,14,6,3.6,App,Hogar,iOS,0
1321,44,15,13,19.1,22,5.0,2,72.22,18.0,13,55,7.6,App,Bienestar,Android,0
1322,33,79,12,4.4,40,10.0,1,36.4,33.6,11,42,9.1,App,Deporte,Android,1
1323,48,4,12,17.0,42,6.0,3,60.34,10.1,6,21,6.5,Tablet,Tecnología,Android,0
1324,43,12,18,29.3,48,4.0,1,127.22,10.8,11,35,5.9,App,Moda,iOS,0
1325,55,14,8,15.9,37,6.0,3,128.63,25.8,7,31,5.5,App,Moda,iOS,1
1326,43,10,11,34.0,39,7.0,1,114.47,41.7,6,37,7.4,App,Bienestar,iOS,0
1327,18,29,13,15.1,33,6.0,4,127.19,2.1,15,38,6.3,Web,Tecnología,Android,1
1328,34,13,8,26.0,40,7.0,4,128.11,26.0,8,31,5.2,App,Moda,Android,0
1329,22,7,13,30.3,31,9.0,2,52.64,30.6,4,79,9.6,Tablet,Deporte,Web,0
1330,29,23,10,25.6,36,10.0,3,90.4,18.2,9,25,7.6,Tablet,Moda,iOS,1
1331,52,18,20,11.0,35,3.0,1,136.35,21.3,9,44,7.3,App,Deporte,Web,0
1332,42,13,21,14.5,41,3.0,5,35.12,30.7,12,41,9.6,Web,Hogar,Android,1
1333,27,50,15,31.4,25,4.0,5,35.01,25.9,14,26,7.7,App,Tecnología,Android,0
1334,24,30,13,15.6,42,5.0,5,33.96,33.1,7,73,7.1,App,Hogar,iOS,0
1335,35,28,5,29.8,32,5.0,3,28.09,19.8,9,17,7.6,App,Moda,iOS,0
1336,22,30,5,18.6,28,5.0,4,42.08,20.3,9,50,6.6,App,Tecnología,Android,0
1337,28,29,12,23.1,34,5.0,5,56.18,26.0,9,44,7.1,Web,Bienestar,Android,0
1338,38,19,11,10.9,42,3.0,2,172.3,38.7,16,42,8.1,Web,Hogar,iOS,1
1339,48,13,17,17.1,41,4.0,0,58.96,14.7,11,34,9.7,Web,Tecnología,Android,1
1340,42,24,12,15.0,40,7.0,4,32.57,22.4,11,57,6.5,App,Bienestar,Android,1
1341,18,18,11,23.8,32,2.0,8,82.18,32.7,15,14,8.2,Web,Tecnología,Web,0
1342,38,4,5,22.7,37,9.0,3,67.6,6.9,9,20,5.2,App,Tecnología,Android,0
1343,36,10,12,25.7,27,3.0,3,48.78,29.8,6,43,8.0,Web,Tecnología,iOS,0
1344,40,17,24,18.1,51,7.0,2,54.26,22.0,8,21,9.8,App,Deporte,Android,1
1345,53,39,14,14.6,30,7.0,3,134.88,65.2,11,18,7.3,Web,Hogar,Web,0
1346,18,24,22,23.5,35,5.0,4,34.54,17.7,11,68,6.5,App,Moda,iOS,0
1347,28,11,12,13.8,31,4.0,7,30.0,4.8,10,70,6.6,Web,Deporte,Web,0
1348,41,9,12,30.6,32,5.0,2,96.96,11.3,10,45,8.0,App,Tecnología,iOS,0
1349,18,44,9,21.1,38,6.0,3,53.51,5.6,7,21,7.4,Web,Deporte,iOS,0
1350,51,19,17,19.4,32,3.0,0,176.13,16.8,6,25,6.7,Web,Bienestar,Android,0
1351,39,1,9,25.7,49,3.0,3,68.9,26.9,4,38,8.2,App,Bienestar,iOS,0
1352,44,20,7,21.4,54,2.0,1,70.97,33.3,6,30,6.1,App,Tecnología,Android,0
1353,29,34,13,8.7,32,4.0,7,115.59,12.1,7,51,8.5,Web,Bienestar,iOS,1
1354,44,9,18,13.5,32,4.0,3,29.9,54.9,3,16,6.9,Tablet,Hogar,Web,0
1355,47,23,8,30.5,30,7.0,3,90.3,23.9,6,16,8.2,App,Hogar,Android,0
1356,38,24,21,22.7,29,7.0,2,61.34,1.6,17,31,8.5,App,Deporte,Android,0
1357,38,9,10,8.5,34,8.0,4,131.92,18.2,7,70,4.6,Tablet,Moda,Android,0
1358,38,47,9,24.8,36,5.0,2,52.55,7.5,4,44,7.2,App,Hogar,iOS,0
1359,26,24,11,17.5,24,7.0,1,82.66,26.3,9,36,5.2,App,Moda,Web,0
1360,33,17,11,15.0,30,5.0,3,61.56,46.8,11,36,4.9,Tablet,Tecnología,iOS,0
1361,33,19,8,12.8,37,5.0,3,94.12,17.8,12,68,7.0,App,Hogar,iOS,0
1362,39,8,11,30.0,33,3.0,3,73.03999999999999,14.3,9,90,7.7,Web,Bienestar,Android,0
1363,46,8,5,6.3,34,8.0,3,86.64,55.5,7,15,5.1,Web,Hogar,Android,0
1364,23,16,19,15.3,30,6.0,0,196.72,31.2,10,39,7.7,Web,Moda,Android,0
1365,34,16,14,23.0,48,5.0,1,64.08,18.8,11,41,6.1,App,Tecnología,Android,1
1366,51,18,9,34.6,34,9.0,7,93.6,36.5,6,25,7.4,Web,Tecnología,iOS,1
1367,27,49,12,26.4,42,4.0,6,263.76,23.4,8,19,10.0,App,Tecnología,iOS,0
1368,26,33,12,15.2,37,7.0,3,92.94,26.1,7,8,6.9,App,Moda,Android,0
1369,37,5,9,34.2,25,6.0,0,19.66,53.1,9,35,5.7,App,Tecnología,iOS,0
1370,44,44,9,11.2,37,7.0,4,51.99,28.2,8,87,7.3,App,Deporte,iOS,0
1371,35,15,10,24.1,42,7.0,4,38.68,55.8,4,57,7.0,App,Tecnología,iOS,0
1372,50,35,13,25.9,36,3.0,0,124.53,25.1,2,35,6.8,Tablet,Tecnología,Android,0
1373,44,16,15,15.0,39,7.0,3,71.23,57.9,5,43,7.3,App,Moda,Android,0
1374,44,23,9,27.6,28,2.0,5,134.62,5.9,4,34,7.3,Tablet,Deporte,Android,0
1375,41,8,10,17.9,34,7.0,4,104.99,23.9,4,34,5.6,App,Bienestar,Android,0
1376,61,27,9,27.6,29,5.0,4,104.74,7.9,11,57,8.5,App,Moda,Android,0
1377,33,37,5,7.3,39,6.0,3,38.27,8.6,15,36,9.1,Web,Hogar,Web,0
1378,18,6,13,24.7,28,4.0,1,99.01,42.5,14,15,6.8,App,Tecnología,Web,0
1379,53,38,13,18.7,26,4.0,7,159.03,26.4,7,17,7.8,Web,Deporte,iOS,0
1380,30,13,12,31.2,33,6.0,2,33.84,13.5,7,26,4.4,Web,Hogar,iOS,0
1381,36,59,17,21.6,33,4.0,4,63.0,38.0,10,42,7.3,App,Tecnología,iOS,0
1382,49,35,14,32.0,43,9.0,3,91.14,7.5,8,18,10.0,App,Deporte,iOS,0
1383,18,31,14,26.1,43,5.0,2,79.15,55.6,11,8,8.4,Web,Moda,iOS,1
1384,21,19,17,21.0,33,3.0,2,165.28,15.9,6,27,7.5,Web,Hogar,Web,1
1385,18,88,11,28.3,38,3.0,6,111.96,46.0,3,46,7.2,App,Moda,Android,1
1386,26,16,40,28.4,31,3.0,3,674.5039281672008,9.0,10,60,6.9,Web,Tecnología,iOS,1
1387,40,10,14,25.8,34,3.0,4,117.59,30.7,9,20,7.9,App,Moda,Android,0
1388,41,13,11,3.7,33,2.0,5,114.19,43.0,13,31,8.7,App,Tecnología,Android,1
1389,38,41,14,14.1,29,10.0,4,76.71,13.8,11,16,7.3,App,Moda,Android,0
1390,19,23,9,33.1,35,5.0,1,61.7,35.2,6,24,8.4,App,Hogar,iOS,0
1391,18,21,8,12.0,25,6.0,3,129.3,11.9,8,9,6.2,Tablet,Tecnología,Android,0
1392,36,16,14,29.1,39,9.0,4,49.84,34.4,6,13,6.7,App,Tecnología,Web,0
1393,30,20,14,27.7,35,6.0,3,72.08,6.0,6,13,5.7,Web,Moda,iOS,0
1394,40,15,13,16.2,38,4.0,4,39.7,34.4,12,62,7.5,App,Bienestar,Android,0
1395,43,33,13,6.0,32,7.0,5,112.16,40.4,11,18,7.3,Tablet,Hogar,iOS,1
1396,37,18,20,17.4,37,4.0,2,147.73,18.2,8,52,7.9,Web,Moda,iOS,0
1397,43,14,8,38.6,29,7.0,9,44.83,25.5,10,13,7.7,App,Bienestar,iOS,1
1398,38,39,11,15.1,37,6.0,1,68.91,19.9,7,32,8.3,App,Tecnología,Android,1
1399,41,10,11,15.6,18,5.0,2,73.03999999999999,22.9,8,39,10.0,App,Deporte,Android,0
1400,27,23,8,14.0,27,2.0,1,135.49,12.5,13,44,8.3,Web,Hogar,Android,0
1401,33,4,12,31.7,41,9.0,3,163.5,42.0,8,7,4.5,Web,Tecnología,iOS,1
1402,37,7,14,20.1,34,6.0,4,57.63,34.1,8,45,7.0,App,Tecnología,Android,0
1403,44,17,10,17.0,31,10.0,5,13.7,53.8,7,49,7.3,App,Bienestar,Android,0
1404,31,15,11,33.3,33,8.0,1,141.39,14.4,5,4,5.1,App,Moda,iOS,1
1405,41,15,10,26.6,33,5.0,3,76.88,39.3,4,17,8.5,Web,Deporte,Android,1
1406,32,35,11,14.6,42,2.0,1,77.05,25.4,12,47,9.8,Web,Deporte,iOS,0
1407,34,37,10,12.2,40,2.0,1,127.43,35.1,7,84,6.1,App,Hogar,iOS,1
1408,44,26,14,31.3,26,7.0,3,61.39,70.8,11,46,7.3,Web,Moda,Android,0
1409,18,10,9,22.1,40,8.0,2,53.03,45.8,7,4,8.8,Web,Moda,Web,0
1410,21,20,12,9.6,51,3.0,1,61.67,7.7,15,45,7.7,Web,Hogar,Android,0
1411,19,64,20,7.7,34,7.0,4,98.15,2.3,8,13,7.3,App,Tecnología,iOS,1
1412,18,83,14,13.1,36,6.0,4,121.62,30.3,9,39,6.2,App,Tecnología,iOS,1
1413,28,40,10,12.1,44,4.0,1,184.14,20.2,9,47,8.9,App,Moda,iOS,0
1414,43,10,11,5.6,32,4.0,4,93.63,9.1,8,39,9.1,Web,Moda,Android,0
1415,32,20,13,13.2,27,6.0,3,69.27,50.8,7,55,8.0,Web,Hogar,iOS,0
1416,37,25,15,14.6,34,9.0,4,122.11,30.1,6,19,7.7,Web,Tecnología,Web,0
1417,47,23,13,18.3,37,7.0,3,43.96,18.7,8,48,6.2,Web,Moda,Web,0
1418,50,42,14,35.5,35,4.0,1,163.72,16.9,8,26,8.6,App,Hogar,Android,0
1419,34,34,8,19.9,34,6.0,2,84.25,12.1,5,47,7.3,Tablet,Moda,Android,1
1420,50,10,8,20.7,26,3.0,3,66.14,27.7,10,14,7.1,Web,Moda,Android,0
1421,36,14,7,26.1,37,9.0,4,44.04,26.0,8,21,8.6,App,Bienestar,Web,0
1422,26,39,10,20.1,33,5.0,2,105.88,45.4,10,52,6.9,App,Tecnología,Web,0
1423,28,50,9,25.2,34,5.0,3,73.03999999999999,32.8,14,31,6.3,App,Deporte,Android,1
1424,19,25,11,24.2,44,7.0,4,71.21,47.0,5,19,8.8,Web,Moda,iOS,0
1425,25,54,15,23.0,30,3.0,8,29.91,27.0,10,53,5.2,Web,Hogar,Android,1
1426,31,24,13,44.1,27,5.0,1,59.05,28.5,10,21,8.3,App,Moda,iOS,0
1427,44,11,16,29.3,39,5.0,1,54.86,20.8,12,43,5.6,App,Hogar,Android,0
1428,54,32,10,13.3,31,2.0,5,94.41,13.3,9,21,4.8,App,Deporte,Android,0
1429,20,96,16,25.0,43,3.0,1,64.73,7.8,8,83,8.2,App,Moda,Android,0
1430,39,8,13,15.7,37,3.0,4,17.47,32.3,3,36,7.8,Web,Bienestar,iOS,0
1431,24,53,12,25.6,39,5.0,5,73.03999999999999,36.1,5,32,6.4,App,Bienestar,Android,0
1432,40,31,13,11.0,40,7.0,2,33.7,46.5,6,60,5.7,App,Bienestar,Android,0
1433,34,13,17,13.1,37,3.0,2,42.26,26.2,9,20,7.8,Web,Moda,iOS,0
1434,18,4,16,24.8,39,5.0,4,130.27,37.1,8,51,6.6,App,Deporte,Android,0
1435,45,3,5,30.0,36,4.0,4,29.62,41.2,8,18,8.4,Web,Moda,Android,0
1436,28,15,10,26.0,47,2.0,3,88.2,19.0,8,31,6.5,App,Moda,iOS,0
1437,29,28,18,28.8,34,4.0,3,56.74,44.4,8,23,6.7,App,Moda,Android,0
1438,23,38,9,25.0,27,5.0,3,51.03,15.2,3,13,8.9,Web,Hogar,Android,0
1439,28,43,15,23.4,39,0.0,5,43.77,13.7,9,14,5.9,Web,Moda,Web,0
1440,40,26,14,18.0,38,6.0,4,89.41,35.1,11,23,5.3,App,Tecnología,iOS,0
1441,33,24,6,28.5,43,3.0,2,95.1,36.3,4,49,6.0,Web,Tecnología,iOS,0
1442,39,17,7,30.2,40,7.0,6,29.04,19.5,8,135,7.6,App,Moda,Android,0
1443,39,28,8,21.5,39,9.0,2,141.21,8.0,6,14,10.0,App,Deporte,iOS,0
1444,50,13,8,21.1,39,9.0,1,39.06,6.4,3,30,7.5,App,Hogar,Android,0
1445,31,8,13,34.7,38,6.0,4,92.87,36.0,3,26,6.1,Web,Hogar,Web,0
1446,19,23,12,21.8,28,6.0,2,39.17,14.8,3,50,6.1,App,Tecnología,iOS,0
1447,47,36,11,22.6,32,5.0,5,58.27,21.6,9,70,7.9,App,Deporte,iOS,0
1448,31,7,15,25.9,38,6.0,3,37.12,69.0,4,37,4.9,App,Tecnología,Android,1
1449,47,15,11,21.2,39,10.0,3,56.07,6.7,10,14,4.7,Tablet,Moda,Android,0
1450,39,22,10,15.4,45,4.0,1,67.15,15.4,14,26,7.6,App,Deporte,Android,1
1451,34,22,13,25.0,36,9.0,1,39.86,33.3,5,44,8.5,App,Deporte,Android,1
1452,39,31,22,21.7,30,10.0,4,89.16,30.3,9,27,8.6,Web,Tecnología,Android,0
1453,56,63,10,36.7,31,6.0,0,95.82,23.1,10,16,7.8,App,Hogar,Android,0
1454,58,3,18,28.3,33,5.0,2,332.22,6.0,6,33,9.0,Tablet,Hogar,Android,1
1455,36,65,11,17.2,37,6.0,0,124.99,25.8,6,28,7.0,Web,Deporte,iOS,0
1456,37,61,11,27.8,30,7.0,3,143.24,49.6,7,39,6.8,App,Bienestar,Android,1
1457,47,38,17,24.5,38,5.0,2,28.35,29.4,9,52,7.2,App,Moda,Web,0
1458,26,25,14,32.5,29,4.0,4,25.54,8.5,3,68,7.7,App,Moda,iOS,0
1459,39,13,17,17.8,46,4.0,5,63.7,18.2,9,92,10.0,App,Moda,Android,0
1460,35,38,12,23.5,41,6.0,3,200.38,54.1,8,114,7.0,Web,Tecnología,Android,0
1461,38,26,17,21.2,42,4.0,1,292.48,62.8,7,11,7.6,Web,Deporte,Android,1
1462,26,17,10,22.5,34,4.0,1,51.38,34.7,10,41,9.7,App,Moda,Android,0
1463,18,37,5,14.9,38,5.0,10,54.33,26.6,12,8,8.1,App,Deporte,Android,0
1464,18,41,12,26.6,31,9.0,4,101.15,42.1,9,38,4.9,App,Bienestar,Android,1
1465,23,50,12,25.3,38,7.0,2,67.29,18.3,11,48,9.7,App,Deporte,Android,1
1466,30,12,7,32.3,41,4.0,2,68.23,37.2,7,12,7.8,Tablet,Deporte,Android,1
1467,32,46,13,21.9,26,4.0,2,106.34,16.9,12,94,3.3,Web,Tecnología,Android,0
1468,56,18,11,18.7,44,6.0,1,333.96,13.7,9,13,6.7,App,Tecnología,iOS,1
1469,47,25,8,28.3,30,2.0,2,153.7,6.4,10,16,6.3,App,Tecnología,iOS,0
1470,24,28,14,15.6,45,8.0,0,209.66,47.1,7,49,6.6,Tablet,Tecnología,Android,0
1471,39,44,16,30.7,46,6.0,0,27.2,22.7,7,41,7.3,App,Moda,iOS,1
1472,31,35,6,30.7,44,8.0,2,135.45,32.8,8,42,8.3,Web,Tecnología,Web,0
1473,32,17,18,32.1,38,3.0,7,44.48,49.3,5,3,9.1,App,Tecnología,Web,1
1474,37,3,16,25.0,24,6.0,4,188.58,11.9,4,44,9.1,App,Deporte,Android,0
1475,42,30,16,18.1,45,6.0,3,158.22,11.6,13,40,9.5,Web,Bienestar,Android,1
1476,31,24,8,22.9,37,5.0,2,104.54,57.4,10,22,7.0,Web,Tecnología,Android,1
1477,47,8,20,25.0,37,4.0,1,73.03999999999999,26.2,3,10,4.4,Web,Deporte,iOS,0
1478,22,26,10,17.5,20,3.0,2,57.48,31.6,11,32,3.8,App,Tecnología,iOS,0
1479,35,22,11,32.7,37,4.0,3,60.09,31.5,9,52,8.4,App,Bienestar,Android,1
1480,64,50,5,26.6,31,9.0,5,114.07,6.1,6,63,7.2,Web,Hogar,iOS,1
1481,37,67,15,14.9,43,6.0,2,93.66,39.8,6,27,9.4,App,Deporte,iOS,0
1482,51,41,7,37.1,28,0.0,1,163.78,40.5,4,69,7.9,App,Hogar,Android,0
1483,36,21,9,22.8,26,7.0,2,181.9,18.5,9,9,4.8,Tablet,Moda,Android,0
1484,41,23,17,13.2,31,3.0,6,47.11,26.6,3,53,6.5,Web,Deporte,Android,0
1485,34,12,15,15.4,37,6.0,3,97.4,36.3,8,31,7.9,Web,Bienestar,iOS,1
1486,33,14,9,33.9,40,4.0,6,96.75,27.4,9,8,5.7,App,Hogar,Android,1
1487,26,20,12,36.6,43,2.0,1,71.18,42.8,4,62,9.4,App,Moda,Android,0
1488,40,19,13,30.1,36,3.0,1,125.9,28.2,10,32,6.7,Web,Tecnología,Web,0
1489,26,7,9,32.6,19,7.0,2,98.25,19.4,7,55,6.8,App,Tecnología,Android,0
1490,42,50,15,31.7,22,7.0,1,54.68,20.7,8,30,5.1,Web,Deporte,Android,0
1491,47,54,13,26.5,41,6.0,0,69.36,31.7,7,29,10.0,App,Tecnología,iOS,0
1492,39,49,16,24.6,38,3.0,3,61.89,28.9,10,22,7.0,Web,Tecnología,Web,0
1493,32,56,17,26.3,42,3.0,3,50.27,22.3,1,33,7.7,Web,Tecnología,iOS,0
1494,40,79,6,27.9,31,6.0,4,71.56,44.6,4,43,6.2,App,Tecnología,iOS,0
1495,32,12,8,16.1,40,6.0,1,36.75,3.3,5,31,6.7,Web,Deporte,Android,0
1496,45,77,12,27.9,35,7.0,6,97.33,21.2,6,13,7.7,App,Tecnología,Android,0
1497,18,17,8,33.7,28,6.0,3,162.35,22.6,5,41,7.9,Web,Bienestar,Web,1
1498,31,33,18,20.3,32,4.0,5,77.11,28.6,5,41,8.1,App,Hogar,Web,0
1499,18,6,14,19.5,30,3.0,3,126.22,14.8,16,13,8.7,Web,Bienestar,Android,0
1500,19,16,7,25.8,30,7.0,8,81.69,15.8,6,20,8.3,Web,Hogar,iOS,0
1501,50,41,11,16.8,24,6.0,3,42.75,18.8,8,12,7.3,App,Moda,Android,1
1502,45,34,10,11.5,31,7.0,1,226.19,20.3,10,33,6.4,App,Moda,Android,0
1503,27,17,8,31.2,32,6.0,3,19.79,31.2,7,48,7.0,App,Hogar,iOS,0
1504,18,23,14,18.4,38,10.0,1,75.43,17.9,1,45,5.6,Web,Hogar,iOS,0
1505,18,14,11,22.1,31,7.0,3,49.15,28.4,5,9,6.6,Tablet,Tecnología,Android,0
1506,29,41,12,17.1,31,4.0,3,179.01,18.4,4,32,7.9,App,Bienestar,Android,0
1507,62,52,10,32.2,34,3.0,2,84.46,63.2,8,15,7.9,App,Bienestar,iOS,1
1508,40,12,12,28.8,45,7.0,1,305.82,17.6,11,11,8.2,App,Hogar,Android,1
1509,29,22,15,20.1,38,7.0,1,76.5,20.6,6,32,9.4,Web,Hogar,Android,1
1510,40,7,14,12.6,31,7.0,2,49.35,15.3,9,23,5.5,App,Hogar,Web,0
1511,18,26,13,19.2,39,6.0,1,29.28,5.3,11,86,4.7,App,Hogar,Web,0
1512,32,31,13,26.6,43,4.0,6,137.85,5.1,9,91,6.9,Web,Tecnología,Web,1
1513,36,27,16,23.5,42,3.0,6,47.39,11.0,6,48,9.4,Web,Deporte,iOS,1
1514,34,30,12,22.9,35,4.0,1,59.54,36.2,11,22,9.3,Web,Moda,Web,0
1515,44,20,12,23.7,56,4.0,7,147.37,5.4,8,7,7.6,App,Hogar,iOS,1
1516,39,21,9,28.1,32,12.0,1,133.87,8.0,10,21,6.9,App,Deporte,iOS,0
1517,42,20,18,21.7,31,6.0,1,53.63,33.1,12,53,7.7,App,Tecnología,iOS,0
1518,27,15,18,25.6,21,4.0,5,58.43,21.0,9,24,8.9,Web,Deporte,iOS,0
1519,45,17,15,14.1,39,5.0,4,28.55,40.2,14,9,6.2,Web,Hogar,Android,1
1520,53,30,15,42.4,28,5.0,3,24.21,38.4,5,77,6.5,App,Tecnología,Android,1
1521,24,50,15,19.7,29,4.0,6,114.15,41.0,14,17,7.4,Web,Tecnología,Web,1
1522,25,11,12,23.6,36,8.0,6,121.29,12.5,9,18,8.9,App,Hogar,iOS,0
1523,50,21,14,26.5,34,4.0,5,91.28,11.2,12,66,7.3,Web,Moda,Android,0
1524,33,9,11,18.7,41,7.0,8,83.13,6.9,6,37,4.5,App,Tecnología,Web,1
1525,50,15,16,22.1,38,5.0,1,50.86,30.4,6,38,8.5,App,Tecnología,iOS,0
1526,30,17,13,22.0,36,7.0,1,168.17,19.5,10,39,7.3,Web,Deporte,iOS,0
1527,51,25,12,14.7,43,6.0,2,28.11,12.1,11,15,8.2,App,Deporte,Web,0
1528,36,24,14,25.5,39,5.0,2,57.96,13.9,6,46,7.0,Web,Hogar,iOS,0
1529,38,22,12,8.8,39,5.0,6,81.93,27.4,5,58,8.0,App,Bienestar,Android,0
1530,52,29,14,36.0,45,11.0,4,74.98,56.0,8,34,7.4,App,Deporte,iOS,1
1531,31,11,10,28.3,38,13.0,5,74.92,25.2,6,28,6.5,App,Moda,Android,0
1532,25,25,8,27.1,26,4.0,3,56.37,38.9,10,70,6.2,Web,Bienestar,iOS,0
1533,30,35,9,8.1,37,1.0,3,100.99,22.1,9,54,7.0,Web,Moda,Android,1
1534,40,11,15,15.7,32,2.0,2,38.44,51.2,3,17,5.5,Web,Hogar,Android,0
1535,18,5,8,33.1,30,2.0,2,69.29,61.0,9,50,6.7,App,Moda,iOS,0
1536,42,41,6,55.2,34,7.0,3,95.11,31.7,11,29,6.8,Tablet,Hogar,Android,1
1537,29,9,4,31.6,35,3.0,4,62.46,20.4,9,38,8.8,App,Tecnología,Web,0
1538,48,15,21,30.3,35,5.0,1,75.2,31.2,5,88,8.2,Web,Tecnología,Android,0
1539,18,34,16,26.2,41,9.0,3,84.44,48.7,5,9,10.0,App,Tecnología,Android,1
1540,26,11,11,15.2,30,5.0,3,28.48,15.1,7,5,5.0,App,Hogar,Android,1
1541,18,39,10,30.0,29,5.0,2,29.98,20.3,3,20,6.9,App,Deporte,iOS,0
1542,26,13,5,13.2,34,5.0,0,80.73,36.0,9,28,9.0,App,Bienestar,iOS,0
1543,38,12,14,12.3,25,3.0,6,53.67,35.0,12,18,7.7,App,Moda,iOS,1
1544,33,9,9,11.8,39,7.0,4,55.48,46.0,8,47,7.0,Web,Tecnología,iOS,0
1545,32,13,18,29.8,37,6.0,3,102.56,45.6,13,43,6.0,App,Moda,iOS,0
1546,33,32,10,21.5,39,4.0,4,43.54,46.1,8,33,8.3,App,Bienestar,Web,0
1547,37,15,10,22.8,45,2.0,2,19.89,75.8,7,40,7.6,Tablet,Hogar,Android,0
1548,24,41,11,21.9,36,3.0,2,186.58,28.1,7,39,6.8,App,Bienestar,Android,0
1549,43,22,17,13.0,25,7.0,4,145.9,4.1,8,74,8.7,App,Moda,iOS,1
1550,42,24,20,16.6,29,4.0,3,144.88,4.3,14,16,10.0,App,Hogar,Web,0
1551,39,12,10,17.0,39,6.0,7,40.49,66.9,9,37,6.1,Web,Tecnología,iOS,1
1552,41,45,11,10.8,42,4.0,0,71.87,26.4,5,66,8.1,Web,Moda,Android,0
1553,38,35,16,18.0,38,6.0,5,37.33,23.2,7,27,7.5,App,Bienestar,iOS,1
1554,57,35,15,13.3,32,5.0,3,72.57,58.3,4,32,8.2,App,Tecnología,Android,0
1555,34,19,11,26.6,38,5.0,3,61.93,28.1,10,53,9.1,Tablet,Bienestar,Android,0
1556,32,8,11,27.3,37,5.0,4,41.45,17.6,3,6,9.3,App,Tecnología,iOS,0
1557,27,25,17,11.7,29,4.0,1,98.92,50.7,8,59,6.6,Web,Deporte,Android,0
1558,24,31,17,19.6,39,4.0,5,65.05,53.9,9,41,5.0,App,Deporte,iOS,0
1559,21,31,14,36.8,32,7.0,6,193.44,40.5,4,50,7.2,App,Tecnología,iOS,0
1560,25,28,5,14.2,30,7.0,3,78.62,35.4,10,48,7.2,Web,Tecnología,iOS,1
1561,34,28,17,25.4,37,5.0,2,18.47,31.4,8,10,3.4,Web,Tecnología,Android,0
1562,39,13,15,22.8,39,8.0,2,27.68,24.8,10,11,8.7,App,Hogar,iOS,0
1563,36,14,11,30.7,35,7.0,3,237.48,32.4,5,4,6.6,App,Tecnología,iOS,0
1564,27,9,16,24.4,30,3.0,3,61.56,42.3,12,10,7.2,Web,Moda,Android,1
1565,45,41,14,18.5,39,9.0,3,85.58,29.4,8,15,6.5,Tablet,Deporte,Android,0
1566,43,66,16,22.5,31,1.0,4,75.4,25.4,9,33,7.0,Web,Hogar,Web,1
1567,33,96,15,22.7,35,4.0,5,163.44,1.5,9,68,9.1,Web,Tecnología,Android,0
1568,28,26,7,21.3,40,10.0,4,26.28,20.4,9,26,7.4,App,Moda,Android,1
1569,41,28,17,11.4,35,9.0,3,155.8,49.5,4,31,10.0,App,Bienestar,iOS,1
1570,37,20,16,31.9,36,8.0,4,150.01,6.2,4,29,8.2,App,Moda,Web,1
1571,19,25,13,30.5,41,2.0,5,75.25,28.2,5,44,8.3,App,Hogar,Web,0
1572,34,11,20,13.6,34,0.0,3,94.14,13.2,7,20,7.0,Web,Tecnología,Web,0
1573,38,20,11,19.6,44,9.0,2,61.17,23.6,8,30,7.2,App,Moda,iOS,0
1574,25,12,18,20.2,31,8.0,4,29.68,18.5,6,56,8.7,App,Deporte,Android,0
1575,37,18,14,12.7,41,7.0,6,103.2,25.9,8,69,9.0,Tablet,Tecnología,iOS,0
1576,19,13,9,7.1,43,4.0,5,85.89,30.8,6,66,7.7,App,Moda,iOS,0
1577,50,31,11,16.6,34,5.0,6,86.88,18.8,9,61,8.1,App,Tecnología,iOS,0
1578,49,33,9,19.1,36,5.0,4,97.78,25.3,4,64,7.1,App,Hogar,iOS,0
1579,32,27,15,10.5,30,3.0,3,53.79,33.7,6,33,7.6,App,Moda,Web,0
1580,39,14,12,23.4,41,2.0,1,170.51,6.5,6,20,7.4,App,Tecnología,Web,0
1581,18,8,19,31.3,35,5.0,4,75.34,48.4,9,40,7.4,App,Hogar,Android,1
1582,22,33,11,28.7,32,12.0,2,101.03,29.2,4,43,8.7,App,Moda,Android,1
1583,32,22,11,21.0,39,4.0,8,64.57,40.0,9,27,7.2,Tablet,Hogar,Android,1
1584,23,5,11,7.3,31,5.0,6,133.63,32.1,8,21,6.4,Web,Tecnología,Android,0
1585,43,24,12,27.7,25,7.0,2,79.41,38.6,5,65,6.9,App,Tecnología,iOS,0
1586,57,28,14,23.2,37,8.0,3,71.57,4.4,3,32,6.9,Web,Deporte,iOS,0
1587,22,6,16,25.4,41,9.0,6,145.7,41.1,6,26,7.9,Web,Bienestar,iOS,1
1588,26,31,16,37.5,33,5.0,5,29.08,16.8,4,27,6.5,App,Deporte,iOS,0
1589,38,7,14,15.4,43,5.0,3,64.29,38.0,13,36,7.3,Tablet,Bienestar,Android,1
1590,53,13,11,3.0,36,7.0,2,53.55,9.0,6,20,6.9,App,Bienestar,Web,0
1591,22,7,11,13.6,42,4.0,1,92.12,15.4,8,42,9.5,App,Bienestar,Android,0
1592,38,12,9,25.9,38,5.0,2,89.23,43.7,6,2,7.3,App,Hogar,Android,0
1593,55,9,13,22.2,27,5.0,3,74.51,15.1,3,12,8.0,App,Deporte,iOS,1
1594,18,41,16,12.3,37,4.0,5,50.64,43.4,8,25,8.7,Web,Deporte,iOS,0
1595,21,19,13,10.6,38,6.0,5,74.02,34.3,6,44,9.0,App,Tecnología,Android,0
1596,30,16,12,19.2,24,2.0,6,89.6,8.5,1,25,8.2,Web,Tecnología,Android,0
1597,29,44,13,12.0,39,1.0,3,67.99,45.7,9,58,10.0,App,Bienestar,iOS,0
1598,44,42,12,26.2,31,6.0,2,137.92,33.0,9,69,7.3,App,Hogar,iOS,0
1599,38,17,12,18.7,34,7.0,3,105.01,13.2,9,30,5.2,Tablet,Moda,Web,1
1600,18,27,14,17.0,47,4.0,3,75.79,34.2,7,17,7.3,Web,Tecnología,Android,1
1601,41,15,15,15.9,32,4.0,6,20.64,35.5,9,30,8.4,App,Tecnología,iOS,1
1602,29,21,9,24.1,36,5.0,1,66.51,2.8,5,57,7.9,Web,Tecnología,Android,0
1603,49,10,11,22.3,44,3.0,5,106.06,14.9,12,16,5.9,App,Moda,Android,0
1604,28,29,16,23.6,26,4.0,2,64.32,24.5,9,47,6.8,App,Tecnología,iOS,0
1605,28,45,11,23.4,44,5.0,6,88.61,13.3,9,29,6.2,App,Moda,iOS,1
1606,41,40,11,21.4,36,1.0,2,66.29,21.3,7,49,6.4,App,Moda,Android,0
1607,43,23,9,13.7,30,2.0,3,85.23,27.3,2,42,7.2,App,Tecnología,Android,0
1608,40,4,8,16.2,33,2.0,3,162.07,36.7,8,22,8.0,Web,Hogar,iOS,0
1609,18,14,11,18.8,32,3.0,2,73.03999999999999,21.8,9,29,6.3,Web,Deporte,iOS,0
1610,41,21,9,38.5,22,5.0,2,36.78,15.2,6,43,6.4,App,Moda,Web,0
1611,24,8,11,11.2,33,5.0,3,30.13,40.8,7,55,8.3,App,Moda,iOS,1
1612,38,7,11,18.6,37,5.0,3,95.67,27.9,10,29,6.1,App,Deporte,iOS,0
1613,19,52,11,22.8,28,3.0,8,142.57,24.3,9,56,6.0,App,Moda,Web,0
1614,40,37,11,19.6,34,2.0,8,30.09,36.2,12,94,10.0,App,Bienestar,Android,0
1615,26,31,13,30.6,27,7.0,2,66.83,6.8,6,59,6.6,App,Hogar,Android,0
1616,21,35,13,19.5,39,8.0,6,276.65,56.2,5,32,4.7,Web,Tecnología,iOS,1
1617,43,9,16,20.1,31,4.0,6,64.7,9.1,4,31,5.6,App,Tecnología,iOS,0
1618,38,11,18,28.5,37,3.0,6,300.88,63.0,6,11,4.5,App,Hogar,Web,0
1619,28,26,13,36.5,29,7.0,4,47.68,10.9,12,28,9.6,App,Tecnología,Android,0
1620,51,27,19,33.3,34,5.0,4,52.55,39.5,9,48,7.2,Tablet,Bienestar,Android,0
1621,30,7,10,20.9,38,6.0,2,73.03999999999999,45.3,7,55,5.8,Web,Deporte,Android,0
1622,35,25,14,21.6,28,9.0,1,37.11,33.4,3,15,8.1,App,Moda,iOS,0
1623,38,21,6,22.4,27,4.0,3,29.59,34.4,7,42,9.7,Web,Bienestar,Android,0
1624,28,39,11,23.2,31,3.0,2,66.41,20.0,15,63,7.1,Web,Hogar,iOS,0
1625,40,27,17,15.2,46,9.0,3,81.22,25.4,12,15,9.6,App,Moda,iOS,0
1626,29,56,14,29.5,36,4.0,1,50.56,40.9,12,38,6.8,Web,Moda,Android,0
1627,30,17,10,23.7,35,6.0,1,57.72,16.2,12,22,5.7,App,Tecnología,Android,0
1628,50,9,9,21.6,40,3.0,3,166.14,57.3,8,13,9.8,App,Tecnología,iOS,0
1629,24,55,16,11.8,40,8.0,5,127.99,39.3,7,30,6.3,App,Tecnología,iOS,1
1630,18,28,9,22.5,26,2.0,4,65.05,32.7,9,10,7.3,Web,Moda,Android,0
1631,53,21,12,6.9,38,5.0,1,73.03999999999999,8.8,8,22,8.8,Web,Bienestar,iOS,0
1632,63,12,11,17.3,32,4.0,2,30.49,10.9,7,33,7.3,App,Hogar,Web,0
1633,31,17,15,17.5,42,7.0,4,86.99,8.4,11,55,7.1,App,Deporte,Web,1
1634,18,17,17,24.3,43,7.0,2,72.47,37.7,8,16,6.9,App,Tecnología,Web,0
1635,32,9,9,37.0,26,0.0,4,61.05,32.4,10,27,6.4,Web,Moda,iOS,0
1636,32,3,15,26.6,37,3.0,4,76.37,16.1,15,56,7.6,App,Tecnología,iOS,0
1637,33,16,12,33.6,33,4.0,2,69.87,25.6,5,19,8.0,Tablet,Tecnología,iOS,0
1638,23,35,14,27.2,33,7.0,8,36.42,35.4,12,13,7.0,App,Bienestar,Android,1
1639,41,47,13,31.0,37,1.0,3,188.93,31.8,8,68,8.1,Web,Hogar,Android,0
1640,41,40,9,36.9,26,5.0,4,126.52,11.0,10,31,7.9,App,Deporte,iOS,0
1641,19,42,10,16.1,37,4.0,2,60.59,55.3,6,57,7.8,Web,Hogar,iOS,0
1642,43,10,11,15.6,33,5.0,3,28.48,1.0,10,21,6.9,App,Tecnología,iOS,0
1643,58,26,13,27.4,33,1.0,3,19.42,30.4,11,48,6.8,App,Moda,Web,0
1644,37,31,9,22.0,30,4.0,2,225.9,42.4,9,57,7.8,Web,Bienestar,Android,0
1645,31,32,8,23.8,30,5.0,4,68.17,17.1,12,23,5.6,Tablet,Deporte,Web,0
1646,33,21,14,20.0,34,4.0,3,114.11,26.6,5,47,10.0,Web,Tecnología,Android,1
1647,42,24,14,17.2,40,6.0,2,44.51,11.8,4,20,3.8,App,Moda,Android,1
1648,18,39,10,35.0,30,4.0,3,63.33,17.0,8,67,6.5,App,Hogar,iOS,0
1649,37,30,14,13.2,38,2.0,0,65.14,54.9,9,20,8.0,App,Moda,Web,0
1650,31,34,10,27.5,41,2.0,7,85.65,39.3,4,69,8.3,App,Bienestar,Web,0
1651,55,16,9,26.2,33,8.0,2,78.8,23.4,6,41,6.1,Web,Bienestar,iOS,0
1652,33,33,13,9.4,29,4.0,4,45.16,11.3,10,28,6.4,Web,Moda,iOS,1
1653,53,24,9,15.4,26,3.0,4,44.9,21.2,8,75,7.4,App,Bienestar,Android,0
1654,23,37,10,16.7,29,10.0,2,71.71,28.8,7,22,5.4,App,Bienestar,Web,1
1655,41,13,14,26.5,45,1.0,4,28.58,18.9,11,93,5.6,App,Bienestar,iOS,0
1656,39,35,16,19.1,29,10.0,2,47.69,23.7,6,47,8.5,Tablet,Hogar,Android,0
1657,25,17,12,21.3,34,3.0,2,68.9,0.9,7,14,8.4,Web,Tecnología,Android,0
1658,37,35,15,10.3,35,7.0,0,93.33,25.2,12,25,7.3,Tablet,Bienestar,Android,0
1659,48,26,9,40.6,34,4.0,2,171.46,23.5,8,28,8.4,App,Tecnología,Web,0
1660,31,23,15,22.6,39,2.0,4,57.71,45.9,5,95,7.4,Tablet,Deporte,iOS,1
1661,18,18,3,26.0,32,5.0,3,76.5,18.1,6,65,6.2,App,Moda,Android,0
1662,35,21,12,17.7,33,4.0,3,26.85,37.4,8,55,5.7,App,Hogar,iOS,0
1663,25,16,12,16.8,32,4.0,4,90.16,41.3,8,22,8.2,Tablet,Tecnología,Android,0
1664,31,18,8,37.3,31,11.0,2,45.48,37.7,9,30,6.4,App,Tecnología,iOS,0
1665,34,30,14,6.7,27,5.0,4,63.3,29.1,9,48,8.4,Web,Tecnología,iOS,0
1666,18,5,4,24.2,39,10.0,4,97.44,29.6,7,49,6.9,App,Bienestar,iOS,0
1667,18,35,6,12.3,32,4.0,5,99.7,39.5,6,31,9.1,App,Hogar,Android,1
1668,40,35,7,18.8,39,5.0,1,33.71,21.8,11,29,6.0,Web,Hogar,Web,1
1669,29,18,19,16.9,42,6.0,3,116.58,29.5,6,48,5.7,App,Tecnología,Web,0
1670,18,24,14,14.1,40,8.0,2,73.41,17.4,11,75,7.6,App,Tecnología,Android,1
1671,44,11,10,22.3,36,3.0,2,150.57,47.5,9,1,6.8,App,Deporte,iOS,0
1672,38,28,9,3.0,37,3.0,2,167.57,39.4,13,10,7.5,App,Tecnología,iOS,0
1673,27,12,14,19.5,37,6.0,3,181.43,11.2,7,48,7.2,App,Tecnología,iOS,0
1674,21,1,18,21.3,32,5.0,5,34.26,30.0,4,24,6.6,App,Bienestar,Android,0
1675,44,46,8,11.1,28,4.0,3,93.57,36.0,6,18,6.9,App,Deporte,iOS,0
1676,39,10,14,34.1,32,5.0,2,31.5,51.1,10,12,4.2,App,Tecnología,iOS,0
1677,61,21,10,17.2,43,7.0,1,153.44,44.9,6,19,9.4,App,Moda,Android,0
1678,40,25,8,20.1,26,9.0,1,165.93,31.6,4,35,6.4,Tablet,Tecnología,Android,0
1679,39,30,16,17.3,42,3.0,2,128.43,9.2,5,29,7.9,Web,Hogar,iOS,0
1680,33,22,8,21.3,26,3.0,2,59.38,28.1,8,32,4.4,Web,Hogar,Android,1
1681,44,26,11,32.5,41,12.0,2,101.17,28.3,8,31,6.1,App,Moda,Web,0
1682,42,18,11,41.8,28,2.0,1,55.35,24.6,11,45,7.6,App,Tecnología,iOS,0
1683,49,6,13,28.0,49,5.0,6,75.57,46.5,4,48,9.8,Web,Deporte,iOS,0
1684,29,22,8,30.7,34,4.0,3,71.29,40.8,4,15,7.9,Web,Deporte,iOS,1
1685,30,32,11,35.7,31,2.0,2,24.99,40.3,10,26,8.1,App,Hogar,Android,0
1686,30,10,14,24.0,40,3.0,2,48.05,50.0,5,90,6.6,App,Deporte,Web,0
1687,44,25,13,34.6,44,1.0,5,261.51,31.4,5,16,7.3,App,Hogar,Android,0
1688,51,63,8,28.3,43,8.0,5,71.51,29.8,6,38,7.0,App,Bienestar,iOS,0
1689,30,21,10,23.2,32,2.0,6,81.91,35.8,9,51,7.7,Web,Moda,Android,0
1690,30,21,9,24.8,44,4.0,4,74.64,5.1,6,63,9.0,App,Hogar,iOS,0
1691,38,6,13,7.4,38,9.0,2,59.84,26.0,4,44,6.8,App,Moda,iOS,0
1692,32,9,10,24.3,39,5.0,4,76.5,17.2,11,27,7.3,Tablet,Hogar,iOS,0
1693,45,12,12,9.7,34,9.0,5,59.96,38.3,7,22,6.7,Tablet,Tecnología,Web,1
1694,18,31,11,9.0,36,6.0,3,21.37,48.2,3,44,6.9,App,Tecnología,Web,1
1695,26,11,17,23.5,34,8.0,4,115.57,29.0,6,54,8.9,App,Deporte,Android,1
1696,26,4,14,13.1,22,5.0,4,182.1,4.0,10,73,7.9,Tablet,Tecnología,Web,1
1697,18,28,9,21.9,41,5.0,1,39.54,75.6,5,66,7.7,Web,Moda,Android,0
1698,24,13,19,23.1,41,3.0,2,59.77,28.2,6,57,7.1,App,Tecnología,iOS,0
1699,25,6,9,23.5,35,8.0,5,171.14,41.3,9,12,6.1,Tablet,Hogar,iOS,1
1700,33,34,14,14.8,44,4.0,6,49.07,50.7,9,15,7.3,App,Deporte,Android,0
1701,47,17,16,29.2,32,6.0,3,92.83,69.1,8,119,8.5,App,Bienestar,iOS,0
1702,32,30,16,21.3,42,8.0,4,500.0,30.1,2,31,8.5,Web,Tecnología,iOS,1
1703,24,6,8,25.5,36,3.0,4,106.19,62.7,7,41,7.3,App,Deporte,iOS,0
1704,34,3,11,12.4,27,5.0,1,77.89,26.5,8,6,6.2,Web,Deporte,iOS,0
1705,47,24,9,20.6,29,4.0,2,121.81,4.0,8,59,8.2,Web,Hogar,iOS,0
1706,24,9,19,30.8,38,5.0,4,114.97,39.7,4,36,8.8,Web,Tecnología,iOS,0
1707,25,23,16,29.8,41,5.0,2,52.1,70.4,7,35,8.5,App,Tecnología,Android,1
1708,41,24,19,15.6,34,3.0,7,28.86,3.2,7,113,6.2,App,Moda,Android,0
1709,33,22,16,17.6,43,1.0,5,103.97,13.9,13,45,7.8,Web,Moda,iOS,0
1710,42,41,10,14.1,37,8.0,3,112.91,61.4,9,29,4.6,App,Tecnología,iOS,1
1711,35,95,12,16.7,37,5.0,6,63.68,58.4,9,35,9.2,App,Deporte,iOS,0
1712,43,28,20,10.8,39,6.0,8,185.37,12.6,7,23,7.5,App,Hogar,iOS,0
1713,24,63,17,20.9,25,2.0,1,166.02,46.8,7,17,7.6,App,Tecnología,iOS,0
1714,35,17,14,27.1,36,1.0,4,114.83,36.7,7,31,9.5,App,Hogar,Web,0
1715,33,8,14,15.7,40,1.0,1,64.34,22.5,10,11,6.5,App,Tecnología,iOS,0
1716,22,13,10,21.3,41,5.0,2,23.75,33.1,13,26,7.5,Web,Hogar,Android,1
1717,18,18,9,20.2,40,4.0,5,68.14,24.8,9,5,6.1,Web,Tecnología,iOS,0
1718,43,66,14,30.4,35,9.0,2,27.32,29.3,7,57,5.2,App,Hogar,Android,1
1719,31,23,13,17.1,37,4.0,0,20.51,16.8,4,97,7.7,Web,Hogar,Android,0
1720,24,42,11,17.4,41,5.0,4,107.06,30.0,7,31,7.3,Tablet,Tecnología,Web,1
1721,34,16,12,15.2,49,5.0,1,142.92,47.6,7,18,4.3,App,Deporte,Web,0
1722,47,15,13,12.9,37,7.0,4,25.65,10.1,7,38,8.3,App,Deporte,iOS,0
1723,18,6,10,26.2,30,5.0,3,65.13,16.5,7,62,7.2,App,Moda,Android,0
1724,19,65,10,20.9,33,6.0,1,74.28,7.3,9,21,8.4,Web,Moda,Android,1
1725,25,51,16,22.4,38,7.0,1,63.86,24.0,9,49,7.3,App,Hogar,Android,0
1726,51,25,12,32.2,30,4.0,6,35.14,12.8,5,12,8.8,App,Deporte,Android,0
1727,38,18,16,32.7,42,7.0,3,155.95,5.7,13,38,8.9,Web,Moda,Android,0
1728,43,23,11,8.8,45,2.0,3,35.68,12.9,8,51,7.6,App,Hogar,iOS,0
1729,22,8,9,27.2,35,6.0,0,25.67,44.4,7,10,8.6,App,Deporte,Android,0
1730,23,30,14,23.8,45,5.0,2,35.22,53.8,11,51,8.5,App,Deporte,Android,1
1731,40,49,13,18.3,34,7.0,1,97.73,53.2,7,29,5.6,App,Tecnología,Web,1
1732,36,50,10,24.6,36,6.0,2,64.75,48.5,11,79,6.1,App,Deporte,iOS,1
1733,41,6,17,8.2,41,1.0,5,49.1,26.7,10,37,7.3,Web,Tecnología,iOS,1
1734,33,42,9,33.7,36,9.0,5,100.25,21.3,6,53,8.2,Tablet,Tecnología,iOS,1
1735,38,8,8,26.1,29,6.0,4,90.06,52.1,13,91,6.3,App,Moda,Web,0
1736,37,3,11,15.1,34,11.0,4,21.08,38.7,7,29,4.5,Tablet,Bienestar,iOS,0
1737,44,43,12,17.3,35,3.0,1,99.7,13.7,8,7,5.9,Tablet,Moda,Android,0
1738,44,15,12,8.4,36,2.0,3,143.62,63.5,11,18,7.3,Web,Deporte,iOS,0
1739,18,39,13,19.5,30,5.0,4,70.09,13.7,8,34,7.9,Web,Tecnología,Android,0
1740,18,37,13,18.1,33,3.0,5,65.91,53.5,8,124,9.1,App,Deporte,Web,0
1741,46,34,8,11.4,47,6.0,2,212.54,42.6,16,78,8.6,Web,Bienestar,iOS,0
1742,48,23,7,28.2,34,2.0,1,50.76,43.3,11,21,7.5,App,Bienestar,iOS,0
1743,24,8,5,32.2,50,6.0,2,68.47,15.9,10,28,6.1,Web,Moda,iOS,0
1744,18,18,16,21.8,48,8.0,1,89.97,21.2,6,50,4.5,Tablet,Moda,Android,0
1745,36,51,12,19.6,29,7.0,1,77.03,17.9,14,69,6.6,Web,Deporte,Web,0
1746,45,40,18,25.5,41,7.0,3,64.57,32.2,7,10,6.9,Web,Hogar,iOS,0
1747,55,18,8,21.8,32,4.0,1,78.77,20.6,8,50,7.4,App,Deporte,iOS,0
1748,41,18,14,13.3,28,5.0,6,177.76,9.8,9,34,8.6,Web,Hogar,iOS,1
1749,31,32,16,16.8,30,10.0,3,116.94,16.0,9,8,8.2,App,Hogar,iOS,0
1750,25,24,13,19.6,33,5.0,2,71.98,23.8,10,26,7.4,Web,Deporte,Android,0
1751,35,19,14,24.0,29,7.0,5,46.63,15.4,6,22,6.7,App,Bienestar,Android,0
1752,32,31,19,22.1,38,10.0,2,50.17,48.0,7,22,5.2,App,Tecnología,iOS,0
1753,24,30,10,23.7,38,4.0,2,126.48,50.0,11,69,6.2,Tablet,Tecnología,Android,0
1754,58,14,14,9.8,38,4.0,1,31.22,24.6,10,42,5.9,Tablet,Tecnología,Android,0
1755,55,27,13,27.3,42,3.0,3,281.25,29.6,4,26,10.0,App,Moda,iOS,1
1756,47,29,10,22.0,44,4.0,4,73.7,40.2,6,22,10.0,App,Bienestar,Android,1
1757,25,22,14,42.4,30,3.0,5,35.14,54.6,10,39,5.5,App,Moda,iOS,0
1758,44,13,11,18.9,34,3.0,4,82.9,31.0,8,25,7.8,App,Hogar,Android,0
1759,42,17,17,24.6,41,6.0,3,48.28,19.7,11,51,5.4,Tablet,Deporte,Android,0
1760,40,11,16,44.6,29,5.0,4,59.56,17.9,4,30,7.6,Tablet,Tecnología,iOS,0
1761,49,28,11,23.6,32,3.0,2,32.67,60.3,9,7,6.6,App,Hogar,Android,1
1762,42,6,10,21.5,31,6.0,5,65.78,16.9,9,11,7.3,App,Moda,Android,0
1763,43,54,9,14.1,26,4.0,1,23.34,16.4,4,20,8.8,App,Moda,Android,0
1764,42,47,10,34.2,37,6.0,3,53.92,52.3,7,29,7.8,App,Deporte,Android,0
1765,39,29,13,12.7,33,2.0,2,73.03999999999999,24.7,5,42,8.5,App,Moda,Android,0
1766,18,39,9,25.4,40,1.0,2,73.03999999999999,37.9,8,40,8.0,App,Hogar,iOS,0
1767,36,37,6,18.2,38,11.0,5,49.26,36.6,2,83,6.3,App,Tecnología,iOS,1
1768,29,24,12,20.5,42,6.0,4,76.41,9.7,7,3,5.5,App,Deporte,Android,0
1769,21,19,17,10.6,40,4.0,7,122.23,21.7,8,3,6.9,Web,Bienestar,iOS,1
1770,53,18,9,32.7,30,2.0,5,91.45,12.6,11,9,6.9,Web,Bienestar,iOS,0
1771,54,55,10,19.8,38,3.0,6,153.25,14.6,4,16,6.6,Web,Bienestar,iOS,1
1772,50,12,12,12.3,34,4.0,2,57.01,15.7,6,53,6.3,App,Deporte,Web,0
1773,38,12,9,32.0,40,4.0,1,89.67,9.9,7,38,7.4,App,Bienestar,Android,1
1774,50,41,14,18.0,35,4.0,3,91.63,58.6,8,9,9.1,Web,Deporte,iOS,0
1775,35,38,14,24.7,38,4.0,3,141.3,28.0,13,17,4.4,Web,Hogar,iOS,1
1776,37,19,12,28.7,35,2.0,2,50.19,47.8,11,18,5.6,Tablet,Moda,iOS,0
1777,23,31,17,25.8,32,5.0,1,115.74,25.4,10,15,7.7,App,Deporte,iOS,0
1778,39,34,13,4.4,39,4.0,4,46.8,51.0,5,25,4.7,App,Moda,iOS,0
1779,36,8,11,27.6,40,3.0,5,54.82,4.9,8,21,5.3,Web,Hogar,Web,0
1780,21,49,15,21.2,43,5.0,5,61.57,6.1,11,22,10.0,App,Bienestar,Android,0
1781,34,34,18,19.4,35,7.0,6,96.23,26.9,4,10,8.1,Web,Bienestar,iOS,0
1782,34,30,11,21.1,45,6.0,3,41.25,27.5,3,42,10.0,Tablet,Moda,Android,1
1783,55,34,15,9.1,37,4.0,3,44.54,42.4,10,30,4.9,App,Tecnología,Android,0
1784,45,27,16,23.5,31,2.0,4,52.6,26.3,8,19,10.0,Web,Tecnología,iOS,0
1785,35,21,12,11.1,41,6.0,3,77.03,27.5,10,12,5.5,Web,Bienestar,iOS,0
1786,38,4,9,19.7,31,9.0,2,44.82,26.5,9,23,8.6,App,Moda,Web,1
1787,35,25,9,23.3,27,6.0,2,86.72,27.3,8,7,4.3,Web,Tecnología,iOS,0
1788,33,7,13,30.6,28,3.0,3,61.6,6.6,6,39,7.7,App,Deporte,iOS,0
1789,23,68,11,15.4,30,9.0,6,107.7,40.8,9,41,7.8,Web,Tecnología,Android,0
1790,33,21,10,33.6,24,4.0,1,77.64,46.0,7,29,6.7,Tablet,Moda,Android,0
1791,27,67,21,29.6,29,5.0,1,196.6,16.4,7,81,5.4,App,Deporte,iOS,0
1792,21,25,13,18.6,28,4.0,1,80.17,31.3,4,42,6.9,Web,Deporte,Android,0
1793,41,15,13,13.1,47,6.0,3,38.37,14.1,6,50,7.6,App,Tecnología,Web,0
1794,39,48,16,10.4,31,4.0,2,66.72,24.6,8,40,5.7,App,Tecnología,iOS,0
1795,18,29,15,24.2,26,2.0,0,75.88,35.3,10,40,7.0,Web,Bienestar,Android,0
1796,34,83,18,16.1,26,4.0,4,45.5,40.5,9,34,7.2,App,Moda,Android,0
1797,46,14,14,31.6,40,4.0,2,172.76,59.4,5,49,7.9,App,Tecnología,iOS,1
1798,47,49,9,16.6,38,5.0,2,63.25,30.2,8,32,5.1,Web,Tecnología,Android,0
1799,46,51,12,14.8,43,5.0,5,52.61,19.2,3,13,6.5,Tablet,Deporte,Android,0
1800,35,36,11,23.9,41,6.0,2,82.88,25.6,11,53,7.5,Web,Bienestar,Android,0
1801,26,51,8,16.5,28,6.0,6,45.56,28.3,10,39,6.7,App,Hogar,iOS,0
1802,23,21,6,22.1,33,7.0,4,127.61,21.6,5,14,5.8,Tablet,Moda,Android,0
1803,39,12,9,29.9,25,3.0,5,114.25,26.1,7,28,8.6,Web,Bienestar,Web,0
1804,39,16,13,22.9,35,4.0,2,80.59,5.9,11,8,8.7,Web,Deporte,iOS,0
1805,49,24,19,23.0,29,5.0,2,103.84,9.4,8,68,8.4,App,Moda,iOS,0
1806,47,37,10,23.6,29,7.0,3,56.98,23.0,6,38,6.8,App,Hogar,Android,0
1807,34,13,14,8.5,29,8.0,6,32.82,15.4,7,11,7.0,App,Tecnología,Android,1
1808,21,18,11,25.1,30,6.0,3,62.7,50.3,9,26,9.0,App,Bienestar,Android,1
1809,31,14,10,23.3,38,3.0,3,56.92,29.6,4,13,8.4,Tablet,Bienestar,Web,0
1810,37,41,13,29.1,42,5.0,4,24.47,37.6,7,20,9.1,Web,Tecnología,iOS,0
1811,33,67,12,26.8,31,5.0,3,41.92,20.4,9,40,7.4,App,Deporte,Android,0
1812,29,11,8,20.4,43,6.0,3,38.12,28.9,9,52,8.2,App,Moda,Android,0
1813,38,32,18,30.3,39,3.0,1,42.01,40.7,8,12,8.2,Web,Bienestar,iOS,0
1814,29,44,9,19.7,36,4.0,7,156.15,35.5,7,68,9.3,App,Moda,Android,0
1815,28,20,19,24.0,23,5.0,5,99.39,0.7,7,59,4.1,App,Moda,Web,1
1816,38,8,11,19.5,26,12.0,3,127.51,9.9,13,23,7.5,App,Moda,iOS,0
1817,31,48,9,25.7,37,3.0,5,99.26,44.7,11,18,8.6,Web,Hogar,Android,1
1818,38,7,10,19.0,32,6.0,2,136.07,50.1,8,47,7.3,App,Tecnología,Android,1
1819,38,57,11,35.2,26,5.0,6,76.12,18.0,4,112,6.7,App,Bienestar,Android,0
1820,22,13,12,38.1,31,4.0,4,172.62,46.4,11,30,7.8,App,Bienestar,iOS,1
1821,30,6,7,29.0,38,8.0,1,38.1,17.2,9,21,8.3,Web,Tecnología,iOS,0
1822,51,16,14,34.3,36,5.0,3,72.26,17.6,7,19,9.1,App,Moda,iOS,0
1823,22,22,10,9.7,36,2.0,5,42.68,3.4,11,2,7.8,App,Tecnología,iOS,1
1824,18,26,10,10.6,28,4.0,4,148.48,59.3,5,16,7.7,App,Moda,iOS,0
1825,18,34,12,19.4,50,3.0,4,94.48,16.0,6,2,6.9,Tablet,Tecnología,iOS,0
1826,35,27,17,22.3,34,5.0,1,144.05,10.2,7,53,8.9,Web,Bienestar,iOS,0
1827,35,64,11,20.4,31,6.0,2,34.66,13.4,7,64,9.0,Tablet,Moda,iOS,0
1828,34,22,12,8.9,36,6.0,1,53.85,11.1,8,22,8.8,App,Moda,Android,0
1829,48,28,9,31.2,39,3.0,2,28.12,16.1,6,28,8.3,App,Tecnología,Android,0
1830,18,27,13,39.2,33,3.0,9,91.49,45.8,6,16,7.6,App,Tecnología,iOS,0
1831,39,6,12,32.2,31,4.0,5,59.26,26.5,9,17,6.5,Web,Deporte,Android,0
1832,52,9,13,30.7,31,6.0,3,113.64,18.6,8,29,6.3,App,Tecnología,Android,0
1833,23,24,13,23.8,35,6.0,1,76.32,38.3,12,36,7.3,App,Hogar,iOS,1
1834,31,30,7,15.3,43,4.0,1,23.24,31.4,8,83,8.9,Web,Bienestar,iOS,0
1835,27,4,15,22.6,44,3.0,0,30.09,40.4,6,9,7.6,App,Hogar,Android,0
1836,25,66,13,38.8,36,4.0,3,78.48,57.4,4,26,7.6,App,Hogar,iOS,0
1837,31,32,10,19.2,31,10.0,5,96.9,10.5,7,35,7.6,App,Bienestar,Android,0
1838,51,23,12,18.4,32,4.0,3,22.17,8.1,7,24,9.0,App,Moda,Android,1
1839,55,31,8,30.9,32,7.0,2,71.63,15.5,3,42,8.4,Web,Hogar,Web,0
1840,31,16,8,31.4,43,0.0,2,42.86,16.1,7,56,6.7,App,Moda,Android,1
1841,56,26,15,15.2,31,4.0,2,40.73,39.6,8,25,8.0,App,Tecnología,Android,1
1842,35,29,8,19.9,41,4.0,0,52.31,31.4,6,27,5.1,App,Tecnología,Android,0
1843,54,48,17,18.0,36,5.0,3,80.27,31.0,3,20,6.4,App,Hogar,Web,0
1844,34,20,11,22.6,30,2.0,3,50.85,8.3,13,44,4.9,Web,Hogar,Android,1
1845,36,7,15,30.8,27,9.0,2,25.16,6.4,9,15,6.1,App,Bienestar,Android,0
1846,39,12,7,15.6,30,3.0,3,79.92,33.7,10,53,6.2,App,Bienestar,Android,1
1847,70,19,12,30.7,36,4.0,2,61.84,26.3,7,18,4.4,Tablet,Tecnología,Android,0
1848,44,8,11,22.8,31,5.0,6,44.77,12.8,5,38,8.9,App,Bienestar,Android,1
1849,27,11,13,40.6,33,3.0,1,63.32,24.9,2,37,6.6,Web,Moda,Android,0
1850,46,12,16,24.6,38,4.0,0,61.94,12.8,10,70,6.8,App,Tecnología,iOS,0
1851,31,18,11,21.2,44,6.0,5,76.84,4.6,5,7,6.1,Tablet,Hogar,Web,1
1852,30,32,13,26.6,28,3.0,3,65.44,14.6,7,57,8.1,App,Deporte,Android,0
1853,45,18,10,19.3,39,4.0,0,82.14,23.2,7,15,9.2,App,Tecnología,iOS,1
1854,35,33,13,7.6,40,5.0,2,73.02,25.2,10,56,8.0,App,Hogar,Web,0
1855,38,23,13,20.1,28,9.0,5,117.72,34.1,7,14,7.8,App,Tecnología,iOS,1
1856,35,11,11,19.9,41,5.0,5,179.31,13.5,4,31,4.5,Web,Deporte,iOS,0
1857,39,29,14,9.3,29,2.0,3,74.38,32.8,7,21,7.2,Web,Hogar,iOS,0
1858,40,26,12,21.4,33,5.0,4,53.28,26.4,3,53,8.2,App,Hogar,Android,0
1859,18,34,15,5.5,39,5.0,3,34.03,40.1,8,13,9.0,Web,Deporte,Android,1
1860,42,38,8,19.2,40,4.0,3,107.02,45.0,16,9,8.1,App,Deporte,Android,0
1861,24,49,16,23.9,41,2.0,1,45.66,6.3,10,35,10.0,Tablet,Tecnología,iOS,0
1862,19,32,14,22.8,33,4.0,5,272.77,33.8,11,14,6.3,Web,Tecnología,Android,1
1863,34,26,12,18.7,35,10.0,5,345.86,38.3,6,40,6.3,Tablet,Deporte,iOS,1
1864,36,34,10,21.3,37,1.0,2,66.71,25.0,6,38,7.8,App,Hogar,iOS,0
1865,27,17,16,15.7,47,2.0,4,30.02,35.7,9,30,9.1,App,Tecnología,Android,0
1866,44,16,6,22.1,31,8.0,4,107.45,51.8,7,31,9.3,App,Hogar,iOS,0
1867,20,53,16,22.5,32,8.0,3,237.89,26.3,8,40,4.5,Web,Bienestar,iOS,1
1868,31,15,22,14.8,35,0.0,1,36.44,20.2,7,28,7.5,App,Deporte,iOS,0
1869,29,12,12,24.1,31,9.0,4,213.03,25.8,9,19,8.6,Web,Moda,Android,1
1870,34,32,13,24.1,27,4.0,3,27.13,35.4,10,27,8.6,App,Moda,Android,0
1871,38,17,13,20.7,32,5.0,4,33.71,27.2,4,27,8.1,App,Moda,iOS,1
1872,24,38,15,41.4,34,4.0,6,88.89,25.5,12,32,7.2,App,Hogar,iOS,0
1873,43,47,8,20.9,36,2.0,3,131.19,16.9,8,97,3.1,Web,Bienestar,iOS,0
1874,36,14,10,19.8,21,2.0,3,72.31,24.2,10,26,10.0,Web,Hogar,iOS,0
1875,18,35,11,18.6,29,7.0,5,96.03,7.4,7,69,8.2,Web,Tecnología,Android,1
1876,18,15,14,14.2,33,2.0,4,137.68,22.6,8,57,7.3,App,Tecnología,iOS,0
1877,35,20,6,27.5,44,3.0,2,146.73,28.5,6,15,6.8,App,Hogar,iOS,0
1878,33,28,23,16.5,35,4.0,2,53.26,37.0,13,13,7.7,Web,Moda,Android,0
1879,34,16,17,17.5,41,3.0,0,46.65,39.3,9,35,8.0,App,Tecnología,iOS,0
1880,35,26,12,17.7,31,8.0,3,133.88,25.5,8,56,5.4,Web,Deporte,Android,0
1881,37,21,14,14.1,29,4.0,5,96.28,1.6,5,28,5.9,App,Deporte,iOS,0
1882,45,38,16,8.0,27,11.0,1,103.68,16.4,14,35,8.0,App,Bienestar,Web,0
1883,23,38,12,18.3,41,3.0,4,52.14,47.3,7,34,6.5,Tablet,Hogar,Web,0
1884,22,16,12,29.0,37,2.0,1,106.53,9.5,11,79,4.8,App,Hogar,Android,0
1885,23,28,10,23.6,44,2.0,1,41.08,37.4,6,53,6.2,App,Moda,iOS,0
1886,38,42,15,34.5,33,6.0,3,85.92,30.9,11,22,7.3,Web,Tecnología,iOS,0
1887,49,11,9,28.0,38,6.0,1,79.76,4.7,7,10,7.3,App,Hogar,iOS,0
1888,30,21,11,26.2,31,5.0,4,80.06,3.3,6,30,9.6,App,Tecnología,Android,0
1889,18,28,16,37.1,28,5.0,0,115.25,51.3,9,29,9.0,Web,Tecnología,iOS,0
1890,18,11,12,21.2,49,6.0,2,42.79,13.3,8,125,8.6,Tablet,Hogar,iOS,0
1891,26,17,14,22.5,38,5.0,4,108.83,14.3,6,32,7.4,App,Moda,iOS,0
1892,29,60,18,21.9,32,6.0,4,75.86,16.0,9,32,5.6,App,Hogar,iOS,1
1893,31,15,17,34.4,33,6.0,3,48.53,27.1,7,25,6.1,Web,Deporte,iOS,0
1894,35,17,12,22.0,31,2.0,1,36.25,23.4,9,24,9.2,App,Hogar,Android,0
1895,32,32,18,16.8,36,7.0,5,211.93,27.1,3,53,6.2,App,Hogar,iOS,1
1896,47,10,15,26.7,40,6.0,4,72.19,27.4,13,50,7.3,App,Deporte,Web,1
1897,28,21,13,15.5,37,6.0,3,61.7,60.0,12,27,6.9,App,Bienestar,Android,0
1898,26,12,10,26.3,27,3.0,2,39.98,18.8,8,45,7.1,App,Deporte,iOS,1
1899,40,26,16,25.3,38,7.0,1,136.49,24.3,13,33,7.1,App,Moda,Android,0
1900,18,1,12,20.5,41,6.0,5,130.79,48.9,7,35,7.0,App,Hogar,Web,0
1901,39,24,21,26.5,47,4.0,3,117.64,37.8,8,16,7.3,App,Tecnología,Web,1
1902,36,28,8,10.1,26,2.0,2,72.52,25.1,13,47,6.9,App,Tecnología,Web,0
1903,33,17,7,23.3,46,6.0,2,113.37,16.7,5,27,7.0,App,Deporte,Android,0
1904,52,18,11,18.3,35,2.0,4,47.67,38.0,5,64,6.0,App,Moda,iOS,0
1905,28,16,14,44.9,36,6.0,1,73.03999999999999,46.8,10,11,5.3,App,Deporte,Android,0
1906,58,21,9,23.2,30,8.0,1,72.79,58.8,8,25,6.8,Web,Bienestar,Android,0
1907,33,54,18,17.2,32,4.0,4,73.03999999999999,8.6,10,12,6.1,Tablet,Tecnología,Android,0
1908,21,39,9,11.0,39,5.0,1,27.67,8.4,5,55,7.2,Web,Moda,iOS,0
1909,36,21,19,32.4,33,4.0,0,209.73,27.9,14,38,5.8,Tablet,Deporte,Android,0
1910,23,17,9,19.2,38,1.0,2,182.67,34.9,5,11,4.7,App,Hogar,Android,0
1911,27,37,12,15.7,36,1.0,2,39.84,63.7,7,34,9.3,App,Deporte,iOS,0
1912,39,25,12,24.7,30,4.0,4,103.03,52.9,6,27,6.4,Web,Moda,iOS,1
1913,41,10,14,27.2,51,6.0,0,33.1,28.4,13,24,4.2,Web,Bienestar,Android,0
1914,28,19,14,27.1,44,2.0,4,78.54,24.9,8,31,8.3,Web,Deporte,Android,0
1915,46,50,8,22.2,45,1.0,2,22.42,16.0,7,89,6.6,App,Moda,Android,0
1916,48,31,15,23.3,41,5.0,1,63.87,55.1,9,90,7.2,Web,Bienestar,iOS,0
1917,51,17,17,23.9,35,3.0,4,57.35,29.3,5,34,7.5,Web,Moda,iOS,1
1918,41,7,9,24.7,48,4.0,4,141.7,20.0,5,28,8.6,Web,Tecnología,Android,0
1919,50,26,11,25.4,40,3.0,5,187.76,26.5,6,10,7.6,App,Moda,iOS,0
1920,18,23,11,30.8,34,2.0,5,190.1,16.4,12,35,5.2,App,Tecnología,Android,0
1921,32,20,15,22.5,29,7.0,4,141.82,14.4,6,92,5.5,App,Tecnología,Android,0
1922,25,37,19,15.5,26,5.0,0,73.03999999999999,36.2,12,41,5.2,App,Bienestar,Android,0
1923,36,32,12,20.8,37,3.0,3,73.03999999999999,34.9,10,26,6.5,Web,Tecnología,iOS,1
1924,29,7,9,28.0,31,5.0,2,92.61,21.5,12,15,7.7,App,Moda,Web,0
1925,33,23,8,7.7,41,6.0,5,73.03999999999999,36.9,13,32,6.0,App,Moda,Android,0
1926,56,9,10,7.8,35,2.0,5,140.86,10.9,8,85,6.2,Web,Moda,iOS,0
1927,33,16,10,29.3,19,0.0,6,109.62,21.8,7,27,6.2,Web,Deporte,iOS,0
1928,40,8,11,34.2,32,3.0,2,112.46,22.0,5,62,6.4,App,Moda,iOS,0
1929,32,8,13,11.9,38,5.0,2,21.38,17.3,8,29,8.1,Web,Bienestar,Android,0
1930,36,28,11,22.8,30,7.0,3,96.21,13.8,5,7,6.8,App,Moda,Android,0
1931,35,27,15,18.8,34,11.0,3,130.4,28.1,3,9,8.7,App,Hogar,Android,1
1932,40,22,14,19.9,35,2.0,2,73.03999999999999,31.6,7,47,6.4,Web,Bienestar,Web,0
1933,48,15,11,24.4,36,6.0,3,56.94,31.9,9,34,7.2,Web,Hogar,Web,0
1934,53,8,4,11.7,33,7.0,5,35.45,44.4,10,58,6.9,Web,Tecnología,Android,0
1935,38,16,11,13.1,29,2.0,4,34.08,13.1,8,30,7.6,Web,Bienestar,iOS,0
1936,41,27,15,19.6,31,10.0,0,81.64,44.5,6,61,7.9,App,Hogar,Android,1
1937,22,26,8,20.8,33,5.0,6,65.92,35.0,10,45,7.2,App,Tecnología,Android,0
1938,34,50,14,13.0,39,5.0,4,65.41,12.1,7,12,10.0,Web,Deporte,Android,1
1939,45,45,6,28.3,36,10.0,5,173.89,41.9,9,26,9.3,App,Bienestar,Android,0
1940,45,23,13,18.7,37,6.0,3,37.59,50.5,4,21,6.5,App,Moda,iOS,0
1941,37,16,14,18.6,32,3.0,2,62.01,18.6,13,15,9.1,Web,Tecnología,Android,0
1942,45,13,13,24.3,35,3.0,1,190.42,39.6,4,29,9.0,Web,Moda,iOS,0
1943,40,7,14,21.0,43,5.0,2,63.17,42.5,10,60,5.4,Web,Tecnología,Web,0
1944,48,10,4,28.7,45,5.0,6,77.78,42.3,3,22,4.3,App,Deporte,Web,0
1945,38,27,17,14.5,30,8.0,3,68.11,51.1,14,14,7.6,Web,Tecnología,Android,0
1946,31,33,16,10.8,33,5.0,6,110.57,46.2,3,54,7.1,Web,Hogar,Android,0
1947,39,18,12,19.5,33,6.0,5,24.22,34.5,7,34,3.8,App,Bienestar,Web,0
1948,18,81,13,22.5,28,8.0,4,67.06,62.9,8,8,7.4,Web,Hogar,Web,0
1949,39,10,12,12.1,40,5.0,4,77.28,59.7,7,43,7.3,Web,Moda,iOS,1
1950,18,6,11,10.9,28,4.0,1,43.31,53.2,11,43,6.4,Tablet,Hogar,Android,0
1951,18,80,10,23.5,32,6.0,4,90.6,33.9,9,30,9.5,App,Tecnología,Android,0
1952,40,7,11,15.9,37,6.0,0,115.58,60.9,3,11,7.0,Web,Moda,Android,0
1953,40,18,9,10.4,40,5.0,3,96.16,8.5,7,20,6.7,Web,Hogar,Android,0
1954,22,13,13,29.7,36,5.0,3,199.56,13.7,9,24,7.3,App,Tecnología,Android,0
1955,27,28,7,16.9,37,4.0,3,59.09,20.4,8,30,5.4,App,Tecnología,iOS,1
1956,50,17,9,31.2,41,6.0,2,98.66,9.6,10,14,6.0,App,Deporte,iOS,0
1957,30,33,12,22.2,32,3.0,2,97.45,20.2,8,50,3.3,Web,Bienestar,iOS,0
1958,60,38,11,24.4,23,5.0,4,65.88,35.5,6,93,7.8,App,Hogar,Web,0
1959,35,7,18,20.3,36,3.0,5,139.89,1.6,10,16,8.5,Web,Deporte,iOS,1
1960,39,12,14,3.0,28,3.0,8,87.88,23.6,12,20,7.7,App,Tecnología,Android,0
1961,53,35,14,12.9,39,5.0,2,38.74,69.2,7,19,7.5,Tablet,Moda,iOS,0
1962,36,42,17,21.0,33,0.0,3,113.33,22.1,6,135,7.1,App,Moda,Android,0
1963,24,25,8,24.9,41,5.0,3,56.99,31.6,10,37,9.4,App,Hogar,Android,0
1964,34,29,14,7.7,31,8.0,4,62.8,64.1,7,62,7.0,App,Hogar,Android,1
1965,35,52,14,21.6,54,5.0,4,65.41,30.6,11,40,8.5,App,Tecnología,Web,1
1966,20,17,14,13.0,28,8.0,4,112.38,11.6,15,12,8.4,Tablet,Bienestar,Android,1
1967,32,25,13,23.9,27,7.0,4,135.77,59.3,10,15,5.3,Tablet,Deporte,Android,0
1968,27,45,16,21.8,46,3.0,3,68.7,31.2,8,19,8.2,Web,Tecnología,iOS,0
1969,45,47,9,27.9,41,2.0,4,66.57,9.5,5,20,5.7,Tablet,Moda,Web,0
1970,35,21,16,30.5,26,2.0,1,24.33,27.4,8,50,6.5,Tablet,Moda,iOS,0
1971,32,13,10,25.7,33,4.0,2,50.76,7.4,4,117,7.0,Web,Tecnología,Android,0
1972,34,21,12,28.9,39,5.0,3,44.56,4.5,5,27,9.0,App,Hogar,Web,0
1973,37,22,10,19.2,31,3.0,4,89.0,32.6,6,34,7.3,Web,Hogar,Android,0
1974,42,12,7,44.6,41,4.0,5,70.71,13.7,6,31,7.7,Web,Hogar,Android,0
1975,24,14,12,12.2,38,9.0,3,45.5,56.9,7,10,7.3,Web,Bienestar,Android,0
1976,24,47,10,17.8,30,4.0,5,81.57,29.3,8,72,7.0,Web,Moda,Android,1
1977,47,30,11,29.2,36,5.0,3,72.26,19.2,9,46,6.6,App,Bienestar,iOS,0
1978,30,18,3,28.0,38,4.0,5,73.03999999999999,49.9,9,28,9.0,Web,Deporte,iOS,1
1979,19,10,10,25.9,41,5.0,3,137.94,10.9,9,101,6.2,App,Moda,iOS,0
1980,40,14,14,27.4,51,4.0,4,130.77,22.2,7,8,5.1,Tablet,Tecnología,iOS,0
1981,40,6,5,5.3,35,2.0,4,65.8,40.3,12,52,7.3,App,Tecnología,iOS,0
1982,18,25,12,34.7,36,7.0,4,91.05,38.8,4,30,6.4,App,Deporte,Web,0
1983,38,13,15,20.4,37,5.0,2,62.71,55.7,8,23,7.6,App,Deporte,Android,0
1984,43,27,10,32.0,29,7.0,4,31.03,51.5,3,22,9.1,Web,Tecnología,iOS,0
1985,39,35,10,5.7,38,4.0,4,246.54,11.8,2,27,6.8,App,Deporte,Web,1
1986,42,27,12,24.1,32,4.0,2,113.28,17.0,13,25,7.8,App,Tecnología,Android,1
1987,20,17,12,17.5,40,5.0,1,73.03999999999999,20.3,6,42,7.1,App,Tecnología,Android,0
1988,39,12,9,26.6,36,3.0,2,64.13,89.5,11,37,8.0,Web,Hogar,Android,1
1989,32,9,10,24.5,31,6.0,6,139.32,17.0,9,68,5.9,App,Moda,iOS,0
1990,30,44,13,24.9,31,4.0,4,35.3,7.7,7,25,7.2,App,Tecnología,Android,0
1991,45,26,14,13.5,35,8.0,1,65.53,50.4,9,84,8.6,Tablet,Hogar,Android,0
1992,51,17,14,21.5,31,3.0,2,112.66,39.2,10,79,6.2,Tablet,Deporte,Android,0
1993,55,32,11,20.6,42,7.0,5,53.13,13.0,8,22,7.0,Web,Tecnología,Android,0
1994,49,40,12,26.0,27,6.0,4,123.76,5.4,8,86,7.2,App,Tecnología,Web,0
1995,34,13,11,29.9,42,4.0,3,88.64,21.2,4,17,5.2,Web,Tecnología,iOS,1
1996,39,26,16,23.2,33,7.0,3,84.16,27.8,4,52,8.3,App,Bienestar,Web,1
1997,43,26,9,11.8,36,7.0,3,50.47,76.1,12,41,6.5,Web,Tecnología,Android,1
1998,36,50,8,22.9,30,4.0,1,93.68,22.8,7,21,7.2,App,Moda,iOS,0
1999,36,17,8,42.9,32,5.0,3,217.11,14.2,6,41,8.1,App,Tecnología,iOS,0
2000,44,12,7,35.2,40,2.0,4,82.59,26.1,8,20,8.3,App,Moda,Android,0
2001,34,27,14,3.0,29,7.0,3,101.83,23.4,5,37,5.6,App,Moda,Android,0
2002,27,33,11,22.5,38,2.0,4,110.43,43.4,3,33,7.8,Tablet,Bienestar,Android,1
2003,30,24,6,29.5,39,8.0,1,39.97,36.4,11,23,8.6,Web,Bienestar,Android,0
2004,42,52,15,20.5,45,5.0,3,69.73,23.5,12,86,6.3,Web,Bienestar,iOS,1
2005,35,17,8,18.3,36,4.0,7,68.57,16.5,8,89,8.4,Web,Tecnología,iOS,0
2006,39,25,9,19.9,29,5.0,3,23.31,40.0,7,26,7.8,App,Deporte,Android,0
2007,42,7,9,26.4,37,6.0,3,115.75,11.4,7,74,7.9,App,Moda,Android,0
2008,31,11,9,12.8,54,6.0,0,44.92,10.8,7,19,8.5,App,Tecnología,Android,0
2009,43,14,14,31.5,40,6.0,4,108.99,5.2,12,8,6.0,App,Tecnología,iOS,0
2010,39,19,16,21.6,34,7.0,7,49.43,39.0,4,29,7.3,Tablet,Hogar,Android,1
2011,21,8,15,14.5,39,3.0,1,230.59,40.2,11,27,8.9,App,Moda,Web,0
2012,51,32,13,31.0,32,3.0,1,64.35,31.5,11,13,6.8,App,Moda,Web,0
2013,29,13,13,9.6,37,4.0,5,215.75,34.0,3,20,5.2,App,Moda,Web,1
2014,18,73,11,17.6,37,3.0,4,73.03999999999999,17.4,6,76,7.0,Web,Tecnología,iOS,1
2015,24,13,10,17.4,43,4.0,2,72.83,23.6,8,35,7.1,Web,Moda,iOS,0
2016,24,23,9,39.2,32,6.0,0,177.53,7.1,5,79,7.6,Tablet,Tecnología,iOS,0
2017,36,21,12,16.5,37,2.0,4,45.28,62.6,6,42,6.7,Tablet,Bienestar,Android,1
2018,32,10,10,4.8,39,4.0,4,77.09,23.7,7,50,9.7,App,Deporte,iOS,1
2019,31,19,17,17.3,38,1.0,4,100.91,78.4,5,43,6.0,App,Moda,iOS,0
2020,42,19,11,25.6,37,3.0,2,93.65,29.0,13,39,4.6,App,Bienestar,iOS,0
2021,39,38,20,28.3,32,3.0,5,76.8,23.0,8,26,5.2,Web,Hogar,Android,0
2022,38,28,20,40.2,47,7.0,1,71.21,18.9,11,46,6.2,App,Hogar,Android,1
2023,40,31,13,33.3,30,9.0,3,119.47,6.2,7,48,7.9,App,Hogar,iOS,0
2024,42,37,13,23.5,34,6.0,1,82.66,2.0,11,57,7.0,App,Tecnología,Android,0
2025,18,32,6,14.9,44,2.0,2,127.61,26.1,15,64,7.8,Web,Moda,Android,0
2026,31,25,14,35.0,25,4.0,1,93.04,31.3,9,81,6.3,App,Bienestar,iOS,0
2027,18,13,14,19.1,43,4.0,4,107.24,36.5,8,40,7.9,Web,Bienestar,Web,0
2028,35,24,7,16.7,26,11.0,2,139.9,31.8,7,44,5.1,App,Bienestar,Web,0
2029,35,12,13,18.7,22,5.0,1,63.24,54.9,8,38,7.5,App,Tecnología,Web,0
2030,47,20,13,12.0,45,1.0,4,137.83,24.1,11,80,8.1,App,Tecnología,Android,1
2031,48,19,13,18.3,48,5.0,4,68.8,25.0,4,41,6.0,Tablet,Tecnología,iOS,0
2032,37,19,8,20.1,40,10.0,4,34.71,29.5,6,41,9.6,Tablet,Deporte,Android,0
2033,29,8,13,27.8,34,5.0,2,62.58,41.7,6,45,4.6,App,Moda,iOS,0
2034,40,1,20,18.9,41,3.0,4,50.4,59.2,4,45,8.3,App,Moda,iOS,0
2035,29,16,9,11.9,26,5.0,6,92.2,7.8,8,38,8.4,App,Tecnología,Web,0
2036,35,42,11,9.2,37,9.0,2,64.09,9.5,12,23,6.1,App,Deporte,Web,0
2037,46,23,13,23.7,38,12.0,2,80.46,7.2,6,22,7.7,App,Tecnología,iOS,1
2038,29,41,12,22.6,41,7.0,2,131.01,38.0,15,13,6.1,App,Tecnología,Android,1
2039,44,12,11,17.6,29,7.0,5,169.81,15.5,10,29,7.7,Web,Moda,Android,0
2040,42,16,14,18.3,35,5.0,2,88.1,31.8,8,12,7.0,App,Bienestar,iOS,1
2041,24,75,17,25.1,32,5.0,2,136.26,13.5,9,6,7.3,App,Deporte,Android,0
2042,46,12,15,33.1,28,2.0,3,68.04,53.1,8,61,6.4,Web,Tecnología,Android,0
2043,43,31,10,15.8,34,5.0,3,31.75,42.6,12,23,6.5,Web,Hogar,Android,0
2044,36,31,14,22.7,37,7.0,3,39.21,32.5,8,4,6.2,App,Bienestar,Android,0
2045,27,29,12,29.7,30,5.0,3,67.35,39.1,12,65,8.2,Tablet,Deporte,Web,0
2046,26,31,19,15.8,44,4.0,3,116.17,19.9,8,16,9.6,Web,Moda,Android,1
2047,29,12,8,21.9,39,4.0,2,67.45,50.0,8,28,10.0,Tablet,Hogar,iOS,1
2048,41,17,13,21.7,37,5.0,5,143.99,36.5,7,60,8.6,App,Hogar,iOS,0
2049,24,2,14,11.5,42,2.0,2,205.39,53.7,11,47,7.3,Web,Deporte,iOS,0
2050,40,51,9,23.3,38,7.0,3,46.01,8.2,9,11,8.7,Web,Moda,Web,1
2051,21,31,7,22.3,28,4.0,7,241.33,20.1,12,13,7.8,App,Bienestar,Web,0
2052,33,14,10,26.4,35,3.0,4,30.52,16.0,5,33,6.8,App,Deporte,Android,0
2053,36,12,8,12.5,49,4.0,2,207.34,16.0,6,15,10.0,App,Bienestar,Android,0
2054,62,43,17,22.1,36,6.0,2,73.63,4.0,8,42,8.6,App,Moda,Android,0
2055,20,13,9,33.1,28,4.0,2,65.98,43.7,12,36,6.2,Web,Moda,Web,1
2056,51,13,16,38.6,38,4.0,1,74.67,10.6,7,88,8.6,App,Bienestar,Android,0
2057,37,10,9,32.2,39,6.0,5,48.3,21.9,7,35,8.1,App,Tecnología,iOS,0
2058,40,35,12,12.6,29,6.0,4,171.29,39.2,9,22,6.0,App,Tecnología,iOS,0
2059,36,40,11,25.6,31,8.0,5,51.26,33.7,5,18,7.4,App,Tecnología,Web,0
2060,40,19,9,18.1,40,7.0,4,54.98,28.4,4,21,7.2,App,Deporte,iOS,0
2061,33,40,9,24.3,29,4.0,3,35.12,14.3,10,66,3.6,Web,Bienestar,iOS,0
2062,51,27,15,15.8,30,6.0,1,50.18,21.7,7,34,5.3,App,Tecnología,iOS,1
2063,30,10,15,8.3,43,3.0,3,51.03,52.9,10,28,8.8,Tablet,Deporte,Android,0
2064,47,49,10,19.2,38,8.0,5,49.18,18.5,8,40,6.3,Tablet,Deporte,Android,0
2065,28,10,12,27.8,27,6.0,7,68.09,20.2,8,12,8.1,App,Deporte,iOS,0
2066,34,20,21,24.3,36,5.0,2,40.62,35.4,8,41,9.1,App,Hogar,iOS,0
2067,23,19,40,25.2,41,6.0,8,1508.906938793685,19.5,8,29,4.4,Web,Tecnología,Web,0
2068,40,17,10,23.7,30,3.0,5,68.95,17.4,9,27,9.6,Web,Tecnología,Android,1
2069,51,4,20,25.2,37,9.0,3,92.13,14.9,5,79,7.1,Web,Tecnología,Android,0
2070,34,66,19,26.2,38,4.0,2,120.48,15.3,6,27,7.8,App,Tecnología,iOS,0
2071,33,5,7,19.8,34,6.0,7,228.42,32.9,5,31,10.0,Tablet,Deporte,Android,0
2072,23,51,14,22.7,37,5.0,0,123.71,49.3,4,20,8.6,Web,Moda,iOS,0
2073,32,12,14,35.9,43,5.0,4,65.44,27.7,13,50,7.1,Tablet,Deporte,Android,0
2074,18,14,8,23.1,59,2.0,2,73.03999999999999,29.7,9,129,6.6,App,Moda,iOS,0
2075,25,48,12,22.3,29,3.0,2,90.33,21.2,8,14,6.7,Web,Tecnología,Android,0
2076,37,29,22,22.8,25,3.0,4,134.53,36.9,12,31,6.5,Web,Deporte,Android,0
2077,50,7,11,20.3,28,3.0,2,81.09,46.4,1,19,9.1,App,Tecnología,iOS,1
2078,66,7,14,18.5,36,3.0,2,77.74,29.0,11,62,8.1,Web,Deporte,iOS,1
2079,29,26,13,23.7,34,6.0,3,84.34,17.1,10,63,7.6,App,Moda,Web,1
2080,51,10,11,18.0,52,3.0,1,26.82,35.7,8,23,7.0,Web,Deporte,iOS,1
2081,38,30,13,20.8,37,5.0,3,81.29,16.7,14,39,8.3,App,Hogar,iOS,0
2082,33,32,8,15.7,36,6.0,5,112.2,21.5,7,32,4.7,Web,Hogar,iOS,0
2083,40,12,10,22.9,32,9.0,2,73.14,7.7,5,25,9.9,App,Deporte,iOS,1
2084,36,15,12,26.7,34,3.0,4,139.13,6.7,4,55,6.9,App,Bienestar,Web,0
2085,36,27,11,20.3,33,3.0,2,141.71,26.0,10,22,6.0,App,Moda,Android,1
2086,31,12,5,5.9,25,4.0,2,56.85,12.7,9,42,8.9,App,Tecnología,iOS,1
2087,20,23,6,26.7,30,5.0,2,95.63,9.1,8,16,8.9,App,Moda,Android,1
2088,18,78,18,23.0,39,7.0,5,76.78,32.4,5,110,7.2,App,Tecnología,Android,0
2089,42,28,13,14.1,34,4.0,3,24.58,13.8,6,33,9.2,App,Hogar,iOS,0
2090,32,17,13,28.2,30,5.0,6,67.66,21.9,10,23,8.7,App,Hogar,iOS,1
2091,28,70,16,10.8,29,1.0,3,42.54,12.0,11,24,7.8,Web,Deporte,iOS,0
2092,35,36,15,30.4,38,6.0,5,80.74,31.9,8,30,5.0,App,Moda,Android,1
2093,44,10,24,21.5,35,5.0,1,109.18,33.7,6,30,7.5,App,Tecnología,Android,0
2094,37,11,11,3.8,42,7.0,4,66.54,40.2,6,11,7.3,App,Deporte,iOS,0
2095,28,5,8,23.4,31,6.0,2,45.72,7.6,10,63,7.0,App,Deporte,iOS,0
2096,48,27,10,18.8,42,4.0,1,85.3,24.9,7,23,6.8,Web,Deporte,Android,1
2097,52,4,18,17.5,31,6.0,4,287.59,54.1,8,95,7.3,Web,Tecnología,iOS,1
2098,40,70,13,16.1,35,8.0,2,22.71,21.1,10,40,5.6,App,Deporte,iOS,0
2099,46,18,9,21.0,31,3.0,2,85.25,34.1,9,22,9.0,App,Bienestar,Android,1
2100,49,38,2,18.1,37,6.0,1,55.61,16.9,8,49,7.2,App,Tecnología,iOS,0
2101,47,17,14,7.1,32,5.0,1,59.33,26.2,7,33,6.1,App,Moda,iOS,0
2102,42,26,12,32.2,40,5.0,2,70.8,8.0,8,97,6.9,App,Moda,Android,0
2103,42,20,16,20.0,39,3.0,2,73.03999999999999,33.6,4,40,7.6,App,Bienestar,iOS,0
2104,41,22,11,16.1,39,4.0,5,104.43,10.4,5,62,9.3,App,Hogar,Android,0
2105,23,45,16,13.0,34,2.0,0,65.66,65.1,12,49,8.3,App,Bienestar,Web,0
2106,43,58,12,28.2,29,2.0,5,22.84,7.5,9,17,9.0,App,Tecnología,iOS,0
2107,20,55,12,11.6,33,2.0,3,151.61,33.3,6,94,7.2,App,Hogar,Android,0
2108,26,96,16,23.1,48,1.0,5,139.57,37.4,11,12,7.0,App,Deporte,iOS,0
2109,49,13,6,17.3,41,3.0,4,53.72,0.2,6,31,9.9,App,Moda,Android,0
2110,44,28,18,17.8,16,10.0,2,77.08,58.4,12,42,7.1,App,Tecnología,Web,1
2111,51,13,17,13.2,34,2.0,1,146.52,31.3,10,6,6.5,App,Hogar,Android,0
2112,32,44,10,17.0,32,5.0,4,132.39,35.6,14,21,6.4,Tablet,Bienestar,Android,1
2113,22,10,13,22.1,35,6.0,5,158.23,24.4,3,38,7.7,App,Moda,Web,0
2114,32,45,4,23.9,32,6.0,7,92.15,40.2,9,40,5.8,Web,Deporte,Web,1
2115,36,25,7,15.7,23,7.0,5,114.52,26.3,4,104,7.6,App,Tecnología,Android,1
2116,36,21,13,21.3,39,6.0,4,162.77,14.7,5,68,7.5,App,Bienestar,Android,0
2117,47,22,5,29.1,42,7.0,3,62.1,30.6,5,24,8.1,App,Moda,Web,0
2118,31,9,11,8.7,36,3.0,4,95.57,23.3,17,6,4.9,App,Bienestar,Android,1
2119,39,10,18,21.9,31,1.0,2,23.03,9.9,5,10,4.5,App,Hogar,iOS,0
2120,24,25,18,14.4,55,5.0,2,31.46,7.7,9,33,6.7,App,Tecnología,iOS,0
2121,40,25,15,13.6,31,5.0,3,98.74,15.0,9,52,7.1,Web,Moda,iOS,0
2122,35,14,13,24.1,25,3.0,2,107.39,12.5,9,20,7.3,Web,Moda,iOS,0
2123,27,18,13,17.6,34,6.0,1,60.61,9.8,7,102,5.4,App,Bienestar,iOS,0
2124,32,30,10,12.3,33,7.0,8,53.73,25.4,7,34,7.9,App,Tecnología,Android,0
2125,33,12,10,32.6,30,4.0,2,61.68,29.9,9,29,6.9,App,Deporte,Web,0
2126,32,5,14,29.4,38,4.0,4,83.35,41.9,5,110,8.4,App,Tecnología,Android,0
2127,54,52,14,6.5,44,4.0,4,21.01,41.5,14,98,5.4,Web,Hogar,Android,0
2128,34,26,10,10.2,35,6.0,3,96.89,24.1,10,64,7.1,App,Bienestar,iOS,1
2129,32,15,10,26.7,46,1.0,4,76.35,65.6,9,26,9.6,Web,Moda,Android,0
2130,18,13,9,19.7,33,0.0,5,85.93,14.1,10,104,6.9,App,Tecnología,Android,0
2131,25,12,6,34.0,41,4.0,1,70.07,32.4,5,69,6.5,Web,Deporte,iOS,0
2132,32,44,64,26.9,48,4.0,1,215.8453798151496,14.0,11,33,8.6,App,Deporte,iOS,0
2133,27,8,11,24.4,29,5.0,2,41.0,21.1,6,87,9.0,App,Hogar,iOS,0
2134,50,28,12,13.8,31,4.0,2,173.37,37.8,8,25,6.4,Web,Tecnología,Android,1
2135,33,28,9,25.9,34,5.0,2,52.67,44.3,10,12,6.5,App,Deporte,Android,0
2136,49,35,13,11.8,43,3.0,6,116.95,36.4,15,27,8.5,Web,Deporte,Android,0
2137,36,17,11,32.4,29,4.0,6,41.35,20.2,12,11,7.7,App,Tecnología,iOS,0
2138,35,50,22,25.4,30,1.0,2,74.38,15.9,11,34,7.8,Web,Tecnología,Android,0
2139,34,36,12,15.4,47,6.0,4,58.86,30.0,13,33,7.6,App,Hogar,iOS,0
2140,35,16,14,28.4,33,4.0,5,64.03,39.3,7,22,7.2,App,Deporte,Web,1
2141,54,13,14,39.9,30,8.0,4,62.21,21.1,12,69,8.7,Web,Tecnología,Web,0
2142,18,20,11,20.3,29,5.0,5,165.94,32.1,7,41,9.2,App,Moda,Android,0
2143,18,16,10,26.4,26,6.0,3,216.5,14.3,13,24,5.9,Web,Moda,iOS,0
2144,29,11,12,18.5,27,4.0,6,85.47,43.8,15,29,8.5,Web,Tecnología,iOS,0
2145,35,23,16,22.7,35,5.0,3,59.77,20.2,7,55,7.2,Web,Moda,iOS,0
2146,43,18,13,9.9,41,7.0,2,36.1,33.5,7,67,5.5,Web,Deporte,iOS,0
2147,40,57,16,22.0,50,3.0,4,34.76,46.6,9,38,6.0,Tablet,Hogar,iOS,0
2148,31,16,10,22.3,30,3.0,2,166.44,31.2,8,19,6.7,App,Moda,Android,1
2149,46,13,20,36.4,28,5.0,3,33.44,37.0,7,30,8.8,Web,Deporte,Android,1
2150,46,22,13,7.6,24,6.0,3,58.87,40.4,5,51,5.9,App,Hogar,iOS,1
2151,37,26,14,19.8,41,4.0,4,81.69,44.4,9,77,4.8,App,Tecnología,Android,0
2152,46,27,15,32.3,46,2.0,5,17.93,38.8,10,27,6.9,Tablet,Moda,iOS,0
2153,38,27,13,20.1,25,5.0,4,37.7,24.9,4,17,6.6,App,Tecnología,iOS,0
2154,29,22,14,20.6,39,6.0,5,35.92,46.8,10,58,8.8,Web,Hogar,iOS,1
2155,43,21,13,15.3,38,1.0,5,52.01,28.6,13,75,7.7,Web,Moda,Android,0
2156,36,32,8,14.5,46,6.0,4,86.47,21.4,7,37,8.3,Tablet,Tecnología,iOS,1
2157,35,10,19,7.4,39,4.0,2,132.0,27.6,2,20,6.7,App,Bienestar,Android,0
2158,51,13,14,17.0,21,6.0,4,52.07,48.6,5,27,5.6,Web,Hogar,Android,0
2159,18,6,14,14.1,27,4.0,2,58.18,40.1,6,38,9.1,App,Hogar,iOS,0
2160,19,11,11,22.9,29,5.0,3,70.23,43.0,11,23,6.5,Web,Moda,Android,0
2161,22,41,7,15.7,40,7.0,4,48.16,36.8,6,14,8.2,App,Hogar,Web,0
2162,31,31,10,18.2,36,7.0,3,94.38,39.3,6,23,6.8,Web,Tecnología,Android,1
2163,32,62,18,18.4,30,6.0,3,95.99,30.7,5,27,8.2,Tablet,Tecnología,iOS,1
2164,18,53,7,21.6,31,9.0,7,16.79,31.9,10,27,7.7,Web,Hogar,Web,0
2165,24,31,11,17.8,36,1.0,1,106.61,19.2,7,5,7.5,Web,Bienestar,Android,0
2166,26,24,16,13.5,39,3.0,0,80.44,61.3,8,163,7.9,App,Tecnología,Android,0
2167,62,22,13,22.7,35,9.0,5,86.47,16.3,8,23,7.0,App,Bienestar,Android,0
2168,55,3,11,30.5,32,8.0,1,143.49,21.0,6,16,4.9,App,Deporte,iOS,0
2169,30,20,7,23.0,35,4.0,2,28.08,43.8,9,29,7.7,App,Moda,Android,0
2170,31,14,10,17.1,38,5.0,0,37.6,35.8,11,71,8.9,Web,Moda,Web,0
2171,22,11,14,21.0,34,6.0,4,72.16,19.9,9,69,7.2,App,Tecnología,iOS,0
2172,18,28,12,5.6,36,5.0,5,20.92,26.3,11,62,7.3,Web,Bienestar,iOS,0
2173,34,19,7,20.9,35,9.0,2,66.76,35.4,6,90,7.7,App,Moda,iOS,0
2174,24,23,13,18.8,41,5.0,1,119.44,53.1,12,19,8.7,Web,Moda,iOS,1
2175,34,10,14,14.5,44,6.0,6,93.28,37.7,5,14,6.9,App,Hogar,Android,0
2176,18,37,10,16.0,45,9.0,2,78.33,49.2,10,51,5.2,App,Deporte,iOS,0
2177,27,16,9,18.7,42,5.0,2,65.99,29.6,16,26,7.5,Tablet,Deporte,iOS,0
2178,37,27,8,29.9,26,2.0,2,59.27,13.0,6,60,7.8,Web,Tecnología,iOS,0
2179,39,17,9,30.7,35,5.0,2,57.42,18.4,12,67,7.5,Web,Tecnología,iOS,0
2180,40,3,12,14.6,49,7.0,4,85.05,19.5,8,42,6.6,App,Moda,iOS,0
2181,20,29,21,17.9,32,7.0,3,31.96,26.1,3,32,7.8,Web,Deporte,iOS,1
2182,44,20,10,18.1,24,4.0,3,167.7,16.9,7,82,7.0,App,Tecnología,iOS,1
2183,26,6,16,28.5,41,3.0,2,49.99,11.5,7,39,6.7,App,Bienestar,iOS,0
2184,42,9,11,23.2,39,5.0,2,101.92,24.9,8,24,6.9,App,Tecnología,Web,0
2185,35,37,11,22.7,24,7.0,2,78.39,41.9,6,32,7.5,App,Bienestar,iOS,1
2186,20,6,7,26.3,28,5.0,3,39.76,1.7,13,37,7.7,App,Moda,Android,0
2187,32,15,10,17.2,41,8.0,3,152.7,76.7,6,7,6.6,Web,Moda,iOS,1
2188,39,65,14,32.9,31,14.0,1,135.95,25.9,10,95,7.6,App,Deporte,Web,1
2189,42,29,11,22.0,29,4.0,3,31.61,17.4,8,20,7.8,Web,Deporte,Android,0
2190,33,34,15,15.2,38,3.0,4,72.03,23.9,10,10,8.1,App,Tecnología,Web,0
2191,52,18,18,20.2,27,6.0,6,84.06,24.1,4,39,8.0,App,Bienestar,iOS,0
2192,46,5,10,31.9,46,3.0,1,24.0,32.3,9,43,9.1,Web,Hogar,Android,0
2193,32,24,14,18.6,41,6.0,2,23.36,41.9,4,21,8.3,App,Deporte,Web,0
2194,43,9,21,29.6,34,3.0,4,47.42,36.8,7,27,10.0,Web,Tecnología,iOS,1
2195,56,9,12,17.0,38,2.0,2,36.42,16.7,8,39,8.7,App,Tecnología,Web,0
2196,57,23,9,15.9,35,7.0,4,42.25,55.8,7,38,8.7,App,Bienestar,iOS,0
2197,21,10,13,27.3,35,1.0,4,36.43,21.1,9,59,5.6,App,Hogar,iOS,0
2198,25,21,10,15.0,31,7.0,2,70.12,4.0,5,39,8.4,App,Hogar,Android,0
2199,51,13,16,28.6,38,4.0,3,45.91,64.9,2,9,8.5,App,Tecnología,Android,0
2200,23,20,10,24.8,34,3.0,5,138.4,15.5,6,32,7.2,Web,Bienestar,Android,0
2201,20,15,9,15.0,50,1.0,2,82.82,30.0,11,49,4.4,Web,Moda,iOS,0
2202,30,21,17,21.4,33,1.0,6,116.09,62.2,7,23,4.0,Web,Deporte,Android,0
2203,40,50,7,17.6,39,2.0,3,29.63,15.9,6,31,6.9,App,Bienestar,Web,0
2204,34,35,16,24.8,33,5.0,3,53.09,50.3,6,55,6.5,Web,Deporte,Android,1
2205,28,19,14,37.1,40,1.0,2,80.83,31.1,5,38,5.2,Web,Bienestar,iOS,0
2206,28,45,17,19.0,34,8.0,4,96.22,28.0,9,49,7.8,App,Tecnología,Web,0
2207,27,28,13,26.3,49,8.0,1,52.52,14.9,7,42,5.7,App,Hogar,Android,0
2208,25,44,4,22.2,51,5.0,4,56.93,26.7,7,30,5.0,App,Deporte,Android,0
2209,60,7,8,22.2,37,4.0,2,60.47,21.2,15,113,10.0,Web,Tecnología,Android,0
2210,38,10,7,20.7,32,4.0,3,63.67,24.2,9,17,8.0,App,Deporte,Web,0
2211,45,24,13,15.1,38,1.0,0,246.61,23.2,7,11,6.7,App,Moda,Web,0
2212,30,19,6,24.7,37,5.0,5,89.1,29.9,4,35,5.3,Tablet,Tecnología,iOS,1
2213,33,21,16,19.7,35,5.0,2,76.66,16.6,5,30,6.1,Web,Hogar,iOS,0
2214,27,30,6,14.8,37,5.0,2,37.53,19.3,4,35,6.4,App,Bienestar,iOS,0
2215,18,24,11,30.1,26,3.0,6,38.02,35.0,8,63,6.5,App,Deporte,iOS,0
2216,20,37,11,22.8,40,4.0,4,66.7,34.2,7,19,6.8,App,Moda,iOS,1
2217,18,36,13,20.2,32,4.0,4,139.66,52.4,9,5,5.6,App,Moda,Android,0
2218,18,10,12,32.7,44,1.0,2,67.22,4.3,15,145,6.1,App,Tecnología,iOS,0
2219,22,3,18,7.3,26,4.0,2,68.82,37.2,8,30,4.9,App,Moda,Web,0
2220,50,10,13,32.2,38,5.0,1,49.81,31.5,4,48,4.5,App,Bienestar,iOS,0
2221,35,9,13,15.0,33,5.0,5,28.78,33.8,10,31,5.2,App,Bienestar,Android,0
2222,49,22,13,23.7,35,2.0,0,95.37,4.6,9,27,6.4,App,Tecnología,Android,1
2223,40,22,10,17.3,44,7.0,4,65.21,56.0,10,32,6.9,Web,Tecnología,Web,0
2224,44,18,10,14.6,33,6.0,3,95.85,25.1,7,50,8.0,Web,Tecnología,Android,0
2225,25,28,14,32.5,32,11.0,4,81.66,30.3,6,61,7.9,Tablet,Hogar,Android,0
2226,41,82,12,36.8,45,6.0,6,44.13,8.7,8,81,8.2,App,Hogar,Android,0
2227,43,18,5,20.2,32,4.0,0,84.9,16.8,11,53,6.9,App,Deporte,Android,0
2228,29,25,13,24.7,34,3.0,4,36.87,16.0,4,31,8.2,App,Tecnología,Android,0
2229,41,21,13,22.5,35,8.0,5,84.53,43.3,5,110,4.3,Web,Moda,Android,0
2230,41,14,16,35.8,31,5.0,3,72.45,48.6,4,49,8.1,Web,Bienestar,iOS,0
2231,29,31,12,5.1,37,7.0,1,175.01,20.0,6,54,7.2,Tablet,Tecnología,Android,0
2232,23,17,10,25.0,38,3.0,2,73.03999999999999,22.0,4,82,8.6,App,Tecnología,Android,0
2233,22,12,8,16.2,41,6.0,2,36.15,25.1,8,35,3.5,App,Tecnología,iOS,0
2234,36,12,13,3.2,31,8.0,3,59.75,25.1,8,77,8.6,App,Bienestar,Android,0
2235,39,38,12,19.1,32,7.0,3,104.85,14.4,9,10,5.0,Web,Deporte,Android,1
2236,26,30,14,36.8,25,3.0,2,16.1,9.7,12,32,8.9,Web,Hogar,iOS,1
2237,35,15,14,16.8,32,9.0,5,121.39,47.1,8,87,6.1,Web,Hogar,iOS,0
2238,41,28,6,28.3,33,6.0,3,66.87,18.4,7,68,7.9,Web,Moda,iOS,0
2239,42,21,11,31.6,35,4.0,4,40.02,43.8,7,44,7.2,Tablet,Moda,Android,0
2240,52,25,12,21.9,44,4.0,2,61.26,10.8,6,15,8.7,App,Hogar,Web,0
2241,49,14,9,23.0,31,6.0,5,49.89,17.6,8,8,7.5,App,Hogar,Android,0
2242,24,10,8,8.3,36,6.0,2,38.23,32.5,9,34,9.5,Web,Bienestar,Android,0
2243,54,17,8,16.3,36,6.0,4,25.82,24.3,12,31,6.3,App,Moda,Android,0
2244,29,11,11,29.3,31,4.0,3,112.08,18.6,9,60,5.9,Web,Tecnología,iOS,0
2245,46,10,18,22.5,36,2.0,1,55.13,48.2,9,39,6.4,Web,Deporte,iOS,0
2246,36,7,12,24.9,31,2.0,1,60.47,10.9,7,66,8.2,Web,Tecnología,Web,0
2247,30,3,16,23.1,33,6.0,3,73.03999999999999,24.4,5,43,8.2,App,Deporte,iOS,0
2248,18,15,16,39.5,35,5.0,3,77.34,31.4,2,18,5.5,App,Bienestar,Android,0
2249,33,42,9,18.6,40,4.0,7,31.81,33.9,11,47,6.1,App,Tecnología,iOS,0
2250,18,36,14,34.8,48,5.0,6,108.58,43.6,6,36,7.7,App,Hogar,Android,0
2251,46,55,16,23.1,38,5.0,6,169.63,20.1,4,34,9.0,App,Deporte,Web,0
2252,52,10,14,35.6,38,7.0,5,98.91,24.5,11,38,6.3,Web,Tecnología,Android,0
2253,26,32,14,12.2,39,5.0,7,46.61,22.8,6,44,5.3,Tablet,Tecnología,Android,0
2254,38,19,12,23.5,35,8.0,2,33.36,45.0,13,35,8.7,App,Tecnología,Web,0
2255,27,12,13,18.9,27,10.0,8,45.68,15.8,5,11,4.9,Web,Hogar,iOS,1
2256,28,39,7,23.1,27,2.0,1,79.37,43.0,8,13,8.1,App,Hogar,Android,1
2257,44,19,13,31.8,30,4.0,4,164.34,11.8,10,26,4.3,App,Bienestar,iOS,0
2258,35,5,10,25.0,44,5.0,3,49.39,11.1,10,74,7.1,App,Bienestar,Android,0
2259,54,35,13,31.8,39,4.0,6,52.49,15.0,6,40,6.8,App,Deporte,Android,1
2260,30,27,15,16.6,45,9.0,1,131.54,36.5,8,34,6.2,Web,Tecnología,Android,0
2261,46,23,24,15.4,33,8.0,6,59.07,19.3,7,108,9.3,App,Tecnología,Web,0
2262,36,8,9,22.1,44,6.0,4,192.52,12.0,10,43,7.2,App,Moda,iOS,0
2263,44,25,15,21.7,41,2.0,0,69.13,17.0,10,35,7.1,App,Moda,Android,0
2264,30,50,11,20.5,37,2.0,3,142.56,18.9,5,28,6.9,App,Tecnología,iOS,0
2265,34,26,16,14.3,26,5.0,4,92.57,31.3,10,25,6.2,Web,Bienestar,Web,0
2266,34,6,9,31.6,31,7.0,2,110.65,28.5,8,9,9.9,Web,Moda,iOS,1
2267,26,28,11,19.1,39,5.0,6,68.04,40.5,9,35,6.8,App,Tecnología,Android,0
2268,42,26,13,33.4,35,6.0,7,70.53,38.5,6,14,9.9,Web,Bienestar,Web,1
2269,42,34,15,22.1,39,5.0,2,94.43,18.8,6,20,6.1,App,Moda,Web,0
2270,42,26,8,27.2,32,8.0,0,116.33,2.1,9,14,7.3,App,Bienestar,iOS,0
2271,52,10,19,26.5,44,5.0,6,100.17,21.7,5,103,6.6,Tablet,Bienestar,iOS,0
2272,51,22,10,15.4,23,6.0,4,28.37,34.8,12,42,6.2,Tablet,Tecnología,Android,1
2273,31,17,10,24.9,40,3.0,4,86.42,23.6,12,77,7.0,App,Deporte,Android,0
2274,39,24,12,37.4,31,7.0,2,52.27,15.2,12,58,9.6,App,Tecnología,iOS,0
2275,28,40,9,24.0,40,3.0,5,55.55,27.2,9,30,9.1,Web,Hogar,Web,0
2276,35,13,14,29.2,48,2.0,3,96.46,39.1,6,22,7.3,Web,Hogar,iOS,0
2277,28,60,7,27.5,40,7.0,3,190.82,40.1,5,30,5.4,Web,Deporte,Web,1
2278,53,27,8,24.5,35,4.0,5,66.01,40.4,8,18,7.8,Web,Moda,iOS,0
2279,39,36,9,23.5,33,4.0,1,221.98,27.1,8,5,6.6,App,Tecnología,iOS,0
2280,33,33,13,26.4,41,7.0,1,41.02,18.8,9,10,5.9,App,Hogar,iOS,0
2281,48,27,9,28.1,48,4.0,3,147.67,37.7,9,52,8.2,Tablet,Bienestar,Android,0
2282,18,30,7,11.2,33,7.0,2,95.05,28.6,12,11,5.5,App,Hogar,iOS,0
2283,18,1,6,24.0,38,3.0,3,84.12,49.2,8,20,7.4,Tablet,Tecnología,Android,0
2284,44,33,15,20.5,30,12.0,2,160.49,47.7,10,29,7.9,App,Deporte,iOS,0
2285,36,11,52,18.9,30,6.0,5,444.1519222504689,23.0,6,15,8.2,App,Tecnología,iOS,1
2286,38,20,9,32.4,28,3.0,1,151.43,38.5,4,48,5.5,Web,Hogar,iOS,1
2287,20,27,17,16.1,39,5.0,2,66.88,7.9,8,65,9.6,App,Deporte,Web,0
2288,35,41,19,10.8,41,9.0,2,52.68,12.3,7,12,7.7,App,Tecnología,Android,1
2289,57,11,13,28.4,29,5.0,2,36.16,39.3,4,11,7.3,App,Tecnología,Web,0
2290,44,15,8,10.6,27,0.0,3,179.37,44.7,8,23,5.4,App,Tecnología,iOS,0
2291,37,17,9,6.6,28,4.0,1,140.5,12.3,6,54,6.1,Tablet,Bienestar,iOS,0
2292,30,24,13,29.3,40,1.0,3,57.66,12.5,14,53,6.8,Web,Tecnología,iOS,1
2293,31,18,9,23.3,37,5.0,5,101.24,5.6,9,10,7.2,Web,Bienestar,Android,0
2294,18,30,13,25.8,36,4.0,2,80.41,61.0,7,44,7.7,App,Bienestar,Android,0
2295,38,5,8,18.5,38,5.0,2,61.77,34.7,10,30,6.8,Tablet,Deporte,Android,1
2296,44,19,6,10.9,28,6.0,5,127.5,12.5,11,70,9.3,Web,Bienestar,Android,1
2297,18,53,11,12.5,23,5.0,2,53.17,33.5,5,17,6.7,Web,Deporte,Android,1
2298,28,18,15,19.8,35,6.0,5,22.47,16.1,7,14,7.5,App,Tecnología,Android,1
2299,22,27,18,11.8,25,6.0,7,86.52,6.9,12,55,8.8,App,Tecnología,iOS,0
2300,24,37,10,24.5,28,3.0,3,77.81,21.9,7,10,6.5,App,Bienestar,iOS,0
2301,36,27,13,18.3,44,3.0,1,54.12,78.7,9,37,5.3,Web,Moda,iOS,1
2302,18,63,12,23.5,28,5.0,2,45.91,38.3,7,31,6.7,App,Bienestar,Android,0
2303,42,22,13,23.2,43,3.0,3,31.81,36.1,11,24,8.5,Web,Hogar,iOS,0
2304,43,31,9,25.1,35,6.0,5,61.44,11.7,9,27,7.4,Web,Tecnología,Web,0
2305,32,25,10,26.0,35,3.0,5,46.34,20.0,10,37,8.2,App,Tecnología,iOS,0
2306,18,47,9,19.2,35,6.0,5,127.47,54.2,10,6,5.4,Web,Moda,iOS,0
2307,24,16,20,23.5,35,6.0,4,99.64,31.5,8,17,5.0,App,Tecnología,iOS,0
2308,49,66,12,23.9,37,8.0,4,57.45,13.1,8,8,8.1,App,Deporte,Web,0
2309,18,13,9,3.0,25,4.0,2,99.98,51.4,7,3,7.7,Tablet,Bienestar,Android,0
2310,31,56,14,27.2,35,6.0,2,70.7,38.6,7,9,6.0,App,Moda,Android,1
2311,22,10,7,23.2,32,4.0,2,64.67,9.2,9,31,5.7,Web,Hogar,iOS,0
2312,44,32,7,26.5,38,0.0,3,72.77,15.0,13,49,7.0,Web,Hogar,Android,0
2313,28,21,13,11.7,35,2.0,6,198.68,49.4,8,64,7.2,App,Deporte,Android,1
2314,39,37,14,19.5,39,2.0,4,106.88,22.9,4,61,5.6,App,Hogar,Web,0
2315,41,28,8,13.3,32,6.0,5,63.65,50.2,6,38,7.2,Web,Tecnología,Android,0
2316,55,35,13,28.0,25,4.0,7,122.62,55.8,7,5,7.3,Tablet,Tecnología,iOS,0
2317,33,10,13,10.8,43,7.0,4,120.22,27.6,9,10,6.4,App,Hogar,Android,0
2318,39,6,16,14.6,35,9.0,3,86.52,24.6,15,48,5.4,App,Tecnología,Android,0
2319,19,9,13,26.3,39,5.0,6,62.6,4.4,9,15,7.1,App,Tecnología,Android,0
2320,48,8,14,17.0,30,3.0,2,60.37,19.4,6,63,6.4,Tablet,Bienestar,Android,0
2321,27,10,14,14.6,33,7.0,5,41.52,12.1,10,19,9.2,App,Moda,Android,0
2322,29,14,13,29.3,29,7.0,4,82.83,22.2,8,45,7.7,App,Bienestar,iOS,0
2323,35,14,14,29.6,39,7.0,3,53.63,36.8,9,44,5.4,App,Moda,iOS,0
2324,18,21,6,27.8,30,9.0,2,58.99,17.2,4,73,8.5,Tablet,Moda,Android,1
2325,38,12,5,28.8,26,5.0,4,105.71,10.0,7,32,7.0,Tablet,Hogar,iOS,0
2326,46,12,16,20.1,31,3.0,5,189.7,28.9,8,32,8.3,Tablet,Deporte,iOS,0
2327,38,18,12,20.4,42,6.0,4,92.14,25.3,10,35,5.5,App,Tecnología,Android,0
2328,18,40,7,16.8,32,7.0,3,70.79,21.7,12,61,8.1,App,Moda,Android,0
2329,34,16,13,23.3,38,3.0,3,74.23,49.3,3,16,10.0,App,Deporte,iOS,0
2330,43,20,12,17.8,41,4.0,4,140.24,16.5,5,27,8.1,Web,Deporte,iOS,1
2331,18,23,10,18.5,43,3.0,7,92.83,34.2,6,33,6.4,App,Moda,Android,0
2332,23,11,12,26.8,40,9.0,2,83.43,28.7,7,10,8.9,Web,Moda,Android,1
2333,45,17,8,31.5,34,9.0,1,86.75,32.7,5,25,6.3,Web,Hogar,iOS,0
2334,38,13,11,25.2,38,4.0,3,34.18,58.7,11,44,7.9,Web,Hogar,iOS,1
2335,40,37,19,36.4,39,4.0,2,92.97,36.0,5,12,10.0,App,Hogar,iOS,1
2336,55,36,11,16.4,36,3.0,0,46.35,21.1,9,53,6.5,Web,Bienestar,Android,0
2337,40,12,14,7.3,28,5.0,6,93.17,24.0,6,35,8.0,App,Bienestar,iOS,0
2338,42,20,9,27.7,27,2.0,4,50.06,26.0,9,68,10.0,Tablet,Moda,Android,0
2339,65,31,11,15.8,41,6.0,6,103.82,13.3,7,67,8.6,App,Moda,iOS,0
2340,33,26,6,19.8,33,3.0,0,68.94,39.9,8,85,8.3,App,Moda,Android,0
2341,26,28,14,7.8,32,4.0,2,39.95,35.8,4,35,4.5,Tablet,Moda,Android,0
2342,40,11,14,14.8,38,4.0,7,63.92,21.3,9,49,5.9,Web,Hogar,iOS,0
2343,40,55,22,10.0,32,5.0,2,252.33,16.8,6,38,8.5,App,Tecnología,iOS,1
2344,29,14,10,18.5,31,12.0,1,21.48,28.5,9,27,6.8,App,Bienestar,Android,0
2345,24,13,16,18.8,51,5.0,1,82.19,17.7,2,31,6.6,App,Bienestar,Android,0
2346,60,8,10,22.7,40,1.0,3,43.02,34.9,9,22,8.9,App,Hogar,iOS,0
2347,39,19,8,31.9,35,4.0,5,159.94,12.1,9,14,8.2,Web,Tecnología,iOS,0
2348,27,42,7,27.4,40,7.0,3,117.5,39.8,9,33,6.1,App,Bienestar,Android,1
2349,45,26,12,9.0,29,4.0,6,83.07,18.0,7,39,8.3,Web,Deporte,iOS,0
2350,34,20,12,26.9,34,2.0,1,124.22,51.3,12,23,5.9,App,Moda,Web,1
2351,32,34,11,22.9,35,9.0,2,85.8,19.8,7,24,5.0,Web,Tecnología,iOS,1
2352,41,42,15,21.2,27,15.0,2,75.25,28.3,13,86,7.7,Web,Deporte,iOS,0
2353,21,36,16,21.8,38,11.0,2,53.95,10.2,7,27,5.5,App,Hogar,iOS,0
2354,39,4,11,23.6,35,7.0,2,61.5,21.6,11,11,5.5,App,Tecnología,iOS,0
2355,56,34,15,16.5,45,2.0,3,58.11,27.9,8,33,5.8,App,Hogar,Android,0
2356,40,28,16,20.5,33,7.0,5,75.43,32.9,8,31,7.5,Tablet,Bienestar,Android,1
2357,31,12,17,31.5,45,7.0,4,26.49,51.1,7,31,8.3,App,Tecnología,iOS,0
2358,29,29,12,16.4,33,3.0,1,132.13,7.6,7,34,6.8,Web,Moda,Android,0
2359,30,42,7,13.8,33,4.0,3,218.82,47.9,8,25,5.6,Web,Deporte,Android,1
2360,32,14,14,21.5,37,7.0,2,59.13,31.9,4,19,5.7,App,Hogar,Web,0
2361,31,37,11,13.0,37,6.0,1,143.12,8.0,12,6,5.1,Tablet,Bienestar,iOS,0
2362,45,26,10,8.2,31,7.0,3,69.67,54.4,16,13,8.2,App,Moda,Android,0
2363,18,1,16,19.2,39,4.0,2,53.85,30.6,11,45,6.0,App,Deporte,Android,0
2364,44,21,8,33.6,41,9.0,5,60.79,23.1,9,85,7.6,App,Hogar,iOS,1
2365,31,26,8,21.7,28,1.0,4,78.62,51.1,8,19,4.7,App,Bienestar,iOS,0
2366,39,17,5,23.4,34,4.0,4,50.44,4.5,9,25,9.0,Tablet,Bienestar,Android,0
2367,23,27,11,5.0,29,11.0,3,104.68,42.3,7,32,7.2,App,Moda,iOS,1
2368,50,19,11,25.5,46,4.0,3,56.37,8.1,10,102,5.0,App,Hogar,Web,0
2369,49,74,9,22.7,25,7.0,2,41.56,27.6,6,32,6.4,App,Bienestar,Android,0
2370,46,16,10,16.7,38,8.0,5,74.18,30.6,3,109,7.5,App,Tecnología,iOS,1
2371,18,12,18,23.4,34,6.0,1,51.2,19.2,7,6,6.0,App,Moda,Android,1
2372,44,36,13,23.4,34,3.0,6,62.64,10.5,13,8,7.7,Web,Hogar,Web,0
2373,39,18,11,13.5,36,8.0,4,72.79,17.7,11,78,9.0,Tablet,Deporte,Android,0
2374,18,20,15,24.7,35,8.0,4,35.9,33.5,6,14,7.3,Web,Tecnología,Android,0
2375,35,19,12,31.6,36,7.0,1,167.31,43.5,11,28,7.2,Web,Hogar,Android,0
2376,39,35,11,20.2,28,4.0,2,117.27,11.4,10,27,9.2,App,Tecnología,Android,0
2377,41,10,15,15.1,31,4.0,1,53.04,11.6,9,9,7.5,Web,Hogar,iOS,0
2378,37,37,9,20.6,33,2.0,4,74.22,26.1,13,29,7.1,App,Deporte,Android,0
2379,38,30,19,28.8,38,8.0,5,106.4,13.1,11,125,7.1,App,Bienestar,iOS,0
2380,51,60,8,12.2,28,4.0,3,84.12,11.9,9,60,7.4,App,Tecnología,iOS,0
2381,48,24,13,26.6,34,8.0,5,210.9,6.9,4,10,7.8,App,Hogar,Android,1
2382,18,10,8,16.6,41,5.0,4,65.77,39.3,10,8,6.0,App,Tecnología,Android,0
2383,32,24,14,23.9,35,2.0,5,144.23,50.5,3,47,8.8,Web,Deporte,Android,0
2384,33,26,11,17.5,35,5.0,2,36.0,20.7,7,88,9.0,App,Tecnología,iOS,1
2385,18,45,13,17.5,47,3.0,4,39.18,46.8,12,107,10.0,App,Tecnología,Android,0
2386,36,10,15,34.2,41,8.0,4,189.42,17.3,5,44,4.8,App,Moda,iOS,0
2387,49,6,17,10.7,37,2.0,2,59.14,38.5,12,10,7.3,App,Tecnología,iOS,0
2388,23,25,11,25.9,36,6.0,4,39.46,28.8,4,43,6.1,App,Deporte,Web,0
2389,39,62,12,35.9,48,7.0,5,73.06,21.0,11,14,8.1,App,Tecnología,Web,0
2390,25,33,10,27.5,36,6.0,4,150.31,13.3,3,39,8.9,Web,Moda,Android,0
2391,28,34,12,11.4,35,10.0,3,49.28,22.4,6,53,7.3,App,Tecnología,iOS,0
2392,51,8,14,11.7,38,4.0,7,73.3,9.7,6,19,6.8,App,Moda,iOS,1
2393,29,22,6,16.0,35,6.0,0,27.05,7.4,10,74,6.6,App,Tecnología,iOS,0
2394,40,45,12,23.3,35,4.0,0,57.95,21.9,6,29,7.0,Web,Moda,Android,1
2395,18,27,7,23.8,40,7.0,3,129.79,35.4,12,27,7.8,App,Tecnología,Android,0
2396,55,6,14,11.8,38,7.0,2,48.72,29.5,10,19,7.8,Web,Hogar,Android,1
2397,42,22,16,15.0,28,5.0,1,37.26,20.5,8,46,9.3,Web,Moda,Android,0
2398,33,31,12,15.5,44,5.0,3,48.94,35.7,7,51,7.0,App,Deporte,iOS,0
2399,41,20,9,20.6,34,7.0,6,53.63,50.1,13,3,8.5,Web,Hogar,iOS,0
2400,19,11,13,37.9,42,5.0,2,114.21,29.0,12,77,6.0,App,Hogar,iOS,1
2401,48,37,11,14.5,28,6.0,5,92.42,19.6,15,26,5.5,App,Hogar,iOS,0
2402,31,16,17,14.2,36,8.0,3,102.78,34.5,4,38,8.7,App,Tecnología,iOS,0
2403,33,28,7,12.9,30,2.0,2,76.18,13.0,6,28,7.9,Tablet,Deporte,Android,0
2404,30,21,4,27.1,36,5.0,4,53.33,52.2,7,42,6.5,App,Bienestar,Android,0
2405,29,16,13,21.7,37,5.0,4,48.93,11.8,7,55,6.0,App,Deporte,Android,1
2406,43,66,10,14.8,36,6.0,5,95.13,10.1,11,33,6.6,Tablet,Hogar,Android,0
2407,38,14,11,19.1,34,6.0,3,179.73,25.6,8,27,7.6,Web,Deporte,iOS,1
2408,42,23,13,15.7,35,5.0,1,44.7,25.5,6,31,7.5,App,Moda,iOS,0
2409,35,21,14,24.4,34,3.0,6,42.85,25.6,7,43,5.3,App,Tecnología,Android,0
2410,41,24,5,43.5,39,4.0,2,40.16,29.4,10,33,5.5,App,Hogar,iOS,0
2411,30,63,15,26.4,44,3.0,4,118.49,35.7,8,42,7.5,App,Tecnología,iOS,0
2412,60,31,11,21.3,22,5.0,4,73.28,17.5,6,37,8.1,Web,Deporte,Android,0
2413,18,15,8,16.7,32,3.0,4,101.79,19.5,8,33,6.2,Web,Bienestar,iOS,0
2414,49,51,18,11.3,46,4.0,0,56.72,13.8,9,31,5.3,Web,Tecnología,Android,0
2415,50,35,11,27.9,36,2.0,2,105.37,13.2,6,32,7.3,App,Hogar,Android,0
2416,26,16,12,27.4,38,6.0,4,64.03,30.8,8,26,4.2,App,Tecnología,Web,0
2417,60,47,12,18.3,44,2.0,2,32.07,47.5,8,20,6.8,App,Hogar,iOS,0
2418,46,7,9,31.7,36,3.0,2,124.6,52.8,8,28,8.1,Web,Hogar,iOS,0
2419,46,9,12,22.2,38,6.0,5,73.52,49.6,9,32,7.0,Web,Moda,Android,0
2420,35,6,21,28.2,38,5.0,5,73.03999999999999,9.0,3,50,5.1,Web,Deporte,Android,1
2421,33,3,9,24.4,35,2.0,2,87.55,22.6,10,52,9.4,App,Deporte,iOS,1
2422,33,45,13,20.6,33,5.0,1,33.89,13.3,5,82,7.3,App,Tecnología,Android,0
2423,39,25,12,14.4,43,6.0,5,95.05,12.3,4,41,7.6,App,Tecnología,Android,1
2424,50,6,11,20.8,33,3.0,3,54.04,20.5,6,5,8.5,App,Bienestar,iOS,0
2425,37,21,14,28.7,38,3.0,4,68.83,14.8,7,30,7.0,App,Moda,Web,1
2426,25,38,8,17.9,28,10.0,4,140.34,38.6,8,31,6.9,App,Tecnología,Android,0
2427,44,13,13,25.5,26,6.0,3,106.77,24.2,7,26,9.0,Tablet,Bienestar,Web,0
2428,45,17,12,13.3,33,4.0,5,68.07,23.5,5,5,6.2,App,Bienestar,Android,1
2429,42,68,12,28.2,36,4.0,4,70.94,73.8,13,51,8.6,App,Moda,Android,0
2430,43,18,18,24.5,37,6.0,2,18.34,30.0,10,37,5.7,App,Hogar,iOS,1
2431,32,6,11,12.4,33,5.0,2,47.72,43.6,6,24,6.3,App,Tecnología,Android,0
2432,25,15,15,20.2,40,5.0,1,82.22,30.7,10,14,7.7,Tablet,Bienestar,iOS,0
2433,25,6,18,29.5,41,3.0,5,49.26,27.4,8,32,9.3,App,Hogar,iOS,0
2434,18,33,9,11.9,43,8.0,2,36.16,33.0,6,119,7.5,Tablet,Tecnología,Android,0
2435,38,11,10,13.4,35,7.0,3,97.67,11.8,9,37,5.3,App,Deporte,iOS,1
2436,34,11,16,21.4,36,2.0,4,153.86,18.9,5,34,8.3,Web,Bienestar,Android,1
2437,30,71,10,39.1,38,6.0,0,50.44,44.8,8,15,6.2,App,Bienestar,iOS,0
2438,18,8,7,16.6,23,6.0,7,121.36,63.3,5,44,8.2,Web,Moda,iOS,0
2439,21,7,10,26.0,23,6.0,2,111.74,5.0,5,22,7.7,Tablet,Hogar,iOS,1
2440,47,10,16,24.1,37,4.0,8,43.83,25.7,8,46,5.2,Tablet,Moda,Android,1
2441,28,39,15,17.3,31,8.0,6,50.26,18.8,9,7,7.8,App,Bienestar,iOS,1
2442,39,30,18,23.3,31,5.0,6,73.03999999999999,6.0,8,16,5.6,App,Moda,iOS,1
2443,20,15,12,18.4,44,10.0,1,40.57,17.5,6,22,9.2,Tablet,Deporte,iOS,0
2444,51,14,17,19.1,40,2.0,6,53.65,3.0,7,27,5.1,App,Deporte,iOS,0
2445,33,29,15,8.7,32,3.0,3,221.11,48.0,8,78,7.1,App,Moda,iOS,1
2446,38,25,18,21.8,29,7.0,0,54.85,12.9,7,66,6.0,App,Deporte,Android,0
2447,61,19,9,29.2,40,6.0,2,157.85,12.2,11,41,9.3,Web,Tecnología,Android,0
2448,52,31,12,22.5,34,3.0,2,42.75,25.6,2,15,5.1,App,Hogar,iOS,0
2449,32,9,14,30.7,42,5.0,1,80.93,12.9,8,15,10.0,Tablet,Moda,Android,0
2450,28,11,60,26.6,29,14.0,2,1122.799006817999,20.4,10,62,6.8,App,Tecnología,Web,0
2451,31,32,16,21.5,44,7.0,3,58.0,23.8,6,26,6.5,App,Hogar,iOS,0
2452,41,27,13,17.0,39,4.0,3,79.23,7.4,6,20,8.4,App,Bienestar,Android,0
2453,34,22,9,18.1,33,6.0,6,112.95,33.2,7,24,7.3,App,Deporte,iOS,1
2454,31,70,10,10.2,40,7.0,3,45.67,14.5,9,30,6.1,Web,Hogar,Web,0
2455,51,35,11,19.9,34,1.0,2,257.16,33.5,8,39,6.2,App,Moda,Android,1
2456,34,15,17,23.2,27,5.0,4,132.72,18.3,9,29,6.6,App,Deporte,Android,0
2457,60,12,12,35.7,26,7.0,2,61.62,7.1,6,6,6.3,Tablet,Deporte,iOS,0
2458,36,27,3,26.2,38,9.0,1,65.91,4.5,14,35,8.4,App,Tecnología,Android,0
2459,55,44,12,15.1,39,3.0,1,214.63,27.0,12,40,7.4,Web,Bienestar,Android,0
2460,39,5,14,10.5,31,3.0,4,61.7,54.1,8,39,7.9,Web,Tecnología,Android,1
2461,46,26,9,20.3,26,10.0,3,57.85,13.0,13,29,6.7,App,Moda,iOS,0
2462,27,17,10,28.5,35,4.0,5,140.88,9.3,12,14,8.2,App,Moda,iOS,0
2463,26,25,9,20.2,37,7.0,3,34.72,39.1,3,10,6.3,App,Tecnología,iOS,0
2464,40,7,9,26.3,36,7.0,3,71.84,50.8,14,24,6.0,App,Tecnología,Android,0
2465,46,44,13,20.6,37,6.0,1,78.55,30.2,5,51,6.6,App,Hogar,Android,0
2466,35,52,9,27.7,33,8.0,3,50.93,10.4,7,20,9.3,Tablet,Tecnología,Web,0
2467,21,33,12,9.2,29,2.0,2,31.7,9.6,12,158,6.5,App,Bienestar,iOS,0
2468,20,58,12,34.8,42,5.0,3,77.91,56.6,9,57,6.6,Web,Bienestar,Android,0
2469,19,16,12,13.1,28,9.0,2,109.51,54.9,7,25,7.6,Web,Bienestar,iOS,0
2470,18,26,7,28.3,34,4.0,2,51.63,37.7,4,23,7.1,App,Bienestar,iOS,0
2471,36,34,10,19.8,38,2.0,1,39.2,2.3,2,27,5.8,Web,Tecnología,iOS,0
2472,47,28,11,21.1,43,4.0,7,149.66,43.6,1,32,5.6,Web,Moda,Android,0
2473,35,18,24,20.1,39,4.0,3,100.28,38.7,7,12,8.3,App,Hogar,iOS,0
2474,18,19,13,24.0,33,2.0,6,61.47,10.8,8,21,5.6,Tablet,Tecnología,Android,0
2475,33,49,12,25.7,36,3.0,3,124.46,22.4,11,78,8.5,App,Deporte,Web,1
2476,33,21,10,30.5,28,7.0,4,85.67,35.5,1,44,6.6,Web,Tecnología,iOS,0
2477,58,43,7,33.3,29,5.0,4,200.65,34.7,9,27,4.0,App,Bienestar,Web,1
2478,19,21,16,24.7,23,8.0,1,73.03999999999999,27.6,7,40,8.2,Web,Moda,Android,1
2479,31,43,7,35.7,35,3.0,6,34.92,41.6,10,28,8.4,Tablet,Moda,Android,0
2480,54,23,13,22.7,34,7.0,2,52.21,3.5,10,54,8.1,App,Tecnología,iOS,0
2481,40,32,20,30.6,39,4.0,1,53.6,62.7,13,95,6.6,Web,Tecnología,Android,0
2482,41,13,16,25.4,32,5.0,4,88.92,30.3,5,32,6.8,Tablet,Tecnología,Android,0
2483,36,26,10,17.6,38,3.0,3,63.47,16.2,9,13,6.7,Web,Moda,iOS,1
2484,39,13,10,23.4,40,6.0,5,40.35,31.9,4,15,6.3,Web,Deporte,Android,0
2485,44,16,8,26.0,36,5.0,6,103.7,47.9,10,61,7.7,Web,Moda,Android,0
2486,26,17,11,21.7,27,4.0,2,130.0,23.1,8,93,7.0,App,Tecnología,iOS,0
2487,45,19,8,25.3,49,8.0,2,70.88,30.1,6,20,6.6,Web,Hogar,Android,0
2488,20,40,12,28.9,29,7.0,4,84.16,9.8,10,20,6.3,Tablet,Hogar,Web,0
2489,39,16,14,21.8,34,1.0,0,44.05,47.1,7,45,7.5,App,Bienestar,iOS,0
2490,37,24,8,3.0,31,3.0,4,56.27,42.6,7,12,9.1,App,Moda,iOS,0
2491,28,43,10,35.4,37,4.0,3,57.55,51.6,10,45,7.5,Web,Tecnología,Android,1
2492,35,31,12,19.6,35,4.0,3,101.97,47.1,10,48,5.4,App,Hogar,Android,0
2493,28,5,7,15.4,32,4.0,1,86.34,21.2,5,19,7.3,App,Moda,Web,0
2494,23,7,15,13.0,19,4.0,3,62.56,52.4,10,8,8.0,App,Moda,iOS,0
2495,31,28,14,19.3,41,5.0,2,61.21,37.0,9,18,8.3,App,Hogar,Android,1
2496,23,15,10,17.5,31,6.0,4,25.41,63.3,9,52,8.0,App,Moda,Android,0
2497,39,6,14,16.1,42,2.0,4,73.03999999999999,29.5,3,42,7.5,Web,Hogar,Android,0
2498,22,14,13,16.5,36,3.0,5,23.82,22.2,8,29,10.0,App,Tecnología,iOS,0
2499,43,29,12,26.2,28,10.0,2,94.59,50.4,10,63,5.6,App,Moda,iOS,0
2500,22,17,12,38.2,39,8.0,4,76.57,42.8,10,40,9.4,Web,Bienestar,iOS,1
2501,29,22,14,28.6,41,7.0,4,64.8,6.8,4,37,8.1,App,Tecnología,iOS,0
2502,28,18,12,31.0,43,11.0,6,73.03999999999999,38.1,7,10,10.0,Tablet,Moda,iOS,1
2503,50,13,14,19.0,31,6.0,2,52.08,24.1,8,41,5.3,Web,Hogar,Android,0
2504,39,25,11,22.8,31,6.0,2,107.4,37.1,6,51,9.5,Web,Hogar,Android,0
2505,33,5,8,25.4,29,6.0,5,36.42,40.2,10,91,9.6,App,Bienestar,iOS,0
2506,40,12,11,16.7,46,7.0,0,89.82,10.8,9,21,7.1,App,Bienestar,Android,1
2507,18,35,12,18.6,28,8.0,9,51.66,57.0,8,29,6.1,App,Tecnología,Web,1
2508,35,7,6,28.8,36,4.0,1,59.3,30.5,7,70,10.0,Web,Moda,Android,0
2509,57,22,18,30.7,31,6.0,5,60.19,30.2,7,48,6.1,App,Tecnología,Android,1
2510,36,16,21,22.5,32,5.0,4,68.48,13.4,14,46,8.8,App,Deporte,Android,1
2511,36,15,7,12.4,30,6.0,1,98.86,25.4,14,16,9.4,App,Moda,iOS,1
2512,41,37,17,19.6,31,4.0,5,73.54,54.1,4,30,7.1,Web,Tecnología,iOS,0
2513,45,42,15,10.5,36,5.0,5,125.29,26.8,6,50,7.1,Tablet,Hogar,Android,0
2514,18,10,15,22.6,40,5.0,4,133.24,63.1,9,18,9.8,Web,Bienestar,Android,0
2515,18,19,8,24.0,29,6.0,5,88.88,24.3,13,35,6.9,Tablet,Hogar,Android,0
2516,37,4,14,19.8,32,3.0,5,109.17,8.9,6,28,6.5,Web,Tecnología,Android,0
2517,27,36,9,23.9,46,5.0,5,228.42,34.3,5,47,3.5,Web,Hogar,Android,0
2518,49,21,20,25.3,33,8.0,7,34.47,30.4,10,40,8.9,Web,Hogar,Android,1
2519,32,6,16,24.1,31,4.0,2,135.55,10.8,4,6,6.8,App,Moda,iOS,0
2520,18,12,12,12.4,38,4.0,3,175.41,5.9,7,29,8.4,App,Hogar,iOS,0
2521,21,9,7,20.0,45,3.0,1,95.2,9.0,10,84,7.1,App,Tecnología,iOS,0
2522,18,12,13,25.3,26,4.0,6,213.73,28.1,10,58,9.2,Tablet,Moda,iOS,1
2523,32,4,14,34.6,39,5.0,8,198.95,23.9,5,28,9.2,Web,Hogar,Android,0
2524,33,49,22,19.8,35,5.0,3,62.31,30.5,4,53,5.9,App,Tecnología,Web,0
2525,30,10,15,26.4,52,7.0,3,64.99,10.1,4,25,6.7,Web,Moda,Android,0
2526,47,22,10,29.0,38,4.0,4,100.42,34.8,9,47,8.1,App,Bienestar,Web,0
2527,48,28,19,20.4,35,9.0,4,53.21,5.6,2,20,9.3,Web,Bienestar,Web,1
2528,33,42,10,31.2,36,7.0,2,333.17,17.5,10,98,7.5,Web,Deporte,Android,0
2529,18,22,10,31.6,39,3.0,5,115.74,33.1,6,29,7.6,Web,Tecnología,Android,1
2530,42,18,16,33.0,40,6.0,0,76.94,40.8,4,34,7.8,App,Bienestar,Android,0
2531,41,23,12,25.7,41,2.0,4,34.53,6.4,5,63,6.1,Web,Tecnología,iOS,1
2532,38,10,10,40.9,40,5.0,3,86.15,24.1,8,34,6.7,Web,Moda,Android,1
2533,46,10,9,17.1,31,4.0,2,39.07,16.8,5,37,7.0,App,Bienestar,iOS,1
2534,22,18,7,39.0,48,5.0,4,113.91,15.0,10,37,8.7,Web,Bienestar,Web,1
2535,57,3,10,28.1,39,5.0,1,18.94,13.2,5,42,9.8,Web,Deporte,Android,0
2536,24,13,20,32.7,26,4.0,4,160.54,34.6,7,15,6.0,App,Bienestar,Android,1
2537,43,15,11,19.4,45,5.0,3,59.39,22.7,12,44,8.3,Tablet,Tecnología,Web,0
2538,18,64,7,28.8,29,4.0,5,29.58,27.2,1,24,7.6,App,Tecnología,Android,0
2539,25,45,16,33.4,29,9.0,10,74.33,33.3,8,21,6.6,App,Moda,iOS,1
2540,52,28,9,13.3,22,5.0,3,75.7,39.5,11,27,6.0,App,Bienestar,iOS,0
2541,32,37,14,20.7,46,6.0,5,72.39,23.0,11,12,7.6,Web,Tecnología,iOS,0
2542,44,10,4,4.9,33,7.0,2,160.19,29.5,4,27,6.5,App,Hogar,iOS,0
2543,38,23,16,20.6,27,2.0,5,92.48,33.2,9,14,7.8,App,Bienestar,Android,1
2544,34,34,7,15.5,25,2.0,3,116.2,33.0,7,5,5.9,Web,Bienestar,iOS,0
2545,50,10,18,20.3,35,3.0,4,65.41,35.6,8,53,5.8,Tablet,Hogar,Android,0
2546,32,7,5,45.4,36,3.0,3,94.85,22.3,9,27,8.8,App,Bienestar,iOS,0
2547,18,26,14,35.7,37,3.0,3,36.52,27.0,4,39,7.6,App,Hogar,Android,0
2548,26,7,17,10.5,23,4.0,1,86.44,1.9,13,48,7.3,App,Hogar,Android,0
2549,41,30,10,26.4,39,7.0,2,49.43,13.2,6,72,6.6,App,Deporte,Android,0
2550,39,42,10,28.4,30,5.0,2,154.98,12.1,8,27,8.4,Tablet,Tecnología,iOS,0
2551,18,11,15,19.3,28,11.0,1,78.18,34.1,6,33,7.0,Web,Moda,iOS,1
2552,27,11,15,23.4,39,5.0,5,107.99,29.4,9,46,8.4,Web,Hogar,Android,1
2553,29,41,13,24.2,30,9.0,4,86.64,49.7,9,9,6.7,App,Deporte,Android,1
2554,31,22,12,11.2,32,6.0,3,202.54,32.8,11,25,5.8,Web,Moda,iOS,1
2555,20,38,8,13.7,39,3.0,3,31.79,29.8,14,32,6.3,Web,Bienestar,Android,1
2556,28,18,10,23.4,32,6.0,1,70.45,24.6,10,22,7.9,App,Tecnología,iOS,0
2557,27,19,8,22.8,24,8.0,2,44.23,22.9,10,22,5.9,App,Moda,Web,1
2558,43,22,14,16.3,36,7.0,3,24.29,12.7,7,19,9.8,Web,Bienestar,Android,0
2559,44,56,14,15.6,53,9.0,2,42.68,7.9,8,145,5.4,App,Moda,iOS,0
2560,33,36,13,21.3,27,6.0,1,142.89,26.6,5,32,7.1,App,Tecnología,Android,0
2561,31,13,4,29.1,35,1.0,2,73.77,49.3,5,18,9.0,Web,Moda,iOS,0
2562,37,24,6,21.4,31,5.0,6,66.46,36.5,9,28,7.7,Web,Moda,Web,0
2563,26,17,10,35.0,43,10.0,2,114.77,33.5,8,17,6.8,Web,Tecnología,Web,0
2564,22,15,7,16.4,30,5.0,6,79.92,57.2,10,34,8.9,Web,Bienestar,Android,0
2565,25,30,12,23.5,44,5.0,2,105.09,29.4,7,39,6.0,App,Tecnología,iOS,0
2566,28,26,18,19.2,24,4.0,1,89.57,20.7,9,72,6.9,App,Bienestar,iOS,0
2567,22,11,14,26.7,28,7.0,2,101.09,42.7,7,11,5.0,App,Deporte,iOS,0
2568,37,22,15,15.7,39,3.0,2,58.57,19.5,4,58,8.5,Web,Tecnología,iOS,0
2569,43,15,12,37.4,41,1.0,4,133.4,12.5,6,33,8.1,App,Moda,iOS,1
2570,18,28,13,8.5,48,5.0,3,38.51,24.7,11,52,8.1,App,Deporte,Android,1
2571,35,14,9,35.7,35,4.0,5,71.54,14.1,8,60,7.5,App,Moda,iOS,0
2572,33,19,10,22.7,41,5.0,8,137.11,39.2,9,67,7.4,App,Hogar,Android,0
2573,39,15,11,26.4,34,5.0,4,68.91,7.2,7,14,7.5,Tablet,Tecnología,Android,0
2574,35,5,13,32.7,32,6.0,1,59.18,38.5,9,47,7.7,App,Tecnología,Android,0
2575,19,54,13,28.9,31,8.0,4,264.05,39.5,7,18,7.5,App,Hogar,Android,0
2576,21,22,14,16.2,31,4.0,0,163.65,33.3,8,18,6.0,Web,Tecnología,Android,0
2577,35,56,14,26.8,36,1.0,3,81.08,45.3,9,42,4.1,App,Moda,Android,1
2578,46,22,14,36.9,41,7.0,3,43.98,33.7,10,44,10.0,Tablet,Deporte,iOS,0
2579,18,33,14,14.9,43,2.0,2,24.49,9.8,10,50,6.4,Web,Tecnología,Web,0
2580,39,13,6,38.9,39,9.0,5,110.75,49.7,3,23,7.1,Web,Moda,Android,0
2581,48,14,10,25.1,24,10.0,4,150.46,22.3,8,39,8.9,Tablet,Moda,iOS,0
2582,33,21,15,18.5,35,3.0,5,93.24,52.3,13,41,7.8,App,Deporte,iOS,0
2583,41,55,9,14.9,37,4.0,0,29.27,31.4,7,28,5.3,Web,Moda,iOS,0
2584,27,11,9,20.2,38,5.0,2,81.91,58.3,8,64,5.7,Web,Deporte,Android,0
2585,34,4,8,6.4,32,5.0,2,57.38,32.9,12,8,7.3,App,Tecnología,iOS,0
2586,18,40,11,18.7,27,7.0,8,81.97,21.5,6,17,8.1,Tablet,Deporte,iOS,1
2587,18,34,10,19.9,41,4.0,2,218.41,11.6,4,63,6.6,Web,Tecnología,Android,0
2588,45,16,15,13.4,29,4.0,2,115.78,9.4,8,42,7.2,Web,Moda,Android,0
2589,24,68,11,28.0,34,7.0,4,73.03999999999999,55.2,7,111,7.4,Web,Moda,iOS,1
2590,30,70,18,20.2,32,4.0,1,73.15,36.2,8,49,7.6,Tablet,Deporte,iOS,0
2591,20,5,10,16.9,38,5.0,4,94.2,20.6,12,21,7.9,Tablet,Deporte,iOS,0
2592,19,13,10,19.4,32,7.0,3,50.39,16.7,9,60,6.8,App,Tecnología,Android,0
2593,33,21,11,24.8,36,3.0,3,101.77,62.5,6,67,8.3,App,Moda,Android,0
2594,27,28,21,22.6,36,6.0,1,67.43,34.8,4,40,8.1,App,Moda,Android,0
2595,39,25,9,16.4,31,4.0,2,47.72,41.8,8,16,8.5,App,Hogar,iOS,0
2596,40,22,11,23.0,39,4.0,6,117.42,9.6,9,40,8.4,App,Hogar,iOS,0
2597,39,10,10,21.6,34,5.0,4,21.98,11.5,10,25,8.3,App,Bienestar,iOS,0
2598,38,30,9,12.9,38,3.0,4,55.59,5.3,13,22,6.7,App,Moda,iOS,0
2599,52,31,16,19.7,33,6.0,3,105.09,46.0,9,37,7.1,Tablet,Tecnología,iOS,1
2600,23,39,10,26.6,28,3.0,3,147.08,47.4,8,8,7.3,Web,Tecnología,Android,1
2601,34,9,12,26.6,38,2.0,0,97.21,36.0,9,30,7.6,App,Bienestar,Android,1
2602,47,19,16,20.2,35,4.0,4,51.82,19.4,4,21,6.2,Tablet,Moda,iOS,0
2603,49,15,20,27.4,29,3.0,1,72.93,45.5,9,16,8.0,Web,Tecnología,Android,0
2604,19,8,17,14.2,47,3.0,9,88.03,12.7,3,26,9.0,App,Deporte,Android,1
2605,32,18,7,14.4,33,7.0,6,176.93,20.0,10,24,7.3,App,Tecnología,Android,1
2606,50,10,10,20.0,33,10.0,5,124.44,43.0,5,60,6.5,App,Deporte,iOS,0
2607,41,7,14,34.0,34,5.0,7,124.94,44.2,6,32,8.0,App,Tecnología,Android,0
2608,37,34,11,23.3,45,9.0,0,77.75,18.9,7,43,8.7,App,Tecnología,Android,0
2609,33,16,13,19.8,46,7.0,2,41.61,8.9,8,71,6.3,App,Tecnología,Android,0
2610,31,13,12,34.4,29,1.0,1,34.61,31.5,5,21,7.5,App,Bienestar,iOS,0
2611,38,44,13,19.7,44,3.0,1,63.55,26.5,9,33,7.7,Web,Tecnología,iOS,0
2612,32,32,7,39.9,44,4.0,3,110.19,20.1,8,46,6.9,Web,Deporte,iOS,1
2613,35,4,7,17.9,29,6.0,6,56.91,10.5,6,36,8.0,Web,Tecnología,Web,0
2614,36,28,12,13.9,52,5.0,4,102.74,20.9,15,30,5.0,Tablet,Tecnología,Android,1
2615,28,28,16,20.7,26,6.0,3,48.44,22.3,4,28,7.8,App,Tecnología,Android,0
2616,41,18,11,20.0,36,3.0,2,52.73,27.6,14,41,9.8,Web,Tecnología,iOS,1
2617,67,17,12,15.5,35,3.0,7,162.7,51.7,8,18,7.3,Web,Deporte,iOS,1
2618,18,6,13,42.8,27,4.0,5,114.35,33.4,5,18,7.4,App,Deporte,Android,0
2619,39,68,8,24.5,32,2.0,1,63.37,4.7,8,79,5.6,App,Tecnología,iOS,0
2620,27,18,17,25.7,42,9.0,3,47.5,37.1,11,8,6.8,Web,Bienestar,Android,0
2621,41,27,16,18.3,37,6.0,0,126.39,29.9,14,19,7.3,Web,Hogar,Web,0
2622,36,19,18,17.4,28,8.0,1,121.45,6.9,16,49,7.4,App,Moda,iOS,0
2623,43,13,18,30.2,33,6.0,7,106.6,27.6,6,60,5.6,App,Deporte,Web,1
2624,48,36,14,8.6,36,7.0,6,68.01,12.8,10,12,7.6,App,Tecnología,iOS,0
2625,37,24,24,12.9,31,3.0,3,41.08,32.8,4,64,6.1,Web,Tecnología,Android,0
2626,47,18,20,20.0,34,3.0,3,74.39,39.6,5,155,6.5,App,Tecnología,Android,0
2627,18,27,16,32.8,36,3.0,4,162.66,11.1,8,73,7.3,App,Moda,iOS,0
2628,52,20,13,19.0,27,5.0,5,45.49,52.7,6,31,7.0,Web,Moda,Android,0
2629,39,58,16,25.3,35,5.0,2,76.98,25.3,10,31,6.4,Web,Tecnología,Android,1
2630,47,35,12,22.2,20,7.0,3,184.41,23.5,6,38,5.9,App,Bienestar,Android,0
2631,22,30,15,32.4,27,4.0,3,63.44,10.1,8,17,6.3,App,Bienestar,Web,1
2632,26,6,14,9.3,31,2.0,6,69.92,16.5,4,24,6.5,Web,Tecnología,iOS,0
2633,37,30,14,27.9,34,6.0,4,35.69,17.0,5,30,8.5,App,Hogar,iOS,0
2634,35,30,12,20.4,35,4.0,3,105.66,0.6,2,52,7.3,Web,Bienestar,iOS,0
2635,38,10,14,29.4,41,3.0,2,49.91,36.1,9,50,9.0,App,Bienestar,iOS,0
2636,47,6,9,15.4,35,6.0,7,31.9,7.4,6,16,5.7,Tablet,Hogar,Android,0
2637,18,34,11,22.2,35,2.0,4,44.39,13.3,6,28,9.1,App,Moda,iOS,0
2638,46,37,9,21.2,41,3.0,3,84.11,48.4,11,13,7.1,App,Bienestar,Android,0
2639,35,14,15,14.0,38,3.0,4,31.45,41.5,5,67,7.0,App,Bienestar,Android,0
2640,33,13,9,11.8,32,6.0,7,35.0,2.7,7,27,7.0,Tablet,Moda,iOS,0
2641,19,24,13,17.4,44,8.0,1,102.01,39.9,14,40,10.0,App,Hogar,Android,0
2642,41,16,10,23.0,40,6.0,3,72.07,9.7,7,32,6.6,Web,Deporte,iOS,0
2643,18,6,13,15.9,30,2.0,4,45.37,35.4,9,49,10.0,App,Moda,iOS,0
2644,42,10,8,19.4,37,6.0,0,62.85,14.6,5,15,8.5,Web,Tecnología,Android,1
2645,19,26,19,6.9,32,6.0,2,195.09,17.3,9,10,5.8,Web,Moda,Android,1
2646,36,11,13,19.0,39,5.0,1,151.78,18.9,8,11,6.0,App,Deporte,Web,0
2647,34,38,11,30.2,49,5.0,4,70.7,25.9,7,15,7.6,App,Deporte,iOS,1
2648,48,30,11,27.6,30,9.0,2,117.49,18.1,6,14,7.4,App,Moda,iOS,0
2649,33,27,8,21.3,34,4.0,2,80.16,36.7,3,20,6.7,App,Bienestar,Android,0
2650,27,23,13,23.9,40,4.0,2,28.27,22.6,7,22,6.6,App,Hogar,iOS,0
2651,29,12,14,15.4,36,6.0,3,25.62,46.9,9,8,9.5,Tablet,Moda,Android,0
2652,49,32,9,35.0,37,4.0,1,45.48,42.1,8,32,7.5,Web,Deporte,Android,0
2653,41,12,12,38.5,46,3.0,2,31.53,3.9,3,42,8.0,Web,Hogar,Android,0
2654,31,40,21,23.3,32,4.0,6,87.08,42.2,8,14,7.5,Tablet,Deporte,Android,0
2655,32,52,6,42.7,28,9.0,9,55.42,1.8,7,34,7.4,App,Moda,Web,0
2656,18,24,14,16.6,32,3.0,6,94.77,32.6,8,17,10.0,Web,Moda,iOS,1
2657,39,48,8,12.0,42,5.0,4,95.57,55.4,7,63,8.1,App,Hogar,Android,1
2658,18,10,9,16.3,34,7.0,3,109.62,90.7,11,40,10.0,App,Moda,iOS,0
2659,43,30,12,20.2,43,3.0,5,44.95,20.2,12,70,8.4,App,Tecnología,Android,0
2660,36,21,15,40.5,30,4.0,6,99.59,18.1,11,80,6.4,App,Hogar,Android,1
2661,61,35,13,19.8,39,6.0,4,44.34,53.3,8,6,9.0,App,Deporte,Android,0
2662,23,4,13,15.1,33,5.0,4,110.91,5.4,11,32,7.2,App,Deporte,Android,0
2663,34,34,12,14.8,31,3.0,1,146.93,27.3,6,66,9.4,App,Tecnología,Android,1
2664,55,13,11,31.1,32,9.0,1,111.63,41.3,10,57,6.4,App,Hogar,Web,0
2665,48,22,13,30.0,23,2.0,1,68.04,39.5,13,19,5.1,Web,Hogar,iOS,0
2666,27,67,6,18.1,45,6.0,6,102.43,37.3,8,23,7.4,Web,Bienestar,Web,0
2667,37,30,9,7.0,36,3.0,4,32.27,30.4,4,31,9.4,Web,Bienestar,Android,0
2668,35,28,8,13.0,26,5.0,6,28.51,29.8,7,71,6.4,Web,Hogar,Android,1
2669,38,26,15,35.8,30,0.0,2,96.95,27.6,8,57,8.1,App,Moda,iOS,1
2670,27,42,8,27.5,36,3.0,3,153.97,34.0,8,76,6.4,Web,Deporte,iOS,0
2671,34,36,14,22.5,32,4.0,6,38.1,36.0,16,63,8.6,App,Hogar,iOS,0
2672,18,27,14,37.0,31,8.0,4,75.63,15.2,10,32,6.8,Tablet,Moda,iOS,0
2673,36,25,16,37.7,37,5.0,3,95.47,11.2,10,100,7.7,App,Bienestar,Android,0
2674,40,24,8,21.7,38,6.0,5,53.49,39.9,6,12,6.8,App,Hogar,iOS,0
2675,32,21,9,21.9,37,7.0,2,62.23,29.0,6,29,6.2,Tablet,Tecnología,iOS,0
2676,18,8,13,17.3,37,5.0,5,105.09,36.5,7,30,4.6,Web,Bienestar,iOS,1
2677,46,30,16,19.7,24,10.0,4,79.6,31.1,7,62,5.5,App,Moda,iOS,0
2678,39,14,5,10.1,30,4.0,0,79.79,24.5,14,24,6.9,Tablet,Tecnología,Android,1
2679,27,19,11,10.1,40,5.0,4,43.69,16.2,4,89,7.9,Web,Tecnología,Android,0
2680,32,37,13,8.2,39,5.0,2,73.73,16.5,3,47,9.9,App,Moda,Web,0
2681,18,21,13,30.7,24,5.0,6,60.26,56.9,5,26,6.6,App,Deporte,iOS,0
2682,24,20,13,9.5,31,8.0,6,62.06,40.4,14,15,6.4,App,Tecnología,iOS,1
2683,29,24,11,37.6,40,2.0,2,55.69,56.9,7,5,5.4,App,Deporte,Android,1
2684,49,17,17,16.2,30,4.0,5,73.88,15.4,5,6,8.5,Tablet,Tecnología,Android,1
2685,28,66,14,35.9,51,3.0,1,46.52,16.9,4,29,8.1,Web,Hogar,Android,0
2686,42,61,15,19.1,36,4.0,2,75.5,23.3,5,121,7.9,Web,Hogar,Android,0
2687,29,60,4,9.5,38,2.0,2,61.36,18.2,9,46,7.8,Web,Bienestar,iOS,0
2688,38,27,13,32.3,30,4.0,3,44.92,25.3,9,53,6.8,App,Hogar,Android,0
2689,33,14,15,33.2,29,5.0,6,25.68,55.9,8,19,9.2,Web,Hogar,Android,0
2690,45,38,6,14.8,32,7.0,6,126.29,20.4,10,19,6.2,Web,Moda,Android,1
2691,29,17,15,19.3,31,6.0,1,113.06,23.1,5,7,6.6,App,Tecnología,Android,1
2692,18,40,15,14.8,41,3.0,4,48.17,36.6,14,64,5.9,App,Moda,iOS,0
2693,20,13,11,21.0,35,4.0,0,109.12,34.4,5,5,7.1,Tablet,Tecnología,Android,0
2694,29,28,8,22.9,34,4.0,2,42.69,59.1,10,36,6.2,Web,Tecnología,Web,0
2695,21,43,14,19.2,33,4.0,2,63.34,38.2,10,31,6.4,Tablet,Deporte,Android,0
2696,40,18,15,7.4,43,7.0,3,56.03,17.2,8,33,5.6,Web,Bienestar,iOS,0
2697,30,18,12,17.4,33,4.0,5,64.38,24.1,8,72,6.0,Tablet,Tecnología,Android,0
2698,61,7,14,27.6,40,4.0,3,107.01,16.8,12,35,5.0,App,Hogar,Web,0
2699,18,14,12,20.3,30,5.0,7,60.13,29.2,7,18,7.8,App,Moda,iOS,0
2700,37,26,5,19.4,40,5.0,2,62.22,27.7,10,57,6.1,Tablet,Bienestar,Web,1
2701,23,29,14,14.6,29,4.0,3,112.87,15.2,8,62,9.6,Web,Deporte,Web,0
2702,30,31,10,17.1,29,6.0,5,77.59,19.2,13,19,8.6,App,Deporte,iOS,0
2703,37,5,15,33.3,32,8.0,2,54.16,9.8,9,17,7.3,App,Hogar,Android,0
2704,18,17,12,12.9,27,5.0,3,85.61,27.9,3,24,8.1,Web,Hogar,Android,0
2705,38,7,15,27.8,40,4.0,5,129.47,53.2,5,22,8.5,Web,Tecnología,Android,0
2706,56,25,16,22.4,28,7.0,2,134.05,24.4,8,46,6.6,App,Tecnología,Android,0
2707,30,6,11,24.0,27,7.0,4,36.2,43.7,13,25,7.0,Web,Moda,Android,0
2708,38,9,18,16.1,33,9.0,3,37.21,48.8,7,37,8.8,Tablet,Deporte,Android,0
2709,46,35,6,19.2,43,2.0,0,129.93,24.4,7,119,8.9,Web,Moda,Android,1
2710,33,15,16,22.0,37,5.0,4,64.03,28.2,7,29,6.2,App,Deporte,iOS,0
2711,29,49,12,17.8,37,5.0,0,22.36,25.2,9,23,10.0,App,Tecnología,iOS,0
2712,18,32,8,24.7,33,4.0,3,50.2,8.6,10,74,5.4,App,Deporte,iOS,0
2713,42,18,11,25.7,35,5.0,6,58.91,17.9,6,124,4.1,Web,Deporte,Android,0
2714,34,39,16,39.4,38,5.0,2,63.15,34.2,11,78,9.7,App,Tecnología,Web,0
2715,24,19,19,24.2,29,7.0,4,114.23,15.2,8,31,8.3,Tablet,Bienestar,Android,0
2716,36,34,12,6.7,41,1.0,1,44.99,30.2,5,56,7.6,Web,Moda,Android,1
2717,29,13,11,31.3,35,5.0,2,125.47,27.9,7,85,8.4,Web,Bienestar,Android,0
2718,29,40,14,20.4,33,6.0,5,87.73,33.6,7,22,6.3,Tablet,Deporte,Android,0
2719,42,6,11,38.1,32,0.0,1,36.96,41.9,10,38,4.9,Tablet,Moda,Android,0
2720,20,9,11,33.8,24,3.0,3,62.91,24.8,8,20,6.7,App,Tecnología,Web,0
2721,47,11,12,18.0,28,9.0,4,98.45,33.8,11,14,7.3,App,Bienestar,iOS,0
2722,20,14,14,27.8,35,3.0,1,76.65,12.0,4,50,5.9,Tablet,Bienestar,iOS,0
2723,28,27,23,17.2,36,6.0,2,92.38,10.5,7,28,6.5,Web,Tecnología,Android,0
2724,56,22,13,22.0,32,4.0,4,54.29,20.2,5,16,6.5,Web,Deporte,iOS,1
2725,47,34,15,27.4,47,4.0,2,101.76,34.4,11,16,6.6,App,Tecnología,iOS,1
2726,36,44,11,30.9,34,4.0,5,60.24,29.2,10,61,7.8,App,Deporte,Web,1
2727,25,6,11,29.2,30,5.0,2,304.26,18.4,16,50,8.1,App,Bienestar,Android,1
2728,29,47,12,22.6,26,6.0,0,36.3,37.3,7,52,7.7,App,Tecnología,Android,0
2729,36,19,17,41.9,35,4.0,2,330.75,30.8,8,22,3.7,Web,Deporte,Android,0
2730,35,59,15,19.1,27,7.0,2,44.45,40.2,7,72,5.9,Web,Tecnología,iOS,0
2731,34,13,7,9.1,33,4.0,1,150.91,11.8,5,65,5.9,App,Moda,iOS,0
2732,35,4,15,10.7,36,2.0,1,118.22,11.3,11,75,9.0,App,Tecnología,iOS,0
2733,33,32,8,33.8,37,4.0,2,45.48,11.5,4,13,6.1,Web,Bienestar,iOS,1
2734,19,31,11,21.4,29,6.0,5,104.29,11.2,3,44,4.6,App,Hogar,Android,0
2735,29,9,15,23.3,29,2.0,2,57.1,20.6,7,44,8.3,App,Tecnología,Android,1
2736,45,10,11,17.7,39,2.0,4,87.24,9.8,7,20,7.4,App,Bienestar,iOS,1
2737,20,36,13,18.4,41,7.0,7,81.35,44.5,8,31,10.0,App,Deporte,Android,1
2738,33,28,14,15.7,41,7.0,5,61.89,21.7,13,40,5.4,Web,Deporte,Android,1
2739,26,18,13,25.8,38,4.0,6,59.12,52.3,11,73,7.0,App,Moda,Android,1
2740,36,29,13,21.2,43,6.0,3,90.47,15.8,6,37,5.8,Web,Bienestar,Android,0
2741,31,26,17,25.5,48,4.0,2,45.62,57.8,11,48,5.9,App,Moda,iOS,0
2742,51,11,10,24.7,43,6.0,2,46.58,39.9,7,10,6.1,Tablet,Hogar,iOS,1
2743,41,38,10,18.6,29,3.0,3,126.81,9.7,12,26,5.8,App,Hogar,iOS,0
2744,21,33,16,10.3,32,7.0,0,94.93,38.0,10,28,7.3,App,Deporte,Android,1
2745,42,22,9,9.6,41,4.0,1,36.56,56.5,12,67,7.4,App,Deporte,Android,0
2746,26,36,11,46.2,39,3.0,2,43.19,72.6,8,11,7.3,App,Hogar,Android,0
2747,29,64,8,33.8,42,4.0,5,23.16,10.5,9,68,9.1,App,Tecnología,Android,0
2748,38,10,9,32.7,39,2.0,2,123.69,9.6,6,13,8.1,App,Hogar,iOS,1
2749,30,18,15,16.6,33,11.0,4,109.53,30.5,10,21,8.5,App,Moda,Android,1
2750,45,19,12,22.1,23,5.0,1,41.21,37.0,7,43,7.5,Web,Tecnología,Android,0
2751,26,35,15,15.5,29,4.0,3,107.21,41.9,9,30,7.7,Web,Hogar,Android,1
2752,28,14,13,11.5,39,4.0,5,223.52,5.8,8,26,8.6,App,Tecnología,iOS,1
2753,28,34,7,17.3,30,7.0,2,32.16,9.2,13,25,5.7,App,Deporte,Android,0
2754,29,15,15,32.6,34,3.0,5,53.47,11.7,10,40,6.4,App,Bienestar,Android,1
2755,47,9,13,28.7,38,5.0,5,31.78,4.8,8,40,7.3,App,Tecnología,Android,0
2756,42,23,15,14.2,35,7.0,1,126.37,5.2,10,23,7.4,App,Moda,iOS,0
2757,54,15,11,19.5,31,4.0,1,71.14,18.3,10,25,5.3,App,Moda,Android,0
2758,60,24,16,28.0,32,1.0,4,60.25,28.8,11,31,8.4,Web,Bienestar,Android,0
2759,24,28,12,17.4,36,8.0,5,84.99,17.5,6,35,9.3,App,Tecnología,iOS,0
2760,36,6,17,22.6,35,5.0,6,55.21,17.1,8,4,9.2,App,Bienestar,Web,1
2761,22,16,12,25.2,34,2.0,7,60.13,5.3,10,20,6.3,App,Moda,iOS,0
2762,26,23,9,25.1,44,3.0,8,87.24,47.9,8,22,8.5,App,Bienestar,Android,0
2763,28,36,7,24.0,34,8.0,4,53.62,49.7,11,30,6.7,App,Moda,iOS,0
2764,23,33,13,16.8,30,2.0,2,57.95,12.5,5,40,7.4,App,Hogar,Android,0
2765,23,12,11,17.6,31,1.0,2,68.81,44.9,8,21,8.8,App,Hogar,iOS,0
2766,33,19,14,12.9,36,2.0,2,78.86,56.7,5,29,9.2,Tablet,Tecnología,iOS,0
2767,22,29,12,9.5,45,1.0,3,104.42,40.6,6,7,6.7,App,Tecnología,iOS,0
2768,44,18,11,21.1,41,4.0,6,103.36,24.3,7,75,6.6,Web,Bienestar,Android,0
2769,25,13,8,28.5,35,4.0,3,32.88,69.5,7,12,9.4,App,Moda,Android,0
2770,66,21,10,11.0,51,3.0,1,162.69,38.4,11,96,7.3,Web,Tecnología,Android,0
2771,30,27,15,24.2,33,7.0,2,77.48,48.0,18,38,3.1,Web,Hogar,Android,0
2772,36,11,13,28.3,30,3.0,4,62.49,26.2,9,56,7.9,App,Hogar,iOS,0
2773,21,31,10,7.3,35,3.0,1,73.03999999999999,36.6,12,32,6.2,App,Hogar,Android,1
2774,54,24,13,19.8,38,7.0,5,223.97,23.9,10,41,6.9,Web,Bienestar,iOS,0
2775,47,32,17,35.2,36,3.0,3,274.63,20.3,9,40,8.1,App,Bienestar,iOS,0
2776,38,21,12,26.4,32,7.0,4,209.32,2.5,5,60,4.7,Web,Hogar,iOS,0
2777,20,58,11,7.0,31,7.0,0,80.18,13.8,9,44,8.4,Web,Moda,iOS,0
2778,37,27,11,27.3,38,3.0,2,90.63,11.4,4,11,5.2,App,Tecnología,Android,0
2779,23,34,15,16.0,34,6.0,5,170.3,15.3,8,9,6.3,Web,Moda,iOS,1
2780,51,31,12,27.5,25,2.0,2,65.7,39.5,11,16,7.7,Web,Tecnología,iOS,1
2781,44,19,16,16.5,38,5.0,7,101.01,41.1,8,32,5.6,App,Hogar,iOS,1
2782,36,25,8,21.6,36,7.0,2,84.98,15.0,9,61,5.6,Tablet,Deporte,iOS,0
2783,18,14,9,17.7,39,8.0,2,215.47,49.6,7,20,7.8,Web,Tecnología,Android,0
2784,24,55,8,22.0,43,7.0,0,165.25,49.2,13,11,8.0,App,Tecnología,iOS,1
2785,43,29,12,17.5,37,7.0,4,69.52,14.7,7,15,7.1,Web,Hogar,Android,0
2786,48,12,17,20.2,39,6.0,3,173.52,39.6,4,100,8.2,Web,Hogar,Android,1
2787,47,48,14,12.6,33,4.0,3,74.84,38.0,6,58,10.0,App,Tecnología,Android,1
2788,18,20,16,25.9,32,10.0,6,55.55,16.6,8,15,5.2,App,Hogar,iOS,0
2789,38,37,10,23.4,30,1.0,4,64.11,33.5,7,26,4.2,Web,Tecnología,Android,0
2790,46,6,11,9.1,40,5.0,3,81.33,46.4,12,35,8.9,Web,Tecnología,iOS,0
2791,18,43,15,29.9,43,3.0,4,48.7,20.6,7,44,5.6,App,Hogar,iOS,0
2792,35,28,10,20.6,35,6.0,4,56.42,46.4,7,143,7.8,App,Tecnología,iOS,0
2793,38,11,13,23.3,34,6.0,2,33.91,52.1,6,32,8.1,Web,Moda,Web,1
2794,32,28,10,28.1,32,5.0,3,47.71,61.6,10,18,7.3,App,Tecnología,Android,0
2795,18,52,12,24.6,36,4.0,3,85.33,20.9,5,77,7.7,Web,Tecnología,Web,0
2796,31,15,12,31.3,36,5.0,2,133.04,7.3,7,107,9.7,Tablet,Hogar,Android,0
2797,31,14,13,19.7,34,3.0,3,123.99,12.8,9,29,6.4,App,Tecnología,Android,0
2798,33,19,7,30.3,30,8.0,2,95.0,48.7,11,46,9.1,App,Tecnología,iOS,0
2799,29,23,16,23.0,31,1.0,2,32.34,29.1,8,32,5.5,Web,Moda,Android,1
2800,30,39,22,26.1,31,4.0,1,46.71,53.0,11,46,7.8,Web,Tecnología,Android,0
2801,35,29,13,25.2,32,9.0,4,67.28,46.5,13,55,8.0,Web,Deporte,iOS,0
2802,40,19,17,31.9,44,6.0,3,127.36,65.7,15,40,7.2,Web,Hogar,iOS,0
2803,32,26,9,27.8,30,7.0,2,55.21,30.0,12,72,8.7,App,Hogar,Android,0
2804,30,57,5,18.5,29,8.0,2,38.34,54.6,6,40,7.4,App,Tecnología,Android,0
2805,36,32,13,16.9,27,5.0,2,166.34,11.6,5,18,7.3,Tablet,Tecnología,iOS,0
2806,18,20,10,21.6,21,2.0,3,50.06,10.6,10,68,6.3,App,Deporte,iOS,1
2807,40,19,19,15.9,27,8.0,2,40.33,42.2,6,71,5.9,Web,Deporte,iOS,0
2808,35,25,13,13.6,35,5.0,2,84.99,52.1,13,5,5.9,Web,Hogar,Web,1
2809,35,38,14,5.0,33,4.0,4,72.96,54.8,8,114,6.4,Tablet,Tecnología,Web,0
2810,46,13,6,9.6,40,5.0,1,56.96,24.8,12,16,5.5,App,Hogar,Android,0
2811,18,35,14,37.9,41,3.0,2,75.02,46.8,9,30,9.9,Web,Tecnología,Android,1
2812,18,20,7,16.7,39,1.0,4,45.07,22.3,12,26,6.9,App,Deporte,iOS,0
2813,38,22,11,37.2,41,3.0,3,56.61,35.1,7,19,7.3,App,Moda,Android,0
2814,35,85,14,25.2,43,11.0,3,73.52,29.5,4,42,5.7,App,Deporte,Android,0
2815,37,33,12,21.6,34,6.0,7,24.48,14.4,10,13,10.0,App,Tecnología,Android,1
2816,30,15,11,10.0,36,4.0,1,126.82,20.7,11,36,6.9,App,Tecnología,iOS,0
2817,42,28,4,22.0,30,6.0,2,35.25,12.6,7,57,6.5,Web,Hogar,Android,0
2818,45,39,14,37.1,33,10.0,2,44.75,12.6,8,33,6.6,App,Bienestar,Android,0
2819,40,33,6,34.5,29,2.0,0,130.0,8.2,14,78,7.0,Web,Tecnología,Android,0
2820,32,4,14,24.2,42,5.0,1,102.58,37.5,8,12,6.9,App,Tecnología,iOS,0
2821,18,22,14,12.8,44,4.0,3,78.69,53.8,8,25,5.4,Web,Deporte,Android,0
2822,43,29,13,14.3,34,3.0,4,29.31,50.6,7,18,8.5,App,Deporte,iOS,0
2823,48,27,15,15.2,33,7.0,2,73.03999999999999,10.9,9,54,5.7,Web,Bienestar,iOS,0
2824,42,16,17,32.2,28,6.0,2,66.59,40.2,6,34,8.4,Web,Deporte,Android,0
2825,25,34,12,35.1,27,8.0,8,69.31,42.7,13,26,5.4,Web,Tecnología,Android,1
2826,42,43,11,23.6,41,4.0,2,140.51,33.1,9,58,7.5,App,Moda,iOS,0
2827,44,6,9,19.6,34,7.0,5,224.61,36.8,6,90,5.9,App,Tecnología,iOS,0
2828,52,6,14,34.4,39,4.0,5,105.18,29.1,9,46,6.3,App,Moda,Android,0
2829,25,28,12,14.2,33,3.0,3,55.9,24.1,8,64,8.0,App,Hogar,iOS,0
2830,33,35,15,22.4,35,3.0,5,146.26,30.4,7,4,9.0,Web,Bienestar,Android,1
2831,43,15,9,25.7,33,2.0,2,54.23,12.3,7,47,9.9,App,Tecnología,Android,0
2832,36,4,9,15.1,25,2.0,1,17.72,12.1,6,130,7.8,Web,Deporte,iOS,0
2833,23,22,8,16.9,35,3.0,7,37.72,47.8,11,47,7.3,App,Moda,iOS,0
2834,40,28,13,16.3,37,4.0,5,20.35,25.1,6,48,6.0,Tablet,Tecnología,iOS,1
2835,41,18,12,33.3,30,6.0,3,60.73,44.2,10,42,4.8,Web,Hogar,Android,0
2836,36,40,15,37.3,31,6.0,2,67.99,16.1,8,30,8.2,App,Moda,Web,1
2837,37,27,16,22.9,37,6.0,3,31.23,55.3,4,27,6.9,Web,Deporte,Android,0
2838,32,13,36,19.9,41,1.0,2,396.8756777935381,51.9,10,32,7.3,Tablet,Tecnología,Android,0
2839,51,14,16,17.2,36,7.0,5,73.03999999999999,36.6,15,45,6.7,Web,Tecnología,Android,0
2840,25,22,5,22.0,37,3.0,4,69.94,23.6,4,16,6.3,Web,Tecnología,iOS,0
2841,29,17,12,17.6,29,9.0,5,46.9,56.0,6,32,8.2,Web,Tecnología,Web,1
2842,35,5,21,21.2,44,5.0,6,130.71,43.9,13,63,9.7,Tablet,Deporte,Web,0
2843,45,25,15,25.3,37,5.0,5,82.34,8.8,9,33,5.6,Web,Tecnología,Android,0
2844,19,15,7,18.8,26,6.0,5,181.29,22.7,13,27,4.7,Tablet,Tecnología,iOS,0
2845,21,17,10,20.5,46,7.0,3,58.4,19.2,8,45,7.0,App,Tecnología,iOS,0
2846,18,10,12,20.5,35,11.0,3,243.93,20.2,5,9,6.3,App,Moda,Android,1
2847,35,53,18,19.5,32,7.0,2,75.1,22.6,7,30,9.0,Web,Hogar,iOS,0
2848,23,32,13,18.5,35,4.0,3,56.08,20.3,6,15,8.0,App,Moda,Web,0
2849,31,61,21,28.1,33,7.0,4,282.11,25.4,0,39,10.0,App,Moda,Android,0
2850,42,18,13,7.8,33,3.0,3,27.43,12.2,10,24,8.8,App,Moda,Android,0
2851,28,33,14,34.6,29,7.0,3,55.34,27.3,12,45,7.4,Web,Tecnología,Android,0
2852,38,26,11,23.1,28,7.0,6,30.02,19.0,12,31,7.5,Tablet,Moda,iOS,1
2853,32,14,8,26.9,34,3.0,5,27.29,53.2,9,49,7.8,Web,Moda,Web,0
2854,42,18,10,27.8,29,7.0,4,24.06,37.1,8,36,6.0,App,Hogar,iOS,1
2855,40,32,15,16.3,38,5.0,1,105.29,33.6,13,14,7.9,Web,Bienestar,Android,0
2856,27,10,12,14.7,46,8.0,4,36.11,55.3,7,15,9.2,App,Moda,iOS,0
2857,33,40,13,13.7,39,3.0,3,65.19,22.0,6,12,6.4,App,Moda,Android,0
2858,46,24,18,20.0,33,4.0,5,122.49,40.5,8,41,7.0,Web,Deporte,iOS,0
2859,39,37,18,27.6,33,8.0,5,96.77,14.4,9,26,8.2,App,Hogar,iOS,1
2860,20,28,16,17.3,32,4.0,5,94.17,5.6,10,27,9.4,Web,Hogar,Android,0
2861,42,6,9,26.9,33,5.0,5,146.22,14.7,13,58,6.3,Web,Moda,Android,0
2862,23,22,19,3.1,45,6.0,2,181.76,36.8,13,65,7.6,App,Moda,Android,0
2863,51,41,13,18.9,40,5.0,4,37.68,14.1,15,36,7.3,App,Hogar,iOS,0
2864,46,24,14,31.3,33,3.0,2,97.83,13.2,6,14,6.9,App,Deporte,Android,1
2865,38,22,7,20.6,52,2.0,2,73.03999999999999,53.2,10,37,4.7,App,Moda,iOS,0
2866,37,24,19,15.4,35,7.0,1,69.19,8.7,12,70,6.3,App,Tecnología,iOS,1
2867,33,5,11,16.7,38,7.0,3,32.66,22.1,6,20,5.6,App,Deporte,iOS,0
2868,42,43,11,3.0,40,4.0,2,55.98,38.0,10,59,7.1,Tablet,Hogar,iOS,0
2869,31,3,10,13.9,27,5.0,0,59.44,22.8,6,66,6.7,Tablet,Tecnología,iOS,0
2870,38,49,9,30.5,29,3.0,8,164.7,25.1,5,73,5.6,App,Hogar,iOS,0
2871,45,17,13,17.3,41,8.0,0,39.73,36.9,7,39,6.9,Tablet,Hogar,Web,1
2872,29,29,9,18.3,36,7.0,3,20.2,9.0,9,45,9.9,Tablet,Deporte,Android,0
2873,28,5,9,3.3,40,8.0,1,74.75,11.0,4,21,6.4,App,Hogar,Android,0
2874,22,35,17,9.0,30,8.0,1,37.57,11.4,12,23,6.8,App,Moda,Android,0
2875,23,31,14,31.5,47,8.0,2,69.46,36.2,11,31,7.0,Web,Bienestar,iOS,0
2876,18,30,16,26.9,37,5.0,1,107.87,18.0,12,5,6.3,Web,Moda,iOS,0
2877,43,4,15,11.6,46,4.0,2,70.99,23.8,10,12,5.1,Web,Deporte,iOS,1
2878,55,13,14,17.0,44,4.0,6,59.16,47.9,5,45,9.8,Web,Moda,iOS,0
2879,51,28,17,21.8,36,5.0,4,68.81,53.4,7,68,4.7,App,Bienestar,iOS,0
2880,18,43,16,12.4,37,2.0,6,119.53,24.2,12,23,4.9,Web,Deporte,Android,1
2881,43,11,13,6.0,43,3.0,4,39.74,27.1,4,10,8.3,App,Tecnología,Android,0
2882,51,11,11,20.7,36,5.0,1,111.96,25.8,14,41,4.4,App,Hogar,Web,1
2883,30,27,14,26.6,40,6.0,1,43.17,32.2,10,25,8.4,Web,Hogar,Android,1
2884,36,80,15,26.7,32,5.0,2,104.44,21.4,8,29,8.5,App,Bienestar,Android,0
2885,18,14,14,29.0,31,8.0,3,32.1,40.7,7,30,6.2,App,Moda,iOS,0
2886,38,17,16,9.6,42,6.0,3,101.08,10.9,6,20,7.4,Web,Hogar,iOS,1
2887,23,15,19,22.5,29,4.0,3,70.91,8.7,5,16,7.2,App,Hogar,iOS,1
2888,37,20,12,19.9,31,13.0,3,79.09,14.3,7,96,6.2,App,Bienestar,iOS,0
2889,18,45,18,21.3,25,3.0,3,127.09,17.0,7,56,6.4,App,Moda,Web,1
2890,41,21,11,20.3,37,4.0,7,47.75,32.9,2,53,7.1,Web,Tecnología,iOS,1
2891,46,85,10,16.7,32,2.0,3,73.97,41.4,9,2,6.6,Web,Hogar,Web,0
2892,26,23,10,3.0,32,1.0,3,88.62,34.2,5,15,8.1,Web,Tecnología,Web,0
2893,22,47,11,31.3,34,2.0,3,63.63,13.5,10,50,7.1,App,Bienestar,Android,0
2894,18,18,9,24.6,27,7.0,4,111.24,42.6,8,10,7.9,App,Deporte,iOS,1
2895,32,8,10,10.1,42,10.0,5,89.92,27.3,10,33,6.8,App,Tecnología,Web,1
2896,29,21,11,25.8,23,4.0,2,54.52,55.3,10,34,8.2,App,Hogar,Android,0
2897,18,31,15,18.4,33,5.0,4,150.04,18.1,11,24,8.5,App,Deporte,Android,0
2898,40,13,6,18.6,36,5.0,4,102.16,14.9,11,42,4.5,App,Deporte,Android,1
2899,30,43,13,15.9,42,2.0,2,47.19,37.5,8,21,7.8,Web,Tecnología,iOS,0
2900,23,16,10,26.3,38,6.0,1,46.93,8.0,9,21,6.3,App,Moda,iOS,0
2901,29,10,10,15.6,46,8.0,3,66.47,30.6,4,14,6.7,App,Tecnología,Android,0
2902,47,75,11,13.2,29,5.0,2,95.93,22.9,4,73,7.7,Web,Bienestar,iOS,0
2903,42,12,10,31.1,38,4.0,1,22.2,31.6,8,16,7.5,App,Moda,iOS,0
2904,34,15,12,20.6,54,5.0,0,48.29,22.8,5,23,7.0,App,Hogar,Android,0
2905,42,34,15,20.8,45,3.0,6,54.59,16.2,8,31,8.2,App,Hogar,Android,0
2906,22,17,14,27.5,37,6.0,5,34.01,18.8,7,25,7.6,App,Tecnología,Android,0
2907,35,10,14,16.7,36,8.0,5,42.76,36.6,10,74,6.2,App,Tecnología,Android,0
2908,37,14,13,18.3,46,5.0,3,80.88,15.1,11,58,8.8,Web,Moda,iOS,0
2909,30,63,13,24.4,31,7.0,4,57.32,47.6,8,30,8.8,Web,Bienestar,Web,1
2910,40,31,9,9.7,27,4.0,2,59.85,37.5,7,30,7.3,App,Deporte,iOS,0
2911,26,35,11,23.8,36,6.0,4,35.14,18.1,8,18,6.5,App,Bienestar,Android,1
2912,41,26,16,16.0,35,6.0,4,66.69,15.0,2,4,6.2,Web,Bienestar,iOS,0
2913,41,29,14,28.8,29,3.0,3,32.79,19.7,4,10,9.6,Web,Deporte,Android,0
2914,18,17,11,26.4,34,6.0,4,167.33,9.4,10,72,7.0,Web,Tecnología,Android,0
2915,48,24,13,25.3,41,6.0,5,195.65,21.7,15,45,7.5,App,Moda,Android,1
2916,18,4,11,9.1,33,6.0,1,57.81,52.2,9,21,7.9,Web,Tecnología,iOS,0
2917,28,39,10,21.2,39,2.0,2,40.45,54.1,7,42,3.4,App,Bienestar,Android,1
2918,46,16,12,12.6,35,4.0,3,120.0,2.6,4,113,6.0,Web,Tecnología,Android,0
2919,32,9,11,21.7,31,5.0,5,103.89,4.9,7,49,10.0,App,Hogar,Android,1
2920,19,25,12,3.5,50,6.0,2,210.31,34.2,8,13,3.4,Web,Tecnología,iOS,0
2921,23,19,10,9.7,33,10.0,4,243.49,42.9,7,28,5.2,Web,Hogar,Android,0
2922,46,38,12,31.5,41,2.0,6,24.6,21.3,8,43,6.7,Web,Deporte,Android,1
2923,18,21,10,25.0,35,4.0,1,141.85,26.5,7,67,5.9,Web,Hogar,iOS,0
2924,47,14,9,19.2,28,9.0,2,66.36,7.5,4,33,6.2,App,Deporte,Android,1
2925,34,22,15,14.7,43,7.0,4,101.44,55.5,7,28,5.7,Web,Hogar,iOS,0
2926,22,51,10,13.3,33,2.0,0,115.04,36.8,8,21,7.1,App,Deporte,Web,0
2927,29,39,18,23.6,37,3.0,4,112.42,70.3,11,11,7.8,Web,Deporte,iOS,1
2928,24,31,17,19.3,33,5.0,5,130.02,34.9,6,52,7.9,Web,Bienestar,iOS,1
2929,45,40,8,34.4,27,4.0,3,55.11,15.1,10,27,6.1,Web,Bienestar,Web,0
2930,43,33,10,20.5,36,6.0,2,44.41,17.6,4,11,8.7,App,Tecnología,Android,0
2931,18,11,14,22.5,34,1.0,4,144.07,10.4,6,19,7.5,App,Hogar,Web,0
2932,31,35,4,10.9,38,7.0,3,46.43,50.0,7,38,8.8,App,Tecnología,Android,0
2933,26,43,14,19.1,33,1.0,1,208.78,24.1,9,33,7.7,App,Tecnología,Android,0
2934,49,45,8,23.4,38,5.0,3,49.26,12.9,7,47,6.9,App,Hogar,iOS,0
2935,20,10,15,19.0,34,2.0,0,60.83,34.4,6,22,7.0,Web,Bienestar,Web,1
2936,53,15,17,18.1,42,1.0,5,67.54,15.7,2,31,7.8,App,Moda,Android,0
2937,35,14,9,24.6,47,5.0,3,32.13,29.0,10,9,9.1,App,Bienestar,Android,0
2938,22,18,14,34.1,32,4.0,4,32.18,22.6,14,20,7.5,Web,Hogar,Android,0
2939,28,29,18,23.2,23,6.0,1,123.85,12.4,3,59,7.6,App,Bienestar,Android,0
2940,26,24,13,31.2,27,4.0,5,29.12,10.5,8,36,8.1,App,Moda,Web,0
2941,21,24,15,27.0,39,3.0,1,299.86,10.3,7,26,4.8,App,Tecnología,iOS,1
2942,36,8,14,30.7,32,5.0,2,71.22,9.0,4,51,5.3,Web,Hogar,iOS,0
2943,21,15,20,17.1,30,7.0,5,42.58,11.9,4,39,7.6,App,Moda,Android,0
2944,18,47,12,20.3,35,7.0,1,94.5,57.7,8,61,6.0,App,Hogar,Web,0
2945,31,43,13,20.4,36,3.0,4,19.36,39.6,10,13,7.3,Web,Tecnología,Android,0
2946,18,21,16,26.4,29,7.0,3,62.43,30.5,10,41,7.3,App,Bienestar,Android,0
2947,27,35,11,28.3,32,3.0,3,66.99,45.5,10,36,10.0,Tablet,Deporte,Android,0
2948,25,28,12,23.0,25,5.0,4,37.38,14.2,9,57,7.1,Web,Hogar,iOS,0
2949,25,38,10,29.0,31,9.0,3,52.98,16.1,12,19,4.3,App,Hogar,Web,1
2950,57,36,7,17.5,43,2.0,8,173.61,11.6,14,44,7.6,Web,Deporte,iOS,1
2951,36,22,13,29.1,28,5.0,2,82.95,50.8,9,2,8.7,App,Deporte,Android,0
2952,38,31,13,30.1,32,3.0,1,93.43,25.2,7,55,8.0,Web,Bienestar,iOS,0
2953,18,29,8,27.4,31,8.0,3,48.65,37.9,11,47,8.0,App,Moda,iOS,0
2954,28,22,7,23.1,33,7.0,8,36.22,13.3,7,15,6.3,Tablet,Bienestar,Android,0
2955,37,19,7,27.7,40,1.0,4,65.69,15.9,10,31,6.7,Web,Deporte,Android,0
2956,24,58,8,14.8,39,4.0,5,19.41,28.7,7,13,6.1,App,Deporte,Android,0
2957,45,22,8,23.6,41,1.0,3,41.03,49.3,5,36,6.3,Web,Moda,iOS,0
2958,22,34,13,24.4,45,3.0,4,37.66,17.8,7,53,7.0,Web,Tecnología,Web,0
2959,32,55,7,11.4,17,4.0,2,24.44,63.0,9,51,8.6,App,Deporte,Web,0
2960,29,31,15,25.8,34,4.0,3,107.19,34.9,8,41,10.0,App,Hogar,iOS,0
2961,37,30,6,12.0,42,5.0,4,69.81,23.6,7,9,7.5,Web,Tecnología,Android,0
2962,28,23,11,18.6,31,5.0,2,53.34,25.5,12,45,8.1,Web,Hogar,iOS,0
2963,32,29,15,22.3,42,9.0,1,108.48,13.0,8,43,3.9,Web,Deporte,Web,1
2964,32,18,14,16.2,27,6.0,4,30.36,25.8,9,50,6.7,App,Bienestar,iOS,1
2965,27,91,12,22.7,36,2.0,5,35.82,13.1,3,18,9.4,Web,Deporte,iOS,1
2966,40,8,9,22.5,26,11.0,2,138.66,52.0,3,22,7.4,Web,Hogar,Android,0
2967,38,20,14,15.4,33,6.0,4,263.03,6.0,5,101,7.2,Tablet,Bienestar,iOS,1
2968,34,32,15,26.5,33,11.0,1,109.27,54.4,11,13,10.0,App,Tecnología,iOS,1
2969,30,30,13,15.9,24,5.0,4,97.21,49.5,12,38,9.0,App,Tecnología,iOS,0
2970,44,18,6,40.3,26,4.0,5,54.46,22.4,10,17,8.4,App,Hogar,Android,0
2971,32,6,13,21.1,31,4.0,4,55.15,42.8,2,28,7.2,App,Tecnología,Android,0
2972,32,9,12,12.6,26,3.0,3,84.99,12.6,4,31,7.7,Tablet,Hogar,Android,1
2973,36,25,12,14.1,32,3.0,3,159.59,8.6,15,44,10.0,Tablet,Tecnología,Web,0
2974,54,4,12,31.2,45,7.0,3,94.83,41.5,7,34,10.0,Web,Tecnología,iOS,0
2975,20,33,15,18.7,40,5.0,2,127.02,18.1,8,6,6.5,App,Tecnología,Web,1
2976,43,45,8,11.1,30,2.0,5,45.31,8.7,6,18,5.0,App,Tecnología,Android,1
2977,18,37,4,28.8,43,8.0,2,105.3,33.2,2,26,7.4,Web,Deporte,Android,1
2978,37,41,10,18.7,28,6.0,1,51.84,57.6,16,55,8.4,Web,Tecnología,iOS,0
2979,52,4,9,27.2,30,7.0,3,81.01,27.9,12,22,9.8,App,Deporte,Android,0
2980,40,19,17,29.5,40,5.0,3,105.23,17.1,5,32,7.2,Web,Moda,iOS,0
2981,37,11,10,24.2,44,8.0,4,56.0,26.5,12,37,6.8,Tablet,Moda,Android,1
2982,29,7,7,41.2,41,5.0,4,42.87,26.0,6,36,8.9,Web,Deporte,Android,0
2983,35,16,14,8.2,32,7.0,6,91.55,13.3,13,33,6.0,App,Hogar,Android,0
2984,32,55,8,15.5,39,1.0,5,69.64,6.8,10,15,7.0,App,Deporte,Web,1
2985,26,64,9,20.0,32,6.0,2,80.83,32.8,15,22,7.3,App,Hogar,iOS,0
2986,32,12,10,40.1,40,4.0,4,107.65,1.4,8,52,7.2,App,Tecnología,iOS,0
2987,37,23,7,36.4,38,8.0,3,153.93,23.3,6,59,9.1,App,Deporte,iOS,0
2988,27,29,10,32.3,37,6.0,2,108.02,42.0,11,63,8.0,Web,Bienestar,iOS,1
2989,26,19,13,15.6,21,6.0,0,100.49,23.7,2,20,6.5,App,Deporte,iOS,0
2990,20,47,18,16.6,34,5.0,3,56.96,29.4,6,25,7.0,Tablet,Tecnología,iOS,0
2991,39,16,9,15.4,40,1.0,1,61.97,37.0,11,40,10.0,App,Tecnología,Android,0
2992,41,14,10,15.7,36,3.0,1,96.3,6.6,8,87,5.3,Web,Tecnología,iOS,0
2993,38,12,12,33.9,31,6.0,5,61.42,47.8,11,120,4.7,Tablet,Bienestar,Android,0
2994,46,19,16,20.0,29,7.0,2,96.08,18.9,14,20,5.6,App,Hogar,Android,1
2995,36,2,13,21.1,31,3.0,7,47.89,25.3,5,18,7.7,Web,Bienestar,Web,1
2996,39,19,13,28.2,35,5.0,4,216.73,34.2,9,11,8.9,Tablet,Bienestar,iOS,0
2997,38,24,17,8.7,39,7.0,0,83.43,39.2,10,45,7.1,App,Hogar,iOS,0
2998,34,25,9,22.4,40,2.0,4,80.47,51.4,5,10,6.5,Tablet,Hogar,iOS,0
2999,29,10,13,13.2,34,5.0,1,57.52,16.4,7,42,6.3,App,Hogar,Android,0
3000,59,25,8,19.6,39,11.0,1,214.79,12.8,6,43,4.9,Web,Deporte,Web,0
