id_usuario,frecuencia_sesiones,tiempo_plataforma,diversidad_categorias,compras_mensuales,gasto_mensual,sensibilidad_descuento,interaccion_recomendaciones,productos_guardados,resenas_realizadas,devoluciones,exploracion_novedades,fidelidad,grupo
1001,25.2,342.4,1,6.449999999999999,249.424,51.4,3.0,6,0,0.0,97.4,64.44,1
1002,19.8,249.4,2,2.2,164.02399999999997,45.9,5.0,6,3,0.0,91.0,64.55999999999999,1
1003,5.6,313.1,1,1.0499999999999998,130.824,92.9,9.0,8,1,2.5,32.0,38.805,2
1004,27.0,267.3,1,2.2,301.84,27.6,12.0,10,3,2.0,40.1,81.0,1
1005,16.323657319197142,252.4,2,3.0,132.18,89.29185705915647,12.0,5,2,0.0,88.2,68.2,1
1006,19.927141257729108,234.2,4,1.0,210.19,81.72444311617913,11.0,3,2,0.0,67.0,67.0,1
1007,4.199999999999999,450.3,4,0.35,22.032,92.9,4.0,9,3,0.0,0.5,50.05,2
1008,17.0,325.5,4,1.0,56.23,3.1,31.990286109891574,8,1,1.0,88.72067555584412,68.4,0
1009,27.018554588127028,221.0,2,1.0,131.82,86.25330176676943,11.0,6,0,1.0,68.3,87.7,1
1010,4.9,293.0,4,0.35,6.700500000000001,88.8,6.0,3,2,0.0,34.4,25.61,2
1011,18.23771421907994,296.9,5,5.0,487.16,99.37074525374422,7.0,5,4,1.0,48.8,94.7,1
1012,27.0,199.2,5,2.2,465.864,60.1,9.0,4,2,0.0,4.2,70.67999999999999,1
1013,23.4,378.4,3,4.4,336.84,40.6,13.0,3,3,0.0,25.0,110.04,1
1014,4.199999999999999,537.7,3,0.35,79.51950000000001,19.3,7.0,5,0,1.0,56.9,30.485,2
1015,9.0,244.2,5,4.0,198.71,86.6,15.687213321335973,5,3,0.0,76.50031831956514,25.4,0
1016,16.0,414.7,5,2.0,160.85,51.1,17.517964957789978,6,5,0.0,92.92222325449237,47.8,0
1017,16.0,251.0,5,0.0,221.13,56.4,24.393531907491955,7,4,0.0,85.5730381670796,95.7,0
1018,22.98020772706219,299.9,2,2.0,276.99,93.6697013532152,11.0,8,0,1.0,13.3,57.7,1
1019,22.0,219.1,4,4.0,402.33,57.5,22.728094926356743,4,5,0.0,95.12539939983,79.3,0
1020,7.0,310.0,5,1.0,75.33,12.7,20.46672346897692,4,1,0.0,76.3314839338702,70.7,0
1021,29.27241270495117,731.5,4,0.0,57.65,95.21555144719886,20.0,4,1,1.0,7.3,31.3,1
1022,3.5,136.7,3,0.35,25.9065,45.1,6.0,6,4,1.0,39.0,60.84,2
1023,28.8,265.5,2,2.2,416.08,96.5,10.0,5,1,1.0,81.2,67.67999999999999,1
1024,21.6,101.4,5,2.2,110.208,35.3,15.0,5,3,1.0,46.6,115.56,1
1025,4.199999999999999,187.3,2,0.35,23.4585,46.4,16.0,8,0,0.0,4.4,25.61,2
1026,2.8,292.4,4,0.7,82.2645,1.8,10.0,2,3,0.0,61.4,15.015,2
1027,23.4,585.4,1,0.0,264.796,1.5,4.0,5,2,0.0,30.0,83.52,1
1028,16.2,180.9,4,4.4,330.568,67.0,7.0,7,3,1.0,7.0,99.6,1
1029,16.0,478.4,5,4.0,366.64,0.3,31.990286109891574,5,0,0.0,92.74449371677188,45.8,0
1030,17.030927174740413,342.8,5,2.0,249.92,80.31401325334343,10.0,3,4,0.0,17.1,69.7,1
1031,12.0,279.0,4,4.0,151.25,97.0,17.194194590527964,9,2,0.0,89.81105955774186,35.4,0
1032,12.19944982216565,458.5,4,0.0,65.35,97.67310172847112,8.0,9,2,0.0,37.4,67.1,2
1033,18.0,202.3,1,4.4,319.172,81.1,16.0,3,0,0.0,37.6,41.76,1
1034,4.9,180.1,4,0.7,32.8725,84.9,9.0,6,0,2.0,35.2,54.33,2
1035,3.5,497.7,1,0.35,48.6315,13.2,10.0,11,1,0.0,21.4,26.130000000000003,2
1036,18.0,304.8,5,0.0,70.31,81.4,26.02925243001648,5,1,2.0,96.10384983822988,60.0,0
1037,17.0,302.4,4,3.0,134.96,86.3,15.686996961812971,6,1,0.0,99.24748055517476,82.8,0
1038,3.15,321.4,2,0.0,46.863,37.2,6.0,9,4,0.0,88.6,33.865,2
1039,24.665331532490185,596.3,5,3.0,69.78,90.3183369802784,12.0,8,3,1.0,77.7,47.0,1
1040,30.6,309.4,3,6.449999999999999,157.416,26.7,16.0,7,3,0.0,64.7,82.8,1
1041,27.0,287.9,2,6.449999999999999,493.1949375,57.5,9.0,9,0,1.0,95.9,111.71999999999998,1
1042,20.370369852539667,202.5,5,2.0,79.75,77.72403830914124,10.0,4,1,2.5,88.1,98.6,0
1043,34.2,753.0875000000001,1,2.2,493.1949375,12.1,5.0,3,2,1.0,49.5,51.24,1
1044,32.4,108.1,3,6.449999999999999,327.26399999999995,93.1,4.0,5,1,0.0,75.0,85.8,1
1045,4.55,330.0,4,1.0499999999999998,60.543,93.9,18.0,10,2,0.0,8.8,64.87,2
1046,15.0,306.9,4,3.0,135.82,94.8,17.32489997026228,11,2,0.0,92.66533704525548,72.9,0
1047,21.018550313320503,209.3,4,1.0,104.25,83.797419556195,7.0,5,1,2.5,98.7,25.2,2
1048,16.0,367.4,5,2.0,125.52,25.1,31.645206112347623,8,0,2.0,99.05140247516364,72.6,0
1049,12.13546525474438,458.5,1,3.0,180.5,99.90656227902456,10.0,6,2,2.5,44.6,29.7,2
1050,6.3,161.7,2,1.4,24.7545,66.2,8.0,8,1,1.0,85.2,56.48500000000001,2
1051,8.0,343.4,4,1.0,111.59,87.5,15.019191579210256,7,2,2.0,95.55141792729478,65.0,0
1052,24.926979465625784,556.8,4,2.0,128.48,92.46215285237196,10.0,6,4,0.0,72.9,88.9,1
1053,8.0,360.8,5,0.0,193.26,27.8,20.75686331693879,5,1,0.0,90.89645551779354,77.9,0
1054,13.794993739243932,305.05,3,1.0,96.24,86.26512362632671,11.0,5,2,1.0,16.8,40.9,2
1055,14.4,335.3,5,4.4,308.84,43.9,16.0,2,3,0.0,47.8,99.0,1
1056,14.0,371.7,5,2.0,209.33,92.9,31.990286109891574,8,3,1.0,93.13044050582133,68.6,0
1057,16.0,753.0875000000001,5,0.0,43.98,40.9,27.709091341281685,7,1,2.0,79.97159546145342,69.8,0
1058,1.0499999999999998,123.5,4,1.0499999999999998,117.612,6.3,8.0,9,3,2.0,57.7,57.785,2
1059,19.8,244.8,5,0.0,202.86,49.0,8.0,6,0,1.0,69.2,64.67999999999999,1
1060,22.780853473713485,244.1,1,3.0,250.3,81.87264797663313,11.0,5,1,0.0,45.6,92.9,1
1061,3.85,309.5,5,1.4,128.29950000000002,68.2,3.0,3,0,1.0,72.8,37.375,2
1062,14.0,618.2,5,1.0,100.34,91.2,24.451348233092737,5,6,2.5,98.94473037681324,26.2,0
1063,27.71804071799196,141.1,3,1.0,241.63,96.08272680034844,11.0,9,2,0.0,76.4,71.1,1
1064,9.0,136.9,5,0.0,99.62,11.7,21.37584078345592,7,0,0.0,86.69438543907776,33.5,0
1065,3.5,127.1,2,1.0499999999999998,35.514,37.9,9.0,4,2,0.0,49.6,43.48500000000001,2
1066,21.6,218.5,3,6.449999999999999,455.112,27.9,12.0,10,2,1.0,50.0,49.8,1
1067,25.84604897044533,658.5,2,6.0,223.46,85.27224350125213,14.0,5,5,0.0,64.3,64.9,1
1068,3.85,178.7,4,1.0499999999999998,30.4245,69.7,7.0,9,3,2.0,33.7,62.595,2
1069,12.0,149.9,5,3.0,40.84,11.0,31.990286109891574,5,6,0.0,96.07921501275362,96.8,0
1070,17.0,305.05,5,4.0,144.61,0.7,27.00580903214937,8,4,0.0,89.52426121838556,42.8,0
1071,19.128939754398587,454.1,3,5.0,369.15,77.21609814271334,9.0,6,1,2.0,74.8,37.5,1
1072,18.0,268.8,5,0.0,125.07,93.3,31.990286109891574,5,3,0.0,96.4749558351688,58.7,0
1073,4.55,274.5,5,1.0499999999999998,132.5295,96.2,8.0,6,2,0.0,63.6,28.6,2
1074,4.199999999999999,53.4,3,1.4,116.95950000000002,11.9,12.0,9,1,1.0,81.4,47.45,2
1075,28.50440714952662,309.0,3,3.0,227.42,89.30256630622557,12.0,6,2,0.0,60.3,43.4,1
1076,23.4,467.2,2,2.2,321.29999999999995,12.2,9.0,4,5,0.0,13.1,62.28,1
1077,4.199999999999999,382.5,4,1.0499999999999998,37.5525,93.4,10.0,2,3,0.0,46.7,24.96,2
1078,17.0,291.4,4,1.0,139.87,45.2,31.246052494102532,8,3,1.0,78.79224966536418,71.3,0
1079,3.85,206.9,1,1.0499999999999998,27.1305,91.0,12.0,4,2,0.0,51.0,31.46,2
1080,25.2,610.0,5,0.0,493.1949375,45.4,6.0,4,0,0.0,34.4,31.68,1
1081,4.55,176.2,3,0.7,44.4825,9.1,14.0,7,1,0.0,96.5,64.41499999999999,2
1082,19.80572252166776,155.9,5,3.0,115.78,87.28058506907972,9.0,7,3,0.0,31.5,20.1,1
1083,25.962264381172098,382.6,1,3.0,113.12,82.7798944080456,15.0,12,3,0.0,7.6,62.7,1
1084,18.110233768633165,116.3,1,2.0,77.23,75.33161287007152,9.0,10,0,1.0,80.2,38.2,2
1085,3.15,324.0,2,0.7,40.5045,51.4,2.0,5,2,2.0,33.2,42.64,2
1086,10.0,208.2,5,2.0,163.84,32.9,15.296637985732785,5,2,0.0,81.07258841054387,78.4,0
1087,3.15,295.6,1,1.0499999999999998,27.4905,16.4,7.0,5,1,0.0,1.9,15.21,2
1088,14.13442121219664,383.1,1,1.0,62.71,91.76225295765494,5.0,5,4,1.0,4.8,65.8,2
1089,3.15,183.8,4,0.35,32.841,15.6,8.0,2,2,1.0,44.3,39.39,2
1090,18.12125373291244,332.3,3,2.0,133.5,76.2975080995067,14.0,4,3,2.0,86.3,54.0,1
1091,30.6,258.3,1,0.0,125.63599999999998,70.0,14.0,6,1,0.0,25.9,83.39999999999999,1
1092,5.949999999999999,210.0,5,0.35,36.1035,29.6,13.0,10,3,1.0,55.4,64.545,2
1093,18.0,354.8,2,4.4,79.15599999999999,98.4,12.0,3,1,1.0,18.1,107.52,1
1094,12.0,347.2,4,0.0,44.96,46.7,31.899528812052267,3,1,1.0,79.24649832183276,59.2,0
1095,19.0,375.8,4,3.0,97.46,59.6,31.990286109891574,9,2,1.0,88.36878090528428,65.3,0
1096,15.0,81.4,5,2.0,156.79,53.6,29.04955849523969,5,3,0.0,95.25807507621914,72.5,0
1097,3.15,261.6,5,0.7,61.254000000000005,77.1,13.0,7,3,0.0,45.3,62.400000000000006,2
1098,23.4,300.8,2,4.4,354.536,93.6,13.0,4,4,1.0,71.0,45.0,1
1099,21.0,355.9,4,0.0,88.63,84.7,26.27266455005117,6,1,0.0,81.96826462571981,94.9,0
1100,23.4,255.5,1,2.2,493.1949375,51.5,16.0,6,4,0.0,49.4,65.64,1
1101,3.85,239.8,2,0.0,42.4665,93.8,10.0,5,2,1.0,11.5,61.75,2
1102,4.55,247.6,2,0.7,22.3515,41.9,12.0,4,1,1.0,55.9,30.095,2
1103,8.0,220.7,5,2.0,315.72,7.4,18.704897794198047,5,3,0.0,87.65332990698137,81.4,0
1104,23.4,157.4,2,6.449999999999999,201.964,13.3,12.0,7,2,2.0,6.3,54.35999999999999,1
1105,34.2,364.9,3,2.2,298.78799999999995,95.2,7.0,6,2,1.0,22.9,70.92,1
1106,14.924386706522869,446.1,2,1.0,242.6,96.57486400083556,8.0,3,0,1.0,6.9,34.8,1
1107,13.0,145.8,4,0.0,83.99,91.4,19.87222498327264,4,2,1.0,93.32035140178226,65.9,0
1108,20.54573190527513,300.6,2,2.0,265.48,82.34483652409457,10.0,7,1,1.0,56.0,95.9,1
1109,12.118814029420518,540.7,4,1.0,139.35,97.87888887638492,12.0,4,1,2.0,39.3,89.0,1
1110,4.9,753.0875000000001,2,1.75,80.8065,83.8,16.0,4,0,2.5,60.6,55.9,2
1111,28.117404420699824,158.5,3,2.0,150.31,77.48312593617459,4.0,7,0,0.0,10.2,21.0,1
1112,23.4,178.2,1,6.449999999999999,306.208,54.7,7.0,6,2,1.0,74.8,48.96,1
1113,4.9,449.4,4,1.0499999999999998,160.1775,89.8,7.0,8,1,0.0,21.1,54.33,2
1114,11.0,753.0875000000001,4,1.0,211.47,5.7,31.990286109891574,3,1,0.0,83.03734261218236,75.1,0
1115,17.840539319981684,217.5,2,2.0,41.49,83.8605532458038,11.0,2,5,0.0,66.6,71.6,1
1116,14.0,178.2,5,2.0,95.96,38.1,26.393535989582567,12,3,1.0,75.20336679874585,92.5,0
1117,12.0,312.9,5,3.0,214.81,55.6,15.724495083372576,8,2,0.0,77.32214890489469,53.2,0
1118,14.0,194.1,4,4.0,27.64,95.7,31.990286109891574,6,4,0.0,84.4514627053628,41.2,0
1119,23.295713120928973,441.7,5,1.0,75.44,84.74935083369499,5.0,8,0,0.0,79.4,53.8,1
1120,21.3558970774163,335.7,4,6.0,258.85,94.89407522976856,10.0,5,3,0.0,67.2,55.7,1
1121,5.6,461.9,3,0.35,71.48700000000001,68.2,13.0,4,2,2.5,66.9,23.790000000000003,2
1122,18.0,523.4,2,6.449999999999999,256.956,56.3,10.0,5,6,2.0,51.1,108.48,1
1123,4.55,163.5,2,0.35,493.1949375,19.7,5.0,3,2,0.0,64.9,14.56,2
1124,13.0,388.7,4,3.0,493.1949375,45.6,29.51600056807509,10,1,0.0,88.79623286766453,70.9,0
1125,12.0,340.4,5,0.0,70.49,11.1,26.721469526133347,3,2,1.0,99.54627714431894,37.7,0
1126,6.65,189.7,3,0.7,26.2665,45.6,9.0,7,2,1.0,25.8,19.305,2
1127,19.8,91.3,3,0.0,493.1949375,43.9,12.0,7,2,0.0,84.5,68.64,1
1128,20.398241053078824,357.0,2,3.0,250.35,75.34944626286148,9.0,4,1,2.0,54.1,63.1,1
1129,12.0,753.0875000000001,4,2.0,107.72,26.9,31.990286109891574,11,0,0.0,77.13927786801662,79.8,0
1130,5.0,207.3,5,1.0,134.88,39.3,20.49476986715379,6,1,0.0,89.12414413649965,22.0,0
1131,13.0,305.05,4,2.0,225.23,41.2,31.990286109891574,5,2,0.0,79.38859618757155,51.2,0
1132,6.65,357.3,4,1.0499999999999998,101.457,17.2,9.0,6,1,1.0,9.5,16.055,2
1133,14.03330218161597,259.2,4,3.0,235.53,93.79738220987142,5.0,7,1,0.0,87.4,99.1,1
1134,11.0,380.7,4,3.0,76.35,66.9,16.140078422216238,6,3,0.0,86.16974178267984,89.2,0
1135,5.949999999999999,197.9,5,0.0,49.2255,40.1,9.0,8,3,1.0,97.1,63.635000000000005,2
1136,10.0,476.9,4,2.0,460.72,15.8,31.990286109891574,4,0,0.0,84.12509110821316,54.3,0
1137,18.89732862633496,753.0875000000001,1,5.0,198.71,97.43654063902429,9.0,3,2,0.0,68.2,39.8,1
1138,11.0,242.5,5,1.0,385.05,69.3,25.87024778373102,7,1,0.0,82.51651111408778,28.6,0
1139,25.2,499.3,4,2.2,413.7,66.4,11.0,5,1,0.0,13.4,99.84,1
1140,14.0,296.8,5,3.0,93.4,94.6,31.990286109891574,2,1,2.0,93.48460492292462,81.0,0
1141,18.0,345.6,3,2.2,196.448,80.4,7.0,6,1,1.0,61.1,47.04,1
1142,32.4,282.5,4,2.2,278.09599999999995,89.9,10.0,9,5,1.0,45.8,116.4,1
1143,3.85,263.5,3,1.4,129.573,76.0,10.0,9,2,1.0,49.7,39.065000000000005,2
1144,19.8,305.0,4,2.2,390.264,74.5,10.0,1,5,0.0,86.8,40.56,1
1145,3.85,205.9,1,2.1,22.752,75.8,10.0,9,1,1.0,1.8,20.215,2
1146,8.399999999999999,255.9,5,1.0499999999999998,30.942000000000004,94.5,12.0,5,1,2.5,84.2,24.31,2
1147,15.953261740563264,663.6,3,2.0,493.1949375,76.97050909996643,11.0,10,2,0.0,90.0,78.5,1
1148,23.4,382.7,3,2.2,210.7,41.0,3.0,7,1,0.0,6.6,70.32,1
1149,25.2,202.8,5,6.449999999999999,432.3759999999999,96.1,12.0,6,3,0.0,33.0,27.6,1
1150,19.251541990668365,253.2,2,5.0,232.32,83.46305279837874,6.0,6,4,0.0,91.6,49.6,1
1151,11.0,237.6,5,0.0,106.28,68.2,31.990286109891574,6,3,0.0,83.49973900225098,84.3,0
1152,30.6,223.2,4,2.2,77.728,57.5,13.0,4,2,0.0,67.0,42.35999999999999,1
1153,26.697354297187257,283.6,3,3.0,58.46,76.84911694663799,8.0,7,2,0.0,38.2,65.2,1
1154,12.0,192.6,5,2.0,70.11,44.9,31.637230280097366,6,0,0.0,88.4391388906742,31.5,0
1155,10.0,441.4,5,1.0,51.41,21.1,18.222080132335854,3,5,1.0,79.66567916886552,46.7,0
1156,18.0,753.0875000000001,3,6.449999999999999,493.1949375,10.1,13.0,6,1,0.0,55.8,24.6,1
1157,23.4,122.5,4,6.449999999999999,493.1949375,1.2,7.0,3,1,2.0,79.4,90.84,1
1158,6.3,753.0875000000001,5,1.4,131.0085,21.3,4.0,6,1,2.0,24.2,34.97,2
1159,32.4,300.5,1,4.4,203.196,53.8,12.0,11,1,0.0,28.7,35.76,1
1160,6.0,263.1,4,0.0,111.41,90.1,31.990286109891574,3,0,0.0,78.5025926702818,54.33,0
1161,27.0,195.1,3,6.449999999999999,493.1949375,41.5,14.0,6,2,2.0,84.2,49.56,1
1162,23.4,336.9,3,2.2,115.36,64.1,8.0,8,2,2.0,29.0,117.24,1
1163,4.9,264.5,1,0.35,193.716,46.3,8.0,2,3,0.0,23.0,53.04,2
1164,3.85,348.7,1,1.4,123.813,1.4,14.0,5,5,1.0,86.6,34.580000000000005,2
1165,4.199999999999999,558.9,3,0.35,76.7295,42.8,6.0,6,2,0.0,93.0,23.92,2
1166,13.0,56.8,5,1.0,86.75,37.1,31.990286109891574,7,2,1.0,84.70206299261983,81.4,0
1167,5.0,338.2,4,2.0,54.9,31.7,31.990286109891574,3,1,2.0,82.65633705297151,43.7,0
1168,4.199999999999999,101.0,5,1.0499999999999998,90.5175,30.6,10.0,7,1,1.0,19.1,39.78,2
1169,18.0,109.2,5,2.0,349.67,15.2,17.649440257881565,4,1,1.0,88.48225706913641,68.0,0
1170,14.0,428.2,4,2.0,165.4,58.4,31.990286109891574,5,1,2.0,76.15329329567516,64.3,0
1171,2.45,176.4,1,1.0499999999999998,88.8345,80.3,7.0,7,2,1.0,47.0,26.065,2
1172,13.0,110.1,4,4.0,200.9,83.3,15.467199003223207,6,3,2.0,87.070990235466,94.5,0
1173,2.8,753.0875000000001,2,0.7,65.682,26.8,15.0,4,2,0.0,47.8,28.665000000000003,2
1174,26.18955215514223,473.4,3,3.0,180.28,83.25533137266045,13.0,7,1,2.0,26.9,73.3,1
1175,13.0,333.1,4,2.0,352.18,28.4,19.12753279775548,3,3,1.0,92.3391984485856,52.5,0
1176,16.2,462.3,2,0.0,493.1949375,16.1,7.0,7,1,0.0,6.5,107.64,1
1177,13.0,149.3,4,4.0,142.35,62.4,25.156342947305063,3,1,1.0,91.09778768984644,41.2,0
1178,3.85,202.3,5,0.7,34.839,14.6,4.0,11,2,0.0,27.1,32.63,2
1179,30.6,516.9,5,2.2,493.1949375,39.8,10.0,9,3,0.0,77.6,73.67999999999999,1
1180,8.049999999999999,359.9,5,0.7,61.9155,54.3,5.0,9,0,1.0,16.8,30.875,2
1181,25.2,194.6,5,0.0,389.312,67.7,4.0,7,4,0.0,1.5,94.92,1
1182,25.9325694759955,322.5,4,5.0,187.14,76.01822658627472,11.0,3,2,1.0,82.4,87.3,1
1183,2.45,383.1,1,0.35,59.566500000000005,81.7,14.0,8,2,1.0,63.8,60.385000000000005,2
1184,14.0,305.05,4,6.0,167.19,39.4,15.43172815460755,4,0,0.0,82.5696389151338,58.4,0
1185,23.68219276699364,124.8,4,2.0,147.65,78.30168394049457,8.0,8,6,1.0,11.8,55.7,1
1186,3.15,130.2,2,1.0499999999999998,46.6155,28.1,13.0,9,4,0.0,74.8,46.02,2
1187,15.0,268.1,4,4.0,231.54,67.9,24.57675929877739,7,2,2.0,88.83030978119442,87.5,0
1188,13.0,420.5,4,3.0,24.18,20.6,31.990286109891574,8,2,0.0,87.11531362141035,52.2,0
1189,14.0,218.3,4,2.0,190.64,43.7,30.23246861657089,12,0,0.0,75.79800279894486,35.6,0
1190,4.55,274.8,5,1.0499999999999998,30.159,61.4,6.0,7,2,1.0,4.1,20.345,2
1191,16.0,109.6,4,0.0,274.61,81.2,27.01958351432081,7,5,0.0,78.98710748868926,29.7,0
1192,25.2,91.0,2,2.2,110.628,93.1,9.0,4,1,0.0,64.0,69.12,1
1193,2.45,111.6,3,2.1,41.418000000000006,98.0,12.0,1,0,0.0,96.2,21.905,2
1194,29.55084164845627,468.1,2,2.0,168.77,76.11235207214948,8.0,9,2,0.0,63.6,77.3,1
1195,30.6,99.6,3,4.4,332.752,19.2,12.0,8,1,1.0,52.4,30.24,1
1196,14.0,330.3,5,2.0,81.85,85.1,31.14578575375323,9,1,0.0,93.49900453698092,71.7,0
1197,13.0,617.4,5,2.0,265.36,58.6,31.990286109891574,14,3,0.0,88.42252124888081,22.9,0
1198,28.6815561753109,151.7,2,3.0,55.23,91.23035304551836,11.0,2,4,2.0,26.2,30.2,1
1199,14.0,205.4,5,3.0,138.72,30.3,16.312324838141812,6,1,0.0,92.61641049572236,23.9,0
1200,28.8,87.6,2,6.449999999999999,242.004,72.1,6.0,1,2,0.0,7.7,114.12,1
1201,4.55,352.0,4,0.0,96.264,43.0,12.0,5,2,0.0,89.1,36.79,2
1202,26.385859415817897,187.9,2,3.0,89.31,88.19098582067221,11.0,6,1,0.0,36.2,40.7,1
1203,10.0,215.7,4,1.0,130.5,94.6,31.990286109891574,0,2,2.0,87.24239543229724,93.0,0
1204,2.45,288.1,1,0.7,48.024,89.0,12.0,9,2,1.0,31.4,14.82,2
1205,32.4,394.1,1,4.4,349.244,46.4,11.0,12,1,0.0,74.2,110.88,1
1206,5.949999999999999,381.6,4,1.4,64.48049999999999,88.3,4.0,5,2,1.0,87.1,52.715,2
1207,4.55,305.05,1,1.75,60.0885,59.9,7.0,7,3,1.0,34.5,28.145,2
1208,15.0,449.7,4,4.0,125.07,18.4,18.08541045250441,3,3,0.0,93.746681196993,91.8,0
1209,4.55,359.4,5,2.1,37.161,8.8,9.0,7,3,0.0,63.8,59.15,2
1210,5.6,263.2,1,1.4,68.1165,4.5,11.0,9,5,0.0,80.5,61.49,2
1211,9.0,182.0,4,2.0,60.46,4.1,15.409704667784624,7,4,0.0,79.70123009127269,84.3,0
1212,4.9,239.9,3,0.35,74.619,81.7,4.0,7,6,2.0,54.9,23.725,2
1213,5.949999999999999,137.8,5,0.7,57.915,13.2,9.0,7,2,0.0,76.8,40.690000000000005,2
1214,1.75,178.9,3,2.1,13.644,88.7,7.0,9,1,0.0,82.2,56.875,2
1215,17.0,560.3,5,2.0,147.38,29.4,20.37952711918464,5,1,0.0,96.2484565206073,24.7,0
1216,4.55,154.4,3,1.4,176.4225,99.3,11.0,9,0,1.0,52.4,46.08500000000001,2
1217,13.0,452.4,5,2.0,121.95,43.8,29.20845741475521,7,1,1.0,81.97624395298939,93.2,0
1218,34.2,247.5,4,2.2,409.164,15.1,7.0,6,1,2.0,11.7,88.2,1
1219,27.0,366.5,2,2.2,228.76,22.8,11.0,6,1,2.0,17.1,70.67999999999999,1
1220,4.9,79.6,4,1.0499999999999998,273.6135,21.4,8.0,4,3,1.0,24.5,51.545,2
1221,26.106448519866323,264.6,4,0.0,493.1949375,68.2,6.0,11,2,0.0,62.5,64.4,1
1222,4.199999999999999,361.0,1,0.35,180.6075,79.6,11.0,5,1,0.0,38.4,31.915000000000003,2
1223,3.5,567.6,3,0.7,228.9465,14.3,12.0,8,1,1.0,45.2,23.4,2
1224,13.0,274.1,4,1.0,73.31,48.5,15.08677686681546,5,1,2.0,95.54996938560822,41.8,0
1225,22.186058283000776,396.5,4,1.0,56.97,83.6314814072673,6.0,3,4,0.0,23.9,82.6,1
1226,25.229916107021676,294.6,1,3.0,493.1949375,94.3668826393603,13.0,10,2,2.0,63.8,86.6,1
1227,19.836304607469398,204.6,3,1.0,117.09,78.21912330510229,10.0,7,0,0.0,96.9,59.4,1
1228,12.6,286.3,3,4.4,212.436,10.9,10.0,6,1,0.0,4.0,50.52,1
1229,3.15,178.7,1,1.0499999999999998,79.074,82.8,10.0,2,3,0.0,38.9,34.385,2
1230,7.35,273.6,1,0.35,28.287,59.8,11.0,9,3,0.0,54.6,37.18,2
1231,26.32838546978921,344.4,4,3.0,154.38,95.81641695362975,9.0,5,1,0.0,77.8,30.4,1
1232,5.6,391.8,4,1.0499999999999998,34.1955,82.3,4.0,4,3,0.0,57.8,21.775,2
1233,11.0,301.3,4,4.0,234.2,65.7,16.653611601929107,8,1,0.0,80.1985178303112,32.9,0
1234,2.1,310.1,3,1.4,33.165,1.6,9.0,8,2,0.0,16.3,29.705,2
1235,8.0,366.9,5,4.0,60.17,78.7,20.78752683014896,10,1,0.0,82.99073549355916,22.3,0
1236,13.910549788579145,342.9,1,1.0,70.57,83.79390735668711,13.0,4,1,1.0,10.9,72.6,2
1237,5.949999999999999,452.2,4,1.0499999999999998,72.78750000000001,68.2,18.0,10,2,1.0,98.2,58.89,0
1238,3.85,292.5,2,1.4,39.159,84.7,12.0,4,3,2.0,9.5,41.535,2
1239,5.25,277.3,4,0.35,493.1949375,86.0,8.0,4,3,0.0,31.3,39.0,2
1240,4.9,123.8,2,0.35,57.294,99.5,12.0,3,1,0.0,41.0,52.195,2
1241,12.35604397093451,463.4,3,2.0,193.77,85.34435714564407,7.0,5,1,2.5,24.1,47.7,2
1242,7.0,322.4,4,0.0,31.666500000000003,47.8,3.0,6,4,1.0,53.2,38.87,2
1243,5.25,291.0,4,0.7,52.5825,40.0,7.0,8,2,0.0,77.2,27.3,2
1244,21.76048114302182,587.8,4,1.0,127.56,75.00278522408722,11.0,6,1,1.0,95.4,23.9,0
1245,2.8,544.3,4,1.0499999999999998,34.5645,63.4,11.0,5,3,0.0,12.4,56.875,2
1246,6.3,352.4,3,0.0,42.3315,45.4,7.0,7,2,1.0,70.0,42.64,2
1247,15.0,157.9,4,3.0,168.61,93.0,17.309320382515008,6,0,1.0,95.72412685008176,83.7,0
1248,3.5,360.3,4,1.75,19.422,90.3,10.0,4,1,0.0,92.8,37.245,2
1249,18.0,189.8,1,4.4,271.992,13.0,10.0,3,3,0.0,55.9,102.84,1
1250,15.0,378.9,4,2.0,119.85,45.4,31.990286109891574,5,3,2.0,89.04126177136995,61.0,0
1251,16.0,541.4,4,2.0,55.97,0.7,31.990286109891574,8,2,0.0,84.58796733546671,53.3,0
1252,8.0,268.6,5,1.0,33.9,58.9,28.17402305269716,8,0,0.0,90.961631339932,32.1,0
1253,7.0,132.7,4,1.0,123.43,86.3,18.38280646481803,7,3,0.0,92.27948351001729,76.7,0
1254,4.199999999999999,544.6,4,0.7,30.5325,62.5,8.0,9,0,0.0,64.4,48.035,2
1255,5.949999999999999,150.6,2,0.0,19.179,32.0,9.0,3,2,2.0,20.0,57.785,2
1256,12.35754839933839,301.9,3,1.0,75.38,93.07249144893764,8.0,7,1,0.0,62.2,24.7,2
1257,7.699999999999999,261.2,1,0.7,68.751,85.5,7.0,7,1,1.0,3.5,24.115,2
1258,15.0,362.3,4,1.0,167.71,68.2,28.776847154173534,2,3,0.0,83.9061414414349,23.6,0
1259,14.0,305.05,4,3.0,110.96,74.0,31.857989830420674,6,1,2.0,91.45334285855616,54.0,0
1260,16.0,295.0,5,3.0,270.94,8.7,29.575277239446397,4,1,2.0,91.35859272344248,59.1,0
1261,23.4,484.4,5,6.449999999999999,493.1949375,58.3,10.0,5,2,0.0,43.4,52.92,1
1262,18.64188809733479,219.5,4,2.0,58.81,86.6083274550258,14.0,8,1,0.0,82.9,34.0,0
1263,23.4,371.1,2,6.449999999999999,246.372,93.1,9.0,8,2,0.0,22.6,38.28,1
1264,44.025000000000006,102.3,2,6.449999999999999,90.944,80.2,14.0,11,1,0.0,63.8,103.92,1
1265,17.540771069840357,413.8,1,1.0,312.27,99.68011273729329,12.0,2,0,2.0,16.3,70.1,1
1266,3.15,308.3,1,0.35,42.6375,75.8,11.0,11,0,0.0,15.1,21.645,2
1267,19.0,526.9,4,3.0,493.1949375,37.6,31.990286109891574,4,3,1.0,93.2988458458219,68.2,0
1268,29.690299288877817,231.6,1,0.0,96.53,82.18554398292537,6.0,8,1,2.0,68.5,28.3,1
1269,15.802815791418936,113.5,5,2.0,113.72,83.50617307996887,5.0,7,3,1.0,60.8,52.3,2
1270,23.359732459926523,233.4,2,1.0,187.87,99.68562127227008,7.0,2,0,0.0,95.2,37.8,1
1271,14.0,74.2,4,2.0,411.28,17.0,22.7256712377052,9,4,1.0,97.32729601596324,96.3,0
1272,16.813195666225457,244.6,3,1.0,456.05,68.2,13.0,1,1,1.0,8.1,62.2,1
1273,12.12221355668138,444.8,4,3.0,129.9,79.0861952766878,6.0,4,2,0.0,2.7,36.6,2
1274,11.0,351.5,5,4.0,122.68,90.9,31.990286109891574,8,1,0.0,82.52088534000423,35.0,0
1275,17.0,239.0,4,5.0,87.98,63.3,18.161431203629483,13,6,2.0,96.903819089563,54.33,0
1276,14.0,279.7,5,2.0,435.34,57.2,23.53188528962124,5,3,0.0,80.90453990340102,55.6,0
1277,13.0,383.2,4,0.0,200.72,71.7,23.17900816738582,2,1,1.0,79.47711398095143,68.0,0
1278,18.0,236.5,5,5.0,86.63,6.6,31.990286109891574,5,3,1.0,94.85463962477388,20.3,0
1279,23.4,385.2,2,6.449999999999999,493.1949375,52.8,7.0,6,2,2.0,80.2,31.2,1
1280,16.2,174.6,1,0.0,493.1949375,68.6,12.0,6,2,1.0,9.6,36.36,1
1281,17.502879472176296,305.05,2,0.0,82.9,79.57844841815111,11.0,10,2,1.0,88.1,92.8,1
1282,4.9,296.5,5,0.35,41.5125,1.6,8.0,7,0,0.0,54.7,60.97,2
1283,23.4,178.6,3,0.0,169.512,26.5,8.0,4,1,1.0,71.8,97.08,1
1284,17.0,227.4,4,1.0,273.6,21.3,27.9284682959006,4,2,1.0,83.07406696760839,31.0,0
1285,2.1,219.3,4,1.0499999999999998,40.9635,86.3,7.0,5,2,0.0,53.0,16.25,2
1286,7.0,483.7,2,1.0499999999999998,26.4825,39.4,15.0,5,1,1.0,17.5,50.31,2
1287,20.903049703345797,461.3,5,1.0,337.44,89.92988328135927,13.0,3,2,0.0,92.6,77.7,1
1288,23.4,209.5,5,6.449999999999999,446.62799999999993,76.2,9.0,2,1,0.0,26.0,48.12,1
1289,2.45,250.5,4,0.35,14.3595,68.2,8.0,5,1,0.0,74.1,29.445,2
1290,14.679684226943166,447.2,1,1.0,205.15,75.19100519959126,8.0,2,3,1.0,47.9,95.2,1
1291,12.6,272.3,4,2.2,102.06,15.8,10.0,8,1,1.0,53.7,26.4,2
1292,13.0,328.9,4,2.0,75.91,4.9,16.828923661075198,2,6,0.0,76.55223882622732,58.7,0
1293,19.304487400633764,268.6,5,0.0,172.61,95.79475717590552,11.0,4,2,1.0,62.1,84.7,1
1294,29.31298928800764,227.7,4,1.0,169.34,77.72534075229547,11.0,2,2,2.0,2.7,21.6,1
1295,4.199999999999999,535.9,1,0.0,35.2395,57.1,10.0,13,1,1.0,74.5,31.85,2
1296,8.399999999999999,90.0,3,0.35,24.435,23.6,9.0,8,2,1.0,65.1,45.825,2
1297,14.0,753.0875000000001,4,3.0,415.05,94.8,31.52714382147892,3,0,0.0,91.7895501345361,99.1,0
1298,4.199999999999999,260.3,1,0.35,153.207,44.6,8.0,4,2,0.0,75.8,27.755000000000003,2
1299,3.85,306.9,1,1.4,47.9835,62.7,13.0,8,3,0.0,86.0,30.615,2
1300,3.15,284.6,4,1.0499999999999998,55.88100000000001,59.7,9.0,5,3,0.0,7.8,35.165,2
1301,23.4,218.8,2,6.449999999999999,493.1949375,92.3,13.0,5,2,1.0,80.8,84.11999999999999,1
1302,25.2,303.1,4,0.0,296.576,82.2,9.0,6,1,1.0,91.7,118.68,1
1303,17.0,489.3,4,1.0,128.25,79.2,31.990286109891574,7,3,0.0,77.49571716248123,85.9,0
1304,9.0,284.4,4,1.0,209.95,32.1,29.828289172628807,7,2,0.0,93.12746601801764,77.6,0
1305,16.2,293.7,4,2.2,119.616,34.9,10.0,4,1,2.0,20.3,87.84,1
1306,19.0,314.1,5,1.0,166.27,37.6,30.1967556125006,6,2,1.0,93.10416603153544,39.8,0
1307,8.0,562.9,4,4.0,349.77,37.1,29.069047905131605,4,2,0.0,87.24615269600375,62.3,0
1308,19.8,258.2,5,4.4,283.668,88.2,9.0,5,4,0.0,90.9,41.04,1
1309,27.588517312910117,609.1,1,2.0,66.46,97.94659648226076,10.0,8,0,2.5,27.1,92.4,1
1310,2.45,275.8,1,0.35,116.6625,66.5,10.0,3,2,1.0,26.0,21.71,2
1311,12.0,375.0,4,0.0,62.01,22.6,28.647089553826408,4,0,0.0,86.856682266407,46.0,0
1312,12.0,546.4,5,1.0,53.79,98.7,28.83333172759052,5,0,0.0,95.9337585857498,96.1,0
1313,14.0,427.9,5,4.0,38.31,96.1,22.87787314990378,13,2,1.0,76.98840738359371,78.5,0
1314,24.62733262265377,114.8,3,1.0,175.3,99.54147938575689,7.0,5,3,1.0,28.6,68.1,1
1315,12.48559401750709,489.2,5,3.0,55.46,90.7793767998282,4.0,3,6,0.0,96.3,49.3,2
1316,4.55,323.5,3,0.7,18.873,83.4,12.0,6,3,0.0,80.2,55.83500000000001,2
1317,24.854033113683315,367.0,2,3.0,138.38,78.39872310131015,9.0,7,3,1.0,24.1,22.3,1
1318,25.730542324181187,593.4,3,4.0,62.57,90.02442081162116,7.0,6,2,0.0,69.1,91.2,1
1319,3.15,753.0875000000001,3,0.7,83.9835,30.1,6.0,8,1,0.0,99.3,55.83500000000001,2
1320,21.07022545583472,233.6,2,2.0,176.13,75.4513147357217,9.0,2,2,2.0,54.6,94.4,1
1321,5.0,575.1,5,2.0,132.69,99.1,31.990286109891574,4,2,0.0,84.56745751891707,25.2,0
1322,5.25,250.2,2,1.4,34.1235,10.2,7.0,5,3,0.0,24.6,54.015,2
1323,4.9,165.9,3,0.0,96.012,64.2,6.0,8,2,0.0,82.0,13.715000000000002,2
1324,13.0,307.8,5,3.0,49.84,93.3,31.990286109891574,10,4,0.0,75.42129121257433,81.8,0
1325,12.85051081687342,176.2,2,3.0,265.81,97.25144261522937,10.0,4,1,1.0,55.9,42.5,1
1326,30.6,192.0,5,2.2,302.708,87.4,4.0,5,3,0.0,19.1,24.6,1
1327,17.73371526400038,260.6,3,4.0,118.37,88.33030889259723,8.0,7,1,2.0,33.8,24.7,1
1328,6.3,550.1,1,1.0499999999999998,72.144,47.9,9.0,9,2,0.0,95.0,60.645,2
1329,13.0,399.6,4,5.0,292.54,95.7,21.889478766031637,4,2,0.0,81.46128374726646,30.2,0
1330,21.6,169.4,4,2.2,430.976,19.4,6.0,9,2,0.0,72.8,57.24,1
1331,25.2,728.9,3,4.4,263.06,25.5,8.0,9,2,0.0,2.5,90.6,1
1332,15.0,589.3,4,6.449999999999999,185.0,21.1,15.94585154056383,7,2,1.0,76.62385028455584,27.0,0
1333,25.26318635415622,122.7,4,3.0,264.57,85.4977264778959,7.0,6,2,1.0,49.5,66.3,1
1334,10.0,69.1,5,0.0,246.61,3.4,24.40921727153928,6,1,1.0,90.48656728841608,68.1,0
1335,10.0,420.7,4,2.0,145.63,22.5,31.990286109891574,5,1,0.0,88.34494161043362,49.6,0
1336,4.55,627.6,4,1.4,66.699,45.2,8.0,10,2,0.0,51.5,21.645,2
1337,17.22076383895451,367.9,3,1.0,164.52,83.2427819926328,13.0,8,1,0.0,22.1,94.1,1
1338,9.0,343.6,5,1.0,221.44,0.4,31.990286109891574,7,3,1.0,85.71123297264101,52.4,0
1339,14.4,197.4,4,6.449999999999999,327.712,23.1,10.0,4,1,1.0,78.6,92.76,1
1340,18.0,425.4,2,2.2,400.736,5.4,4.0,7,0,0.0,27.0,25.44,1
1341,7.699999999999999,288.2,3,0.35,63.20700000000001,23.3,8.0,4,2,1.0,76.1,38.415,2
1342,16.0,189.0,5,2.0,51.4,51.4,22.75388838623805,3,2,0.0,86.83176506258174,94.5,0
1343,14.0,193.2,4,1.0,85.74,36.2,31.990286109891574,3,5,2.0,88.11718527495981,54.7,0
1344,4.199999999999999,507.5,4,1.0499999999999998,111.0105,82.5,10.0,4,1,0.0,10.6,63.7,2
1345,25.2,138.4,1,6.449999999999999,493.1949375,37.8,12.0,3,3,1.0,82.6,63.35999999999999,1
1346,7.0,184.7,4,1.0,135.33,39.9,20.59456128351441,3,5,0.0,94.16770360742812,36.0,0
1347,8.0,753.0875000000001,4,1.0,119.48,31.5,28.723616837507265,8,4,2.5,91.87419562929055,96.4,0
1348,16.0,305.05,4,1.0,90.34,15.7,31.990286109891574,5,2,1.0,99.03962992870515,59.9,0
1349,32.4,642.1,5,0.0,75.32,20.2,12.0,8,1,0.0,80.4,35.879999999999995,0
1350,25.02126673802816,142.0,3,4.0,355.97,76.2809089292942,5.0,4,4,0.0,94.4,44.5,1
1351,4.9,263.2,5,0.35,34.9155,50.8,7.0,5,2,0.0,28.8,50.44,2
1352,13.0,139.1,4,2.0,43.93,91.2,15.598170560694983,6,2,2.0,94.05212745002102,80.8,0
1353,16.2,171.7,4,6.449999999999999,440.972,59.9,14.0,11,3,1.0,28.4,98.64,1
1354,16.298795245047664,252.7,3,0.0,129.32,94.5472136697192,9.0,6,3,1.0,24.2,91.7,1
1355,6.3,216.0,3,1.0499999999999998,233.9145,98.9,6.0,3,4,0.0,86.0,22.62,2
1356,9.0,387.5,4,3.0,178.15,6.7,18.34699745106252,4,4,1.0,77.08904726794763,61.3,0
1357,22.0,235.8,4,4.0,364.38,92.4,28.293055472446863,10,1,0.0,86.03950058108427,99.2,0
1358,11.0,147.4,5,2.0,207.15,41.9,21.14063541995976,7,2,0.0,86.25284923970244,43.5,0
1359,26.15026071680726,333.7,5,2.0,88.2,95.71689417870834,18.0,6,1,1.0,57.5,54.33,1
1360,21.17563489304683,118.8,5,4.0,493.1949375,79.78092398383804,8.0,4,1,1.0,82.5,24.7,1
1361,14.0,258.0,4,3.0,375.31,30.7,21.51572786583128,8,1,0.0,81.18117007903965,52.8,0
1362,21.6,457.4,1,0.0,493.1949375,7.9,12.0,4,1,1.0,55.1,111.84,1
1363,30.6,181.1,1,4.4,493.1949375,78.8,6.0,5,3,0.0,60.1,24.48,1
1364,23.4,303.0,5,4.4,458.78,73.6,8.0,5,1,1.0,6.7,66.24,1
1365,16.2,364.0,4,2.2,424.872,26.6,7.0,5,1,0.0,82.5,109.08,1
1366,14.0,203.4,4,4.0,179.55,84.7,31.990286109891574,7,0,2.5,83.36008521699655,69.0,0
1367,14.0,396.1,4,3.0,493.1949375,55.3,31.990286109891574,4,1,0.0,81.54876139066052,68.7,0
1368,13.67897084130012,376.3,2,1.0,291.45,84.81590478930349,10.0,9,0,0.0,27.3,38.0,1
1369,22.11505723201865,112.1,2,4.0,130.1,88.86783794562288,9.0,11,2,2.0,25.9,71.2,1
1370,19.797166081549825,189.4,1,4.0,151.27,85.32461613081564,8.0,6,2,1.0,39.8,56.8,1
1371,28.8,140.7,2,0.0,131.88,8.6,12.0,12,5,0.0,61.1,31.32,2
1372,23.4,426.9,5,6.449999999999999,400.708,67.3,7.0,4,4,0.0,9.3,37.08,1
1373,22.38115670838201,219.1,5,5.0,195.78,92.6199756476248,4.0,8,2,1.0,52.9,95.0,1
1374,21.6,490.5,4,4.4,478.4919999999999,77.5,10.0,9,1,0.0,52.0,113.4,1
1375,2.8,298.9,2,0.35,67.1085,46.1,13.0,4,1,0.0,72.2,15.73,2
1376,16.897502751924943,196.9,4,2.0,84.72,87.68686953765571,11.0,11,0,1.0,79.8,35.4,2
1377,22.60924905372606,167.4,2,1.0,235.28,99.54152892130304,8.0,7,2,0.0,52.8,23.2,1
1378,15.0,321.0,4,3.0,253.45,56.8,27.14753149957625,7,2,0.0,98.8819996480577,36.1,0
1379,14.51401925684143,341.6,2,3.0,137.78,77.85854519043004,13.0,0,0,1.0,47.5,62.9,1
1380,2.8,214.8,5,0.7,62.1,67.9,7.0,6,1,2.0,39.5,18.33,2
1381,5.6,501.3,5,0.7,57.7395,57.0,6.0,9,2,1.0,60.8,63.44,2
1382,13.0,753.0875000000001,4,2.0,159.98,94.0,21.839454924757348,8,0,0.0,81.2163273041027,41.3,0
1383,18.79058514602488,165.4,5,1.0,183.83,87.63954857906535,3.0,5,3,1.0,73.0,91.4,1
1384,15.44843199597396,276.6,2,1.0,44.41,86.60217933919508,6.0,4,4,2.0,57.0,72.7,2
1385,14.0,181.1,5,2.0,95.89,17.3,22.74940669007926,8,3,2.0,82.39296251923287,42.5,0
1386,16.42643973753306,419.6,4,3.0,56.84,84.38890345339942,10.0,6,1,0.0,15.9,66.9,1
1387,27.0,336.0,4,6.449999999999999,255.5,98.3,8.0,6,0,0.0,90.5,33.84,1
1388,4.199999999999999,173.5,1,1.75,129.591,97.8,12.0,7,2,0.0,72.7,54.275,2
1389,12.0,259.6,5,1.0,68.21,47.7,22.25245298286917,6,0,0.0,89.37624648265282,64.8,0
1390,15.33483914259404,358.1,3,0.0,46.05,89.72138312998298,12.0,7,0,0.0,66.9,80.8,2
1391,9.0,370.6,4,2.0,54.67,30.0,16.842818981655974,7,4,2.0,95.74276663020451,70.1,0
1392,5.6,364.7,1,1.4,69.624,97.1,9.0,6,1,2.0,69.7,30.680000000000003,2
1393,3.15,208.7,4,1.0499999999999998,93.0915,11.5,14.0,7,0,1.0,71.6,56.68000000000001,2
1394,28.8,79.3,1,6.449999999999999,369.32,77.8,11.0,5,4,0.0,65.8,81.0,1
1395,5.949999999999999,391.0,2,1.0499999999999998,15.048,56.0,13.0,3,2,0.0,92.9,31.33,2
1396,23.4,131.9,5,2.2,229.152,64.5,9.0,8,3,2.0,71.1,70.67999999999999,1
1397,3.15,226.0,1,0.7,169.479,63.2,3.0,2,3,2.0,67.6,58.24,2
1398,13.0,277.9,5,2.0,138.34,43.6,31.990286109891574,4,0,2.0,86.16553245826769,59.6,0
1399,16.134014901127777,439.7,2,0.0,33.48,96.47008969811743,12.0,7,3,0.0,22.4,54.33,2
1400,6.3,360.3,1,1.0499999999999998,34.1685,69.7,8.0,10,1,0.0,40.9,17.745,2
1401,30.6,423.4,4,2.2,93.828,95.1,12.0,9,2,0.0,13.0,55.08,1
1402,5.6,454.2,2,0.7,42.606,40.8,12.0,6,3,1.0,24.7,57.655,2
1403,12.6,254.7,2,2.2,391.692,68.2,9.0,7,4,0.0,89.2,103.44,1
1404,10.0,686.5,4,3.0,116.94,17.6,31.990286109891574,7,4,0.0,77.68595308932868,44.6,0
1405,3.5,147.1,5,1.0499999999999998,45.288,67.3,12.0,8,5,1.0,53.4,56.095,2
1406,16.0,428.5,4,3.0,493.1949375,91.8,25.007526680969157,9,0,2.0,98.84028591785228,87.7,0
1407,11.0,295.4,5,2.0,150.04,53.2,31.990286109891574,3,2,0.0,92.321225795513,22.3,0
1408,5.949999999999999,289.4,4,1.0499999999999998,46.476,24.0,6.0,10,2,0.0,95.9,50.830000000000005,2
1409,2.8,308.8,5,0.35,96.7905,46.3,7.0,8,0,1.0,47.6,48.945,2
1410,16.496045797899043,275.6,3,1.0,216.14,97.50111471586956,10.0,5,0,0.0,85.0,76.6,1
1411,4.199999999999999,301.3,1,0.35,76.45049999999999,23.7,4.0,4,4,1.0,59.0,27.56,2
1412,21.0,268.1,4,3.0,493.1949375,55.7,15.37142404548194,7,4,1.0,95.6382017285009,36.1,1
1413,23.4,164.4,2,6.449999999999999,223.748,61.6,9.0,6,1,0.0,34.0,85.91999999999999,1
1414,4.9,332.1,5,1.0499999999999998,133.137,25.5,11.0,4,1,0.0,20.6,40.755,2
1415,4.55,256.1,4,1.0499999999999998,124.9245,45.4,6.0,4,1,1.0,50.6,43.42,2
1416,28.8,469.0,2,2.2,141.48399999999998,68.2,5.0,6,1,0.0,16.0,36.6,1
1417,15.0,541.1,5,2.0,185.65,90.8,31.990286109891574,3,1,1.0,98.5552842711944,76.4,0
1418,39.6,412.6,1,2.2,194.936,9.0,7.0,2,2,1.0,99.4,93.0,1
1419,5.6,498.6,4,0.35,61.605,89.8,9.0,5,2,0.0,67.6,32.435,2
1420,17.124483397873373,492.6,1,1.0,291.67,84.41692381629602,8.0,2,2,2.0,21.7,74.0,1
1421,20.694219342228408,300.5,1,4.0,142.61,83.51709953128194,12.0,4,0,0.0,90.2,55.4,1
1422,14.0,316.2,5,4.0,31.32,88.0,31.990286109891574,13,1,1.0,96.55053564437638,79.0,0
1423,30.6,183.9,3,4.4,493.1949375,92.0,5.0,2,2,0.0,86.8,111.0,1
1424,3.5,309.8,2,0.35,21.087,79.1,8.0,3,1,2.0,34.8,20.735,2
1425,19.8,584.3,2,0.0,267.568,9.4,9.0,5,1,1.0,42.5,66.24,1
1426,12.0,503.3,5,0.0,290.23,31.5,31.990286109891574,9,0,1.0,98.36564550694708,51.2,0
1427,28.8,418.8,4,2.2,170.32399999999998,19.3,11.0,6,3,1.0,9.7,32.04,1
1428,10.0,305.05,4,4.0,179.6,52.1,28.6655228923015,7,1,0.0,77.4049436075491,24.7,0
1429,5.949999999999999,381.5,2,0.0,36.4905,39.1,10.0,5,0,2.0,86.8,29.64,2
1430,22.178052094571868,154.1,3,6.0,29.92,97.77061941493528,10.0,8,1,0.0,26.0,74.7,1
1431,16.2,659.1,4,6.449999999999999,226.296,23.9,12.0,4,1,1.0,77.3,94.8,1
1432,15.663839463760542,472.2,2,0.0,84.22,79.56037377327088,10.0,9,1,0.0,40.1,96.5,1
1433,19.0,219.7,5,4.0,56.16,35.8,23.70495230200227,6,2,2.0,87.52157104946347,35.3,0
1434,14.0,196.8,4,0.0,131.79,87.1,26.25426232659613,2,2,0.0,85.62772250966361,54.3,0
1435,15.0,216.2,4,2.0,136.48,25.8,31.990286109891574,4,2,0.0,92.32266842798728,65.2,0
1436,19.8,336.1,3,6.449999999999999,274.876,41.8,6.0,2,1,1.0,58.1,40.56,1
1437,5.25,356.2,2,1.75,45.0045,38.4,8.0,8,4,0.0,85.0,25.415000000000003,2
1438,25.555484175006757,101.3,2,4.0,201.99,78.12282515577886,8.0,6,3,1.0,48.5,55.2,1
1439,8.0,133.8,5,6.449999999999999,52.96,62.1,25.117542069893744,6,1,1.0,80.219073092795,42.9,0
1440,27.0,310.8,1,2.2,493.1949375,94.2,13.0,9,1,0.0,70.5,33.36,1
1441,18.215965917242503,306.7,5,3.0,85.93,83.85386004343911,9.0,8,2,0.0,36.3,69.4,1
1442,25.2,413.3,3,6.449999999999999,288.008,100.0,8.0,6,4,1.0,91.9,103.92,1
1443,3.85,497.5,2,0.7,31.765500000000003,9.0,5.0,6,6,0.0,88.4,28.925,2
1444,25.2,175.3,1,0.0,168.0,53.5,11.0,8,2,2.0,51.9,40.92,1
1445,14.4,307.0,3,4.4,493.1949375,20.7,6.0,5,3,1.0,42.0,54.33,1
1446,16.0,191.4,5,3.0,75.36,48.1,17.005120777864697,4,4,1.0,96.60981954452215,60.1,0
1447,16.2,447.3,5,2.2,493.1949375,76.3,8.0,4,2,0.0,25.6,113.64,1
1448,4.199999999999999,218.1,1,1.4,76.3875,47.9,9.0,11,2,1.0,22.3,44.59,2
1449,3.5,295.8,5,0.7,49.639500000000005,85.6,7.0,7,4,0.0,94.7,58.955000000000005,2
1450,8.049999999999999,169.1,3,0.7,121.7205,70.6,10.0,8,4,0.0,31.4,58.175,2
1451,12.0,303.4,5,0.0,138.8,51.1,31.990286109891574,8,1,1.0,85.68783182102348,92.8,0
1452,14.0,253.3,4,3.0,31.14,94.3,22.37815479891323,8,3,1.0,78.30188147089014,22.4,0
1453,24.769697271004247,620.3,4,0.0,85.39,68.2,10.0,8,3,0.0,68.2,78.1,1
1454,4.199999999999999,144.4,3,0.7,359.53650000000005,95.0,4.0,8,2,0.0,8.0,61.295,2
1455,18.0,233.8,4,3.0,134.05,54.0,30.771156222399824,7,3,1.0,82.10966549283486,96.2,0
1456,12.0,248.8,5,2.0,123.22,93.5,31.990286109891574,6,4,0.0,86.19530074082121,99.9,0
1457,22.0,227.7,5,1.0,253.15,14.3,30.560560889762527,8,1,1.0,82.21380445631519,59.9,0
1458,20.0,215.4,5,2.0,336.22,93.9,31.990286109891574,5,4,0.0,98.3735941430011,39.0,0
1459,7.699999999999999,292.7,5,0.35,31.5585,50.9,14.0,4,3,0.0,26.4,58.37,2
1460,5.25,291.5,3,1.0499999999999998,59.215500000000006,0.5,11.0,8,0,0.0,76.2,30.290000000000003,2
1461,4.55,165.1,5,2.1,58.446,81.1,7.0,9,1,0.0,80.1,14.365000000000002,2
1462,19.0,439.7,4,5.0,50.15,89.3,26.230539214542176,7,2,1.0,79.39768022130613,86.7,0
1463,12.126284009813013,409.2,5,1.0,113.26,82.62184095934275,8.0,5,1,0.0,0.7,70.7,2
1464,25.2,499.0,3,6.449999999999999,420.252,44.6,8.0,3,6,1.0,83.5,118.2,1
1465,5.949999999999999,278.5,4,0.0,51.3045,87.9,11.0,9,0,1.0,56.7,40.365,2
1466,26.09537172892112,64.4,4,2.0,489.65,90.16321062173222,8.0,6,1,1.0,85.4,85.6,1
1467,28.50914905279028,431.7,2,2.0,216.96,86.20006455301207,7.0,6,1,0.0,84.4,38.2,1
1468,16.0,336.7,5,3.0,162.84,70.8,31.990286109891574,5,1,2.0,88.18473765251936,25.4,0
1469,4.199999999999999,333.2,1,0.35,59.706,60.2,15.0,4,1,0.0,46.7,52.13,2
1470,3.85,604.5,4,0.35,96.4125,58.7,6.0,3,1,1.0,90.1,58.63,2
1471,27.0,357.0,3,6.449999999999999,312.34,27.5,7.0,10,2,1.0,43.2,110.76,1
1472,10.0,181.3,5,4.0,46.67,19.8,22.013461244111877,8,3,1.0,86.77815321821484,79.0,0
1473,13.0,314.3,4,2.0,57.79,58.3,31.990286109891574,7,0,1.0,85.81826558440635,93.9,0
1474,2.8,311.9,5,0.0,69.066,35.2,8.0,6,2,0.0,89.0,50.895,2
1475,23.4,725.5,3,4.4,493.1949375,25.8,10.0,13,0,0.0,82.3,34.8,1
1476,12.6,399.6,5,6.449999999999999,273.308,57.4,11.0,2,2,2.0,94.3,99.12,1
1477,26.79476989120724,281.0,4,3.0,236.7,80.8334472562345,11.0,8,2,2.0,67.2,31.3,1
1478,16.0,600.5,4,1.0,175.48,32.5,27.321762720921903,8,4,1.0,81.80876554948966,20.3,0
1479,14.29195520718513,753.0875000000001,4,2.0,281.46,86.96169120194844,4.0,4,3,0.0,36.1,24.5,1
1480,4.199999999999999,253.2,1,1.4,27.999,4.8,9.0,4,0,1.0,8.8,13.585,2
1481,9.0,143.8,5,0.0,60.84,91.2,31.698448973537246,5,4,0.0,97.92801037312348,86.5,0
1482,4.199999999999999,231.4,3,1.0499999999999998,188.766,14.0,12.0,3,0,0.0,96.3,51.61000000000001,2
1483,8.0,177.9,5,3.0,41.46,88.1,19.015194543172264,9,0,0.0,93.87287902111024,54.1,0
1484,4.55,305.05,5,2.1,75.2715,45.6,16.0,6,1,0.0,72.3,53.04,0
1485,18.0,326.6,5,3.0,369.62,76.9,20.28721697781083,5,0,0.0,93.4802250051732,28.4,0
1486,16.0,210.2,5,1.0,171.86,64.1,31.990286109891574,6,0,0.0,84.25575561138353,98.0,0
1487,4.199999999999999,444.8,5,1.75,150.06150000000002,54.1,6.0,6,4,1.0,5.3,48.23,2
1488,6.3,305.05,2,1.0499999999999998,141.77700000000002,86.8,9.0,6,2,2.5,22.8,61.1,2
1489,5.949999999999999,646.1,2,0.35,101.025,16.9,8.0,4,1,0.0,75.7,49.855,2
1490,23.4,178.6,5,4.4,464.9119999999999,98.8,6.0,8,3,0.0,26.3,70.67999999999999,1
1491,36.0,539.6,4,4.4,173.32,81.6,13.0,2,0,1.0,24.0,50.76,1
1492,3.5,392.4,3,0.35,22.68,93.1,12.0,3,2,0.0,58.0,35.815000000000005,2
1493,2.8,276.7,5,0.35,50.7105,96.8,14.0,2,3,1.0,29.3,62.400000000000006,2
1494,27.0,282.4,1,2.2,107.52,19.6,8.0,7,2,0.0,60.1,82.44,1
1495,4.199999999999999,210.7,4,0.0,86.7375,97.2,9.0,9,4,0.0,95.9,27.82,2
1496,19.36747473636933,116.4,5,3.0,493.1949375,90.98349591996104,7.0,6,2,2.0,28.9,46.2,1
1497,7.35,746.1,5,1.4,60.228,59.8,6.0,7,2,2.0,17.3,33.67,2
1498,5.6,611.2,2,0.35,74.664,28.4,3.0,6,3,2.0,19.3,29.64,2
1499,3.15,346.8,5,0.7,26.478,19.1,6.0,8,3,0.0,45.4,21.385,2
1500,4.199999999999999,251.1,2,0.35,53.6355,17.3,8.0,3,0,2.0,13.3,36.53,2
1501,22.53459261639019,182.6,1,0.0,135.8,86.32041771169027,12.0,3,2,0.0,77.0,37.9,1
1502,23.4,398.0,5,6.449999999999999,309.932,36.4,8.0,7,1,0.0,27.0,71.52,1
1503,14.0,497.6,5,0.0,169.7,81.9,19.14336822327897,6,1,0.0,75.59241546951937,68.8,0
1504,3.15,479.9,4,0.35,37.773,73.8,12.0,5,1,2.0,33.6,50.96000000000001,2
1505,14.0,753.0875000000001,4,1.0,140.91,3.2,28.81033015009148,7,0,0.0,87.7054306892733,52.1,0
1506,29.552694811765747,107.4,2,3.0,177.84,86.31044749280903,8.0,10,2,1.0,83.3,39.9,1
1507,4.9,268.8,1,1.0499999999999998,145.998,55.7,14.0,5,1,0.0,44.9,16.509999999999998,2
1508,4.9,70.3,4,0.35,62.010000000000005,29.5,4.0,8,1,0.0,39.3,26.65,2
1509,28.8,206.8,2,6.449999999999999,245.252,49.6,9.0,6,2,2.0,88.2,44.16,1
1510,5.25,393.3,1,1.0499999999999998,53.082,1.9,12.0,11,0,2.0,67.9,47.19,2
1511,3.15,304.4,2,0.7,79.227,44.2,11.0,7,1,0.0,26.7,26.52,2
1512,2.45,264.1,3,0.7,31.959,68.2,11.0,5,3,2.0,52.2,58.955000000000005,2
1513,10.0,625.9,5,2.0,80.55,61.4,31.990286109891574,9,4,0.0,88.02862156159583,59.9,0
1514,2.1,138.6,2,1.0499999999999998,63.459,79.8,9.0,7,2,0.0,20.5,14.43,2
1515,17.88532985819929,239.3,2,1.0,34.11,84.39281672220092,6.0,4,0,0.0,90.9,39.6,2
1516,36.0,309.9,3,6.449999999999999,332.472,62.4,9.0,7,0,0.0,51.3,69.72,1
1517,19.8,146.1,5,2.2,270.452,97.9,11.0,5,1,2.0,41.5,39.48,1
1518,15.0,356.7,5,3.0,189.79,73.2,29.998923007823727,5,0,0.0,76.15372745412039,57.7,0
1519,10.0,224.7,4,2.0,72.68,19.8,27.278309913118346,8,2,1.0,87.62613380398378,44.9,0
1520,19.33365740136628,287.8,4,2.0,97.02,83.90674611645782,8.0,6,2,1.0,22.7,54.33,1
1521,17.20977241617618,235.0,1,2.0,126.05,91.8862944944702,6.0,5,2,1.0,6.8,97.4,1
1522,21.960467091220767,385.4,4,4.0,81.3,75.8105530198567,12.0,5,1,2.5,57.5,39.3,1
1523,20.29959904491361,245.3,1,2.0,67.42,88.22397958538878,9.0,11,1,0.0,22.8,46.7,1
1524,2.1,103.5,4,2.45,37.6965,51.8,5.0,11,4,1.0,53.4,19.63,2
1525,12.0,199.0,4,4.0,32.21,80.5,29.44831870038968,14,1,2.0,77.32819420048746,56.5,0
1526,26.18602093196184,481.7,4,3.0,67.07,90.5819535594407,9.0,8,3,0.0,62.4,42.3,1
1527,3.15,236.2,3,0.0,85.54950000000001,79.1,8.0,9,4,2.0,99.5,35.165,2
1528,3.85,403.8,4,0.35,21.186,35.4,7.0,1,1,0.0,38.3,44.135000000000005,2
1529,24.41603039517452,446.5,3,2.0,63.23,97.66782239022685,18.0,4,1,1.0,62.4,71.3,1
1530,3.85,718.0,5,0.35,47.9115,46.2,7.0,4,0,1.0,14.7,31.005000000000003,2
1531,43.2,232.2,1,0.0,493.1949375,52.1,7.0,5,3,0.0,74.7,107.16,1
1532,18.028657184483563,298.8,3,3.0,55.97,86.44356897592401,10.0,8,4,0.0,78.6,44.0,1
1533,5.6,210.9,3,0.0,37.413,11.0,8.0,6,0,2.0,54.1,30.42,2
1534,4.55,562.8,4,1.4,139.03650000000002,11.6,8.0,4,1,2.0,78.6,38.545,2
1535,16.0,206.9,5,5.0,142.0,4.8,20.647926164503243,8,4,0.0,80.96674809136296,97.5,0
1536,4.0,718.5,5,2.0,197.68,76.6,31.990286109891574,5,4,0.0,88.69523094249216,81.2,0
1537,17.970719323027012,418.8,2,2.0,63.94,75.92127380589575,10.0,5,3,1.0,85.3,76.8,1
1538,21.6,422.2,5,4.4,235.256,79.0,8.0,10,0,0.0,56.0,62.64,1
1539,34.2,298.3,4,4.4,493.1949375,91.8,19.0,1,2,1.0,65.5,103.56,1
1540,23.4,239.2,5,2.2,450.352,22.2,13.0,4,1,1.0,98.2,80.04,0
1541,32.4,108.9,4,6.449999999999999,493.1949375,15.8,6.0,5,0,2.0,97.0,118.68,1
1542,20.21811019541601,528.5,1,1.0,201.41,82.44497479774972,6.0,5,4,2.0,70.8,97.8,1
1543,26.13311557047317,236.9,4,1.0,223.2,92.0862654190698,4.0,3,6,2.0,46.0,75.0,1
1544,28.8,363.5,5,6.449999999999999,279.16,84.0,13.0,9,1,1.0,16.1,89.39999999999999,1
1545,3.5,198.8,5,0.7,28.4265,34.7,9.0,5,2,1.0,95.8,29.055000000000003,2
1546,23.4,248.8,3,6.449999999999999,228.172,53.0,8.0,6,1,1.0,75.2,88.91999999999999,1
1547,14.0,289.6,5,4.0,97.72,29.9,31.990286109891574,1,0,1.0,84.79785347908079,39.7,0
1548,14.0,447.8,5,3.0,29.63,54.3,24.549378750521992,5,2,1.0,88.4937324986163,68.1,0
1549,16.0,343.1,4,2.0,175.11,43.2,27.3286702422565,8,4,2.0,92.5336160916041,61.8,0
1550,28.8,106.2,1,6.449999999999999,493.1949375,84.0,6.0,6,2,0.0,35.5,108.0,1
1551,27.0,737.9,5,6.449999999999999,385.56,93.6,7.0,11,5,2.0,60.4,77.39999999999999,1
1552,14.0,330.0,4,0.0,83.18,33.6,31.990286109891574,9,4,0.0,93.99527919091942,48.4,0
1553,13.59184200041574,335.6,3,3.0,136.66,98.93599998401368,9.0,4,2,1.0,24.6,54.33,1
1554,18.0,339.4,3,2.2,118.776,85.5,8.0,6,2,0.0,50.8,50.76,1
1555,23.89575193932327,297.6,1,2.0,39.96,85.76519420077722,5.0,9,3,0.0,92.2,81.1,1
1556,14.0,702.4,5,2.0,386.21,96.9,25.50700155961232,8,0,1.0,79.04828593609209,89.2,0
1557,12.0,93.9,5,1.0,33.97,23.6,20.61023575800894,6,3,0.0,83.32425934404452,86.4,0
1558,7.0,543.6,2,1.4,98.253,53.9,7.0,9,5,0.0,2.0,63.635000000000005,2
1559,5.25,254.6,4,1.0499999999999998,141.642,97.3,9.0,0,2,1.0,80.2,38.22,2
1560,16.714438314819027,138.3,3,2.0,125.58,96.08150292964152,7.0,5,2,1.0,78.6,62.5,1
1561,22.0,488.4,4,1.0,121.63,1.0,25.10330929903619,9,3,0.0,87.69362340859507,52.4,0
1562,21.6,304.0,3,6.449999999999999,398.44,79.5,7.0,3,3,0.0,71.5,91.08,1
1563,14.0,697.3,5,2.0,31.39,92.4,31.990286109891574,9,2,0.0,99.6281739286694,81.7,0
1564,2.8,234.3,1,1.4,37.962,52.4,11.0,4,2,1.0,41.3,51.545,2
1565,5.25,347.9,3,1.4,144.2385,79.4,6.0,3,2,0.0,3.5,15.6,2
1566,21.78420383913863,275.0,3,1.0,137.31,85.4526331793539,7.0,3,1,0.0,67.0,65.7,1
1567,13.0,399.5,5,4.0,114.74,93.5,31.990286109891574,9,3,0.0,83.98691636420736,86.3,0
1568,13.0,310.4,5,3.0,133.21,0.6,17.088534170369208,5,1,1.0,89.28783197378601,69.1,0
1569,9.0,267.8,4,2.0,80.57,39.3,31.990286109891574,5,4,0.0,83.4531865941693,99.3,0
1570,13.36219529428562,344.9,1,5.0,56.96,90.90706373399942,17.0,9,2,1.0,77.6,23.1,2
1571,4.55,184.2,3,1.0499999999999998,105.0615,74.7,9.0,5,3,1.0,58.0,54.21000000000001,2
1572,25.55329766974119,434.4,4,1.0,69.1,93.06763600404014,7.0,11,1,2.0,87.2,29.7,2
1573,26.621455764020187,315.4,5,1.0,493.1949375,87.36216450054482,9.0,6,3,0.0,88.2,22.5,1
1574,3.15,615.3,3,1.0499999999999998,47.0115,87.4,6.0,8,2,0.0,31.3,46.93000000000001,2
1575,41.4,426.8,2,0.0,450.884,27.7,10.0,14,3,1.0,76.7,42.24,1
1576,2.8,418.3,1,1.4,169.6365,65.3,9.0,7,1,1.0,34.4,25.480000000000004,2
1577,21.6,448.4,2,4.4,483.7,68.2,6.0,10,0,0.0,90.3,101.64,1
1578,4.55,596.4,4,0.7,23.274,96.7,16.0,3,1,0.0,18.5,61.49,2
1579,11.0,334.7,5,0.0,86.56,95.2,16.095659158438615,4,1,0.0,85.81748105087175,25.8,0
1580,11.0,110.4,5,4.0,41.62,2.8,15.864102941561727,6,1,1.0,76.74558109998787,74.1,0
1581,14.0,414.1,5,4.0,110.97,13.9,18.74254197179442,9,2,1.0,93.48317486437304,46.2,0
1582,12.0,332.3,4,4.0,64.62,16.6,31.990286109891574,5,5,0.0,98.36148663167442,39.8,0
1583,1.4,245.8,4,0.7,49.158,75.8,8.0,8,4,2.5,19.7,18.525,2
1584,12.52325406046681,172.0,3,1.0,310.49,96.17728411588324,11.0,4,3,0.0,42.2,63.6,1
1585,29.331338942734767,183.9,4,2.0,382.84,89.89766386647926,7.0,7,1,0.0,40.4,82.1,1
1586,25.976767325210943,369.3,3,4.0,40.24,80.77107562279598,10.0,10,1,1.0,17.5,99.2,1
1587,3.85,259.4,2,0.35,17.91,66.1,15.0,6,2,0.0,64.8,17.81,2
1588,23.4,331.0,5,2.2,370.972,31.0,9.0,3,3,0.0,98.5,85.68,1
1589,18.0,180.4,5,6.449999999999999,309.148,61.6,10.0,9,1,0.0,1.0,78.36,1
1590,8.0,577.3,5,2.0,52.19,17.2,31.668408487673865,4,1,1.0,85.05619502501663,58.0,0
1591,4.199999999999999,179.8,1,0.35,48.537,60.6,5.0,10,2,2.0,26.1,33.605000000000004,2
1592,5.25,384.3,5,0.35,55.3455,75.3,15.0,6,2,1.0,65.2,32.24,2
1593,15.0,366.6,5,1.0,100.38,70.8,17.66715195922419,5,0,2.0,99.27281441544432,90.6,0
1594,29.81913158900733,387.6,4,2.0,279.14,75.63296914974087,9.0,3,3,2.0,0.2,94.3,1
1595,18.0447371594416,118.5,3,0.0,250.04,84.77186024061577,7.0,5,1,0.0,14.5,76.8,1
1596,12.0,559.5,4,2.0,113.88,95.3,28.357157613332085,6,4,0.0,84.31031208201475,73.5,0
1597,3.85,309.2,1,0.7,127.1385,28.2,6.0,7,1,0.0,64.2,22.880000000000003,2
1598,21.6,205.9,2,2.2,493.1949375,9.5,8.0,10,0,1.0,58.2,65.88,1
1599,5.6,492.7,2,0.0,60.0885,27.0,8.0,5,2,0.0,45.0,26.0,2
1600,18.034508458269197,305.05,1,3.0,23.06,75.74915600632949,9.0,9,6,2.0,69.4,22.5,2
1601,20.878285591455477,328.5,1,3.0,48.85,85.60239051251732,12.0,6,1,0.0,69.9,44.8,1
1602,7.0,477.1,4,4.0,94.45,80.9,21.44389750361369,3,3,0.0,77.71369780362296,40.2,0
1603,28.39651141184678,90.3,1,0.0,169.14,86.8811330692652,5.0,6,2,0.0,36.2,90.7,1
1604,4.199999999999999,186.7,4,1.0499999999999998,23.2515,50.5,4.0,2,3,1.0,79.0,41.73,2
1605,13.0,568.7,4,0.0,253.11,2.3,25.542042787761524,8,4,0.0,91.63111692664206,29.7,0
1606,1.0499999999999998,193.4,3,0.35,144.441,43.4,14.0,7,1,0.0,29.4,20.215,2
1607,37.8,385.0,2,2.2,469.784,27.9,8.0,6,3,0.0,49.6,42.72,1
1608,3.5,405.0,4,1.75,77.7285,25.4,13.0,9,1,0.0,43.8,58.89,2
1609,4.9,357.4,1,0.7,90.288,35.7,8.0,7,4,0.0,93.7,55.705000000000005,2
1610,4.55,396.1,5,1.0499999999999998,72.567,92.6,5.0,4,1,0.0,60.8,19.76,2
1611,20.728352293700045,237.8,2,5.0,130.34,96.3814154209068,11.0,6,0,1.0,90.0,68.1,1
1612,41.4,316.1,2,2.2,317.576,25.3,8.0,7,1,0.0,21.0,79.91999999999999,1
1613,3.15,278.8,3,0.7,102.2175,62.6,7.0,8,1,0.0,84.2,42.445,2
1614,10.0,270.7,4,5.0,221.76,78.9,21.322048450990483,10,2,0.0,98.0138849258721,60.9,0
1615,6.65,201.5,5,1.0499999999999998,22.5675,11.6,10.0,4,3,1.0,54.0,23.92,2
1616,12.0,365.2,4,5.0,121.59,51.4,23.64930298820292,4,1,1.0,84.5047661511834,42.2,0
1617,2.45,497.2,2,0.7,77.31,79.3,7.0,9,0,1.0,94.5,15.145,2
1618,28.8,187.6,5,6.449999999999999,132.29999999999998,23.2,8.0,4,0,0.0,10.1,54.84,1
1619,17.421480839762022,362.9,2,3.0,188.27,80.38725824497799,7.0,4,0,1.0,54.8,94.4,1
1620,1.0499999999999998,305.05,4,1.0499999999999998,49.851,2.3,6.0,7,4,1.0,25.5,49.595,2
1621,12.6,264.8,5,4.4,493.1949375,34.2,10.0,4,0,0.0,77.2,92.52,1
1622,4.9,414.5,3,0.0,90.855,46.5,12.0,6,1,0.0,74.8,32.76,2
1623,4.9,187.6,2,0.35,60.2595,52.2,6.0,2,2,0.0,97.2,37.05,2
1624,13.0,95.0,4,1.0,168.26,67.7,24.124886226526037,9,0,0.0,87.96435227441519,28.6,0
1625,11.0,392.9,4,3.0,135.83,81.8,18.6943698800615,3,4,0.0,97.9282039593312,83.3,0
1626,4.199999999999999,249.9,2,1.0499999999999998,20.538,71.5,7.0,10,2,1.0,12.0,58.045,2
1627,22.455511447101244,161.9,1,1.0,120.94,83.63271099891682,8.0,5,2,1.0,88.4,26.9,1
1628,18.0,160.5,4,1.0,42.8,28.2,31.990286109891574,9,3,0.0,82.09032598797931,64.2,0
1629,13.0,322.2,5,2.0,102.34,89.2,31.990286109891574,3,1,1.0,82.54563342556068,31.7,0
1630,18.0,290.3,4,4.0,138.21,78.3,20.538685733364357,6,3,1.0,91.1681974285194,33.2,0
1631,4.9,192.4,2,0.35,25.335,93.3,10.0,7,0,1.0,9.7,28.730000000000004,2
1632,14.0,271.8,5,5.0,119.43,38.0,31.990286109891574,7,3,0.0,96.96093164861082,68.1,0
1633,27.190575115230224,305.05,2,3.0,330.39,94.98814510829877,9.0,9,1,2.0,65.8,75.9,1
1634,10.0,399.2,4,2.0,88.19,57.5,27.06142406273881,4,1,1.0,77.13813807196746,51.6,0
1635,17.696458623577435,117.9,3,3.0,67.7,94.87223403369526,15.0,4,3,0.0,9.3,30.3,1
1636,6.0,753.0875000000001,4,1.0,257.77,97.1,25.536301595551254,3,3,1.0,96.87764558596068,54.33,0
1637,23.4,402.6,1,4.4,406.896,47.9,7.0,6,1,0.0,80.4,67.08,1
1638,3.85,158.5,3,0.7,55.548,56.2,9.0,6,4,1.0,41.6,22.165000000000003,2
1639,19.0,562.5,5,3.0,178.53,72.3,31.990286109891574,6,1,1.0,99.82794081161283,82.9,0
1640,13.0,323.3,5,0.0,140.29,69.5,31.990286109891574,4,2,0.0,88.33127326838164,50.2,0
1641,15.0,226.8,4,3.0,76.45,24.0,19.5044288718564,9,1,2.0,99.93435347235923,69.4,0
1642,14.0,30.0,4,2.0,59.71,27.9,31.3576304341792,9,3,1.0,93.72948791685644,92.5,0
1643,24.79196530191121,534.6,4,2.0,405.05,95.5257908308264,5.0,3,2,1.0,9.3,39.8,1
1644,27.0560142365467,568.4,2,1.0,171.45,90.96368866123768,7.0,5,4,1.0,61.0,82.9,1
1645,21.871806023994644,456.3,5,0.0,349.29,84.9930551940788,5.0,4,3,1.0,62.8,75.7,1
1646,21.240028066550025,230.1,2,0.0,107.88,88.75433768893456,11.0,5,4,0.0,23.4,83.5,1
1647,11.0,195.9,5,1.0,282.85,56.2,27.85106434579778,6,3,2.0,80.61692058617525,85.9,0
1648,4.9,753.0875000000001,3,0.35,34.105500000000006,8.1,6.0,5,3,1.0,52.2,54.33,2
1649,23.4,351.8,3,6.449999999999999,126.868,48.1,11.0,7,2,2.5,24.1,118.2,1
1650,18.0,196.1,4,6.449999999999999,480.704,61.3,12.0,3,3,1.0,16.5,54.12,1
1651,9.0,305.05,2,0.0,493.1949375,70.3,11.0,10,0,0.0,41.2,78.6,1
1652,24.0,267.2,5,1.0,250.47,60.3,15.505056737062793,5,2,0.0,80.99404747321962,44.5,0
1653,16.013309256012853,279.8,1,2.0,166.68,97.4775909122129,9.0,9,6,2.0,28.9,52.3,1
1654,10.0,119.7,4,5.0,81.27,88.8,28.23443636031629,5,4,0.0,86.81607933310157,30.0,0
1655,4.55,225.9,5,0.0,73.14750000000001,83.0,8.0,7,0,0.0,22.4,26.585,2
1656,21.6,377.7,1,4.4,450.5759999999999,99.3,11.0,5,5,0.0,28.1,68.52,1
1657,4.9,138.9,4,1.4,54.297,0.9,6.0,5,3,0.0,24.6,30.03,2
1658,16.0,246.7,5,3.0,94.25,6.1,18.029945896914903,5,2,0.0,86.41234930309321,36.3,0
1659,17.519479061578036,595.2,4,1.0,60.7,75.2848777876593,10.0,6,2,0.0,34.6,58.9,2
1660,13.758029164911608,369.0,1,2.0,144.48,95.67752104178182,9.0,8,1,1.0,23.2,34.0,2
1661,10.0,295.5,4,4.0,147.78,30.2,18.98854393927921,5,3,0.0,94.17043061781676,35.6,0
1662,15.0,210.0,4,1.0,48.71,6.7,29.78769567380137,10,6,0.0,86.55458280721666,76.0,0
1663,28.8,245.9,1,6.449999999999999,493.1949375,5.7,9.0,4,5,0.0,63.8,110.04,1
1664,25.2,364.0,3,4.4,139.43999999999997,76.9,6.0,8,2,2.0,36.4,84.36,1
1665,14.0,170.2,5,2.0,81.56,45.8,23.818111189346283,5,1,0.0,87.27821871296398,81.0,0
1666,4.9,555.8,1,1.0499999999999998,66.8835,56.2,11.0,6,2,2.0,19.1,57.46000000000001,2
1667,23.4,432.7,5,6.449999999999999,453.852,29.2,11.0,7,2,2.0,30.9,54.33,1
1668,16.2,316.1,5,6.449999999999999,207.256,21.4,11.0,7,4,1.0,53.1,119.51999999999998,1
1669,28.906219734891565,455.5,1,0.0,68.44,96.2437605086067,7.0,4,1,1.0,30.3,69.3,1
1670,4.55,688.0,4,0.35,53.0595,11.0,4.0,7,0,1.0,78.1,13.52,2
1671,18.0,118.8,4,6.449999999999999,346.5,95.3,10.0,5,2,0.0,1.2,42.6,1
1672,3.85,242.7,4,1.0499999999999998,143.8065,32.1,11.0,2,3,2.5,13.9,48.815,2
1673,14.0,207.6,4,2.0,62.6,85.4,29.67349414069753,8,2,0.0,93.4767809226551,32.1,0
1674,13.625518214748706,135.8,2,4.0,131.91,93.2349218340405,9.0,5,0,0.0,86.0,67.3,1
1675,29.042956856565453,137.4,1,1.0,113.72,95.30881809953571,11.0,7,2,1.0,69.8,42.6,1
1676,22.953550526958097,435.8,2,3.0,161.31,83.40175497720094,15.0,9,2,2.0,83.7,47.2,1
1677,22.790784427591205,325.6,4,0.0,105.43,83.259771826929,3.0,7,3,0.0,47.6,32.6,2
1678,14.0,65.0,5,3.0,250.6,28.5,22.09826080506738,8,1,0.0,88.16449012344765,58.7,0
1679,3.85,664.1,4,1.4,87.9975,16.4,4.0,6,1,1.0,93.8,47.645,2
1680,10.0,339.9,5,2.0,295.33,69.9,31.990286109891574,8,0,1.0,80.64304237523675,65.8,0
1681,4.55,305.05,1,0.0,61.51499999999999,30.5,10.0,9,2,0.0,34.8,55.83500000000001,2
1682,4.9,753.0875000000001,3,0.7,56.268,31.3,6.0,4,2,2.0,42.5,50.96000000000001,2
1683,6.3,479.0,2,1.75,43.812,23.9,11.0,6,3,2.0,54.2,38.22,2
1684,9.0,176.9,5,2.0,47.95,77.1,22.30613345700774,6,3,1.0,96.78789468438526,48.6,0
1685,8.0,365.0,4,4.0,161.05,83.2,22.89107077350298,6,3,2.5,87.82515922743384,94.4,0
1686,18.0,372.8,4,6.449999999999999,471.8279999999999,2.3,8.0,13,4,1.0,89.6,87.11999999999999,1
1687,13.0,332.7,5,1.0,181.1,93.2,29.228695161860173,9,2,1.0,96.01736157836524,95.6,0
1688,25.2,251.6,3,6.449999999999999,273.112,72.7,8.0,8,1,2.0,60.4,60.96,1
1689,15.0,753.0875000000001,5,5.0,59.18,21.7,31.990286109891574,5,0,1.0,93.9424223340884,57.8,0
1690,2.8,219.1,5,0.0,33.435,69.3,9.0,5,0,0.0,89.0,31.395,2
1691,2.8,202.1,4,0.7,65.646,57.0,4.0,5,3,1.0,67.3,57.525,2
1692,18.0,182.7,3,0.0,493.1949375,91.8,17.0,3,1,1.0,33.8,56.04,1
1693,3.15,488.5,4,1.4,20.304,69.2,8.0,6,3,0.0,54.0,34.190000000000005,2
1694,15.0,446.7,4,5.0,360.56,42.9,16.38310624539091,4,0,1.0,80.4220246460281,51.0,0
1695,3.85,270.4,1,0.7,14.391,15.7,10.0,6,2,0.0,31.7,61.55500000000001,2
1696,19.0,284.3,5,2.0,416.47,79.5,31.990286109891574,4,0,0.0,90.6472450696702,58.8,0
1697,12.0,443.2,5,3.0,64.23,97.1,26.75493258224568,7,4,0.0,90.17001257294676,66.2,0
1698,16.0,40.8,4,5.0,326.24,79.5,31.990286109891574,7,1,1.0,82.84960267153537,70.4,0
1699,11.0,145.5,4,4.0,94.42,71.2,31.990286109891574,7,2,0.0,86.6554538827813,69.1,0
1700,3.5,348.9,5,0.0,142.4385,89.7,11.0,7,3,0.0,8.1,57.07,2
1701,4.55,413.8,1,0.0,12.627,71.3,8.0,6,3,1.0,91.9,30.290000000000003,2
1702,16.2,400.9,5,6.449999999999999,493.1949375,96.9,7.0,10,3,0.0,26.1,38.52,1
1703,21.6,525.3,5,2.2,493.1949375,46.9,6.0,10,1,1.0,58.1,72.72,1
1704,19.0,642.7,4,3.0,154.57,73.3,31.990286109891574,7,1,2.0,81.29899709386895,96.8,0
1705,15.0,330.1,4,1.0,186.17,58.2,22.36440148970736,7,3,2.0,96.6879674094686,37.5,0
1706,8.0,678.4,4,0.0,250.5,13.7,15.518397767957216,4,2,1.0,96.6825360721065,67.3,0
1707,15.0,614.1,4,6.0,144.15,25.2,31.990286109891574,6,1,0.0,95.88380777000724,85.8,0
1708,3.15,200.6,5,0.35,42.718500000000006,37.0,12.0,6,2,0.0,12.7,38.61,2
1709,4.199999999999999,206.6,3,1.0499999999999998,24.516,24.0,9.0,6,6,1.0,18.8,53.885000000000005,2
1710,22.975708205153804,305.05,3,5.0,234.53,86.44938470788756,12.0,5,1,0.0,49.9,69.2,1
1711,23.380635937793183,96.7,4,1.0,260.99,99.8322599765946,9.0,6,3,0.0,15.9,45.3,1
1712,2.8,272.7,4,0.7,90.567,39.1,10.0,7,3,0.0,6.0,61.55500000000001,2
1713,27.0,193.9,3,6.449999999999999,493.1949375,16.0,5.0,3,4,0.0,55.0,50.04,1
1714,18.303912111544825,268.5,5,0.0,151.52,83.01553423663401,13.0,7,6,0.0,14.5,56.2,2
1715,12.6,753.0875000000001,5,6.449999999999999,269.108,48.0,12.0,5,2,1.0,42.6,108.36,1
1716,8.049999999999999,222.9,1,0.7,121.6035,84.1,3.0,6,6,2.0,7.8,36.66,2
1717,21.0,218.7,4,6.0,94.04,49.0,31.990286109891574,8,3,2.5,91.90545701725142,81.0,0
1718,25.51032205857485,213.5,1,3.0,139.33,93.1037924711072,14.0,10,0,0.0,85.5,55.4,1
1719,16.45695129588681,476.9,5,2.0,184.53,85.66713985439226,7.0,4,4,0.0,9.4,60.6,1
1720,18.0,129.4,4,4.4,493.1949375,89.4,6.0,7,0,0.0,92.0,103.08,1
1721,13.271536572185068,304.9,3,0.0,19.37,98.97902938438968,10.0,4,5,1.0,74.8,76.1,2
1722,25.297158482929497,435.6,4,4.0,228.06,79.18968676594784,7.0,2,2,2.0,85.1,88.3,1
1723,14.0,443.9,5,3.0,96.67,79.8,24.341509533555925,5,6,1.0,76.42075552191889,52.3,0
1724,29.688823107315468,276.8,3,1.0,179.55,99.80897209878982,9.0,1,1,0.0,27.0,42.4,1
1725,16.0,97.4,5,3.0,38.01,98.2,31.990286109891574,8,2,0.0,94.09638496249396,92.1,0
1726,4.9,371.6,5,0.35,35.779500000000006,68.2,7.0,4,2,0.0,81.5,25.285,2
1727,11.0,174.2,5,2.0,277.29,38.6,17.903628405750627,9,1,1.0,95.21534738710008,25.9,0
1728,28.8,432.9,4,2.2,493.1949375,13.7,8.0,9,0,1.0,71.0,75.96,1
1729,13.0,305.6,4,1.0,114.17,73.3,31.990286109891574,5,3,1.0,93.0091454695145,69.0,0
1730,12.0,358.1,4,1.0,391.35,42.7,28.97533760120119,5,5,0.0,89.91221889771587,24.6,0
1731,11.0,546.2,5,2.0,129.04,63.4,25.42526426781924,9,0,1.0,92.4123637716382,33.4,0
1732,3.85,269.1,1,0.7,72.027,11.8,10.0,11,4,0.0,97.9,14.43,2
1733,13.0,676.6,5,1.0,75.4,5.7,31.990286109891574,5,4,0.0,87.68644682083392,91.7,0
1734,43.2,300.7,5,2.2,268.604,24.0,9.0,8,0,1.0,30.8,52.2,1
1735,18.0,181.6,4,1.0,169.25,38.3,21.16769449042468,4,6,1.0,75.4037195515135,96.3,0
1736,5.25,256.5,5,0.35,12.861,22.7,10.0,5,0,0.0,14.7,61.035,2
1737,19.29282446527639,137.2,2,2.0,137.98,83.49810847160262,8.0,7,1,0.0,0.8,94.4,1
1738,11.0,203.8,4,2.0,172.27,81.6,27.74116233295313,7,1,1.0,75.4137335058863,84.6,0
1739,5.6,331.8,3,1.0499999999999998,58.392,8.4,9.0,8,1,1.0,8.8,15.340000000000002,2
1740,21.6,330.2,2,2.2,493.1949375,53.7,4.0,5,3,2.0,25.2,100.92,1
1741,13.0,235.2,5,1.0,94.65,38.8,28.215121915521365,8,3,0.0,75.43651590350052,31.5,0
1742,5.25,418.5,1,0.35,49.914,33.1,8.0,4,1,0.0,4.3,60.45,2
1743,3.85,638.8,4,0.35,44.856,49.2,9.0,7,0,0.0,85.9,34.45,2
1744,23.4,144.1,1,2.2,297.836,94.0,12.0,3,2,0.0,92.5,56.88,1
1745,16.0,516.8,4,2.0,116.53,74.6,31.33588105350152,6,2,2.0,80.32759192286916,97.7,0
1746,4.9,130.5,2,0.7,40.4865,64.3,9.0,8,0,0.0,23.8,36.27,2
1747,19.75288177590454,341.0,4,0.0,268.66,92.0728339924214,9.0,3,0,2.0,73.8,78.1,1
1748,20.145716316540057,176.8,5,4.0,320.47,91.64488610597024,9.0,5,1,1.0,11.9,27.4,1
1749,13.302398739986437,461.7,2,2.0,272.47,68.2,6.0,9,6,0.0,18.5,82.2,1
1750,12.0,305.05,4,1.0,205.69,17.5,22.81131690070907,4,0,2.0,84.80111132149733,99.7,0
1751,3.15,366.2,3,0.7,30.9105,6.3,17.0,7,3,1.0,99.1,33.085,2
1752,14.87003415803084,416.5,1,3.0,122.99,83.52590949663542,9.0,6,2,0.0,1.9,41.0,1
1753,24.708490264560865,85.2,5,6.0,493.1949375,99.86273580928004,7.0,7,3,1.0,14.1,51.1,1
1754,14.0,188.1,5,3.0,112.51,65.9,31.990286109891574,5,2,0.0,76.76356600465321,28.8,0
1755,6.65,169.3,5,0.35,75.132,37.0,15.0,2,4,2.0,15.6,42.25,2
1756,28.8,533.3,1,4.4,136.94799999999998,91.4,11.0,8,4,2.0,41.1,50.16,1
1757,21.470298646516238,226.9,5,1.0,183.82,95.53974527836934,10.0,4,2,0.0,31.4,26.9,1
1758,16.0,451.7,5,2.0,83.41,39.4,31.990286109891574,5,4,0.0,92.54880171305338,98.9,0
1759,19.711236167928003,443.4,1,1.0,108.93,95.40121880466924,11.0,8,0,1.0,91.2,48.1,1
1760,15.0,319.5,5,0.0,21.56,91.6,24.10719848307495,6,2,2.5,75.91163245037302,23.5,0
1761,5.25,76.8,3,0.35,56.2905,8.6,8.0,4,0,0.0,28.8,17.42,2
1762,22.908058615850937,139.5,2,3.0,231.99,85.0308265143413,11.0,6,1,1.0,63.6,83.3,1
1763,15.0,242.8,4,1.0,238.26,27.6,26.77265814037076,3,1,1.0,77.86862842133617,21.6,0
1764,6.3,226.1,3,1.0499999999999998,45.126000000000005,36.0,8.0,2,0,0.0,64.0,61.815,2
1765,4.55,429.9,5,1.75,96.0975,24.0,10.0,8,0,0.0,25.8,47.84,2
1766,34.2,300.9,3,4.4,493.1949375,36.7,12.0,4,5,0.0,59.6,119.28,1
1767,3.5,275.8,4,1.75,35.365500000000004,35.9,7.0,8,5,1.0,40.1,59.93000000000001,2
1768,4.199999999999999,297.0,3,1.0499999999999998,109.3905,80.3,10.0,11,3,0.0,45.5,49.53,2
1769,26.064365401480718,391.8,5,0.0,104.36,68.2,17.0,5,2,2.0,25.1,45.7,1
1770,19.13033602453916,262.9,1,1.0,54.77,85.87216780214528,6.0,7,2,0.0,91.5,57.4,1
1771,13.0,508.7,5,4.0,82.33,17.8,17.232607424922723,7,3,1.0,78.63342601451458,69.4,0
1772,14.250158062738278,252.8,5,2.0,149.36,99.46676769643582,7.0,5,0,1.0,22.1,33.6,2
1773,12.0,751.7,4,0.0,48.66,75.9,31.990286109891574,6,1,1.0,76.8341681925361,54.33,0
1774,25.4371744115449,240.6,2,4.0,33.97,79.03830005868912,6.0,3,2,1.0,18.1,72.0,1
1775,32.4,256.6,3,2.2,467.71199999999993,29.4,10.0,3,1,0.0,30.9,34.92,1
1776,28.56128475607313,175.3,5,3.0,162.72,76.19572028381603,4.0,7,1,1.0,45.4,74.9,1
1777,3.85,316.0,5,0.0,48.789,94.3,10.0,11,3,0.0,87.0,43.48500000000001,2
1778,16.300121788465674,267.6,5,2.0,137.28,91.12980736521004,13.0,2,3,0.0,93.6,52.6,0
1779,18.0,216.2,3,6.449999999999999,493.1949375,27.7,12.0,4,1,0.0,24.4,110.28,1
1780,14.0,177.5,4,1.0,42.52,33.1,31.990286109891574,7,1,1.0,89.1866945434237,95.7,0
1781,7.699999999999999,100.1,1,0.7,10.1385,68.5,7.0,8,1,1.0,21.0,56.29,2
1782,18.0,478.7,5,2.2,493.1949375,55.7,9.0,8,2,0.0,22.6,113.52,1
1783,6.3,208.1,2,1.4,74.0295,73.9,7.0,3,0,0.0,18.5,52.715,2
1784,4.9,257.2,2,0.7,81.81,61.3,7.0,5,0,0.0,68.2,64.025,2
1785,8.0,307.4,5,2.0,74.99,74.8,19.2635610393693,8,4,0.0,81.60046118607957,62.3,0
1786,6.0,132.5,5,1.0,145.86,87.2,31.990286109891574,6,0,0.0,90.9874298108433,38.3,0
1787,14.0,494.0,4,2.0,256.62,54.6,31.990286109891574,6,2,1.0,88.05857696448427,42.3,0
1788,18.665105004541623,85.9,1,3.0,147.13,92.73605099085373,8.0,7,0,0.0,26.3,23.3,1
1789,8.0,587.3,5,1.0,91.83,40.3,20.0512976586224,13,1,2.5,76.04136610363437,46.4,0
1790,25.2,489.5,5,4.4,416.136,15.8,4.0,5,1,1.0,73.0,119.4,1
1791,3.85,431.7,3,0.0,138.47850000000005,92.3,3.0,4,2,1.0,29.7,56.42,2
1792,5.6,459.0,2,0.35,64.233,43.8,7.0,4,0,1.0,8.5,25.22,2
1793,5.25,286.4,3,0.35,27.7605,83.6,10.0,6,0,1.0,19.2,18.07,2
1794,14.184715749236917,616.1,2,2.0,393.04,76.47878482988268,10.0,7,2,0.0,7.1,82.0,1
1795,24.227673966364897,550.7,4,3.0,105.5,94.60588016961856,12.0,2,1,1.0,33.4,80.2,1
1796,29.05614189345701,427.7,5,3.0,81.86,87.29445452557697,6.0,3,2,0.0,42.4,93.6,1
1797,14.0,63.7,4,5.0,85.81,78.1,31.48063730601922,5,2,1.0,79.20221539436704,73.7,0
1798,16.0,331.3,5,1.0,177.84,59.3,31.860019379742816,5,2,0.0,88.2413634136282,26.1,0
1799,14.0,481.4,5,2.0,86.61,74.6,31.990286109891574,5,1,1.0,89.65317515236812,99.1,0
1800,36.0,315.9,5,4.4,123.9,38.2,11.0,2,1,0.0,30.5,118.8,1
1801,10.0,378.9,4,1.0,172.04,0.7,21.37054210253249,5,2,1.0,88.2184787443729,39.4,0
1802,3.15,434.0,5,0.35,66.411,79.5,9.0,5,1,2.0,65.6,16.25,2
1803,28.278276982766315,143.9,3,1.0,136.74,81.27069158869517,4.0,5,3,1.0,55.5,86.2,1
1804,18.0,535.2,1,2.2,184.324,87.3,8.0,5,2,0.0,37.8,75.24,1
1805,23.4,622.3,4,6.449999999999999,275.23999999999995,76.1,6.0,9,3,0.0,48.0,41.16,1
1806,30.6,498.3,3,0.0,480.2,31.8,10.0,11,3,0.0,0.3,82.55999999999999,1
1807,27.0,466.9,5,4.4,384.524,27.6,3.0,4,3,1.0,68.3,42.12,1
1808,23.4,352.7,2,4.4,442.17599999999993,32.4,8.0,5,1,0.0,95.1,66.36,1
1809,5.6,310.5,1,0.7,156.015,62.3,10.0,5,0,0.0,97.0,62.27,2
1810,14.0,188.7,5,2.0,152.42,73.8,18.09014083597445,6,1,0.0,81.04192517303751,46.4,0
1811,26.718973628953503,753.0875000000001,3,2.0,177.34,98.54148073150088,12.0,5,2,0.0,73.1,31.4,1
1812,14.411626296602886,386.0,5,1.0,70.21,87.72619142187797,12.0,7,0,0.0,46.4,48.0,2
1813,12.6,219.9,3,4.4,171.864,58.9,12.0,4,1,0.0,45.3,111.36,1
1814,19.0,311.7,5,4.0,199.7,22.7,18.669772428775666,7,4,2.0,85.81217256304029,89.0,0
1815,21.57337162742788,461.9,5,1.0,94.67,93.16768367746832,10.0,11,0,0.0,73.1,25.5,2
1816,12.0,305.05,5,2.0,41.22,27.7,24.097553689518527,2,0,0.0,80.00270380815593,29.2,0
1817,14.008136604402612,392.4,5,2.0,176.95,91.64306150488416,14.0,10,2,0.0,61.8,26.1,2
1818,20.53426294512276,262.9,4,4.0,252.66,99.52830577131562,5.0,4,1,0.0,65.4,97.4,1
1819,10.0,461.6,4,3.0,64.78,57.2,21.16884497367124,6,2,1.0,80.07813438357911,54.0,0
1820,13.0,346.8,4,1.0,42.13,85.3,29.00624107718785,5,1,0.0,99.76802304564144,23.7,0
1821,12.999201198075738,453.9,2,3.0,327.26,88.78960223829405,4.0,3,2,0.0,97.2,58.5,1
1822,18.0,212.9,3,6.449999999999999,493.1949375,60.2,9.0,1,2,0.0,93.1,89.28,1
1823,3.15,616.4,2,0.7,112.977,12.1,11.0,3,2,0.0,36.2,15.535,2
1824,15.0,305.05,4,3.0,75.55,20.8,15.686752736638708,7,4,1.0,81.70475421183703,74.8,0
1825,7.699999999999999,377.8,3,0.7,48.168000000000006,13.1,10.0,6,1,1.0,4.2,44.07,2
1826,11.0,153.1,4,3.0,168.31,36.7,31.990286109891574,11,4,0.0,99.98076113372252,91.0,0
1827,14.0,193.5,5,2.0,231.5,25.9,30.81947131448337,8,0,1.0,94.96527160106297,72.0,0
1828,12.6,203.9,2,6.449999999999999,333.62,92.5,10.0,6,6,0.0,17.9,96.24,1
1829,27.0,384.9,2,0.0,493.1949375,97.9,9.0,8,1,2.0,35.6,71.04,1
1830,5.6,305.1,2,0.7,86.4675,27.8,11.0,8,2,1.0,62.1,19.045,2
1831,14.0,252.7,4,1.0,141.35,78.2,31.990286109891574,4,0,0.0,85.73064944732204,78.8,0
1832,5.949999999999999,223.3,5,1.75,52.9605,77.8,10.0,9,1,0.0,28.3,29.12,2
1833,17.0,740.0,5,3.0,151.15,33.4,28.64150409448087,8,1,1.0,77.11380392042513,96.3,0
1834,17.0,628.6,4,3.0,167.2,22.7,23.84555011426097,4,1,1.0,87.20893137247656,93.0,0
1835,13.0,278.4,4,3.0,62.71,68.2,25.76367700433666,4,0,0.0,76.034662597351,76.9,0
1836,24.928832354740248,330.7,4,3.0,59.66,99.50376548312906,7.0,3,1,0.0,76.5,35.9,1
1837,21.6,169.0,1,2.2,224.728,0.6,10.0,10,2,0.0,85.6,105.6,1
1838,16.0,392.2,4,0.0,105.6,33.1,20.8149875644881,5,2,0.0,93.20938901832282,34.6,0
1839,5.949999999999999,520.1,3,0.35,65.1915,67.3,7.0,4,1,2.0,49.6,31.135,2
1840,5.25,465.5,3,0.0,43.803,29.1,10.0,4,2,2.0,19.8,31.525,2
1841,18.14603922016085,118.7,5,1.0,127.94,82.79068963099243,6.0,3,1,0.0,96.6,26.9,2
1842,7.35,264.6,1,0.7,23.193,17.1,10.0,7,0,0.0,52.4,53.04,2
1843,8.0,412.6,5,4.0,285.44,23.2,20.21528883468517,8,1,1.0,90.33990932459028,29.1,0
1844,14.49914765265948,406.6,2,1.0,52.95,80.39171928877008,11.0,5,4,1.0,66.3,48.2,2
1845,23.4,100.6,2,4.4,444.416,71.4,10.0,7,1,1.0,23.0,48.84,1
1846,17.935967877975475,158.5,2,5.0,66.95,78.98451604750817,11.0,5,4,2.0,35.7,54.9,1
1847,13.0,209.9,4,3.0,168.54,48.6,31.990286109891574,2,0,0.0,98.75453955431226,34.2,0
1848,7.0,438.2,1,1.4,161.1405,48.0,9.0,4,1,0.0,24.6,50.245,2
1849,3.15,290.4,1,1.0499999999999998,99.522,47.5,13.0,4,3,0.0,82.1,46.54,2
1850,28.8,206.6,4,2.2,204.456,30.6,5.0,8,4,2.0,11.5,105.12,1
1851,15.0,469.6,4,1.0,151.38,96.3,31.990286109891574,7,2,1.0,77.9613844983518,44.4,0
1852,21.6,411.8,4,2.2,287.84,8.1,6.0,6,3,0.0,38.7,42.84,1
1853,3.15,421.7,4,0.7,24.8535,73.0,12.0,5,0,0.0,48.1,15.795000000000002,2
1854,14.0,243.8,4,6.0,247.81,47.8,31.990286109891574,2,2,0.0,98.18532624628212,95.0,0
1855,34.2,77.8,5,4.4,493.1949375,92.4,5.0,6,3,1.0,65.5,32.16,1
1856,10.0,316.3,4,3.0,301.46,4.5,31.990286109891574,7,1,1.0,83.2936352868534,85.0,0
1857,6.65,192.2,1,1.4,26.523,68.2,11.0,12,4,1.0,61.9,50.765,2
1858,13.0,560.7,4,0.0,493.1949375,43.8,25.30710930075337,7,2,0.0,84.19044792494218,28.7,0
1859,20.91575672507749,374.4,1,2.0,86.95,77.99214069859323,9.0,3,1,1.0,87.5,31.2,1
1860,34.2,162.3,3,4.4,278.73999999999995,42.3,4.0,5,2,1.0,26.9,60.6,1
1861,4.55,169.0,2,0.35,36.063,45.7,7.0,5,1,1.0,87.8,49.79,2
1862,17.0,220.8,5,2.0,144.21,73.2,31.990286109891574,3,1,0.0,78.81189198319063,46.9,0
1863,13.421065000041114,753.0875000000001,1,3.0,34.26,79.10764024950483,5.0,9,5,0.0,44.9,72.1,1
1864,12.121503957250376,447.0,1,3.0,69.03,79.68805224736744,10.0,2,2,0.0,76.6,91.6,1
1865,6.3,618.9,3,0.7,125.2125,73.9,12.0,3,0,0.0,89.5,55.77,2
1866,3.85,106.3,2,1.0499999999999998,315.432,55.6,8.0,4,3,1.0,83.4,38.415,2
1867,23.4,230.0,4,0.0,86.24,69.5,6.0,8,0,0.0,21.1,97.2,1
1868,15.0,606.4,4,4.0,258.15,53.0,31.990286109891574,9,4,0.0,92.61004285383244,25.3,0
1869,21.041311332213063,709.5,1,0.0,59.3,85.59266517320893,8.0,5,1,0.0,52.2,98.4,1
1870,4.9,475.2,2,1.4,43.3485,89.7,9.0,5,2,2.0,91.3,24.83,2
1871,28.330010932188625,563.9,1,3.0,57.12,77.07794986147151,7.0,3,2,0.0,32.0,67.5,1
1872,27.0,301.1,2,6.449999999999999,493.1949375,92.1,10.0,8,2,1.0,92.9,27.0,1
1873,5.949999999999999,199.8,5,1.75,84.91499999999999,89.9,10.0,8,2,0.0,70.7,36.92,2
1874,5.949999999999999,139.9,3,1.75,63.2835,72.2,4.0,5,2,0.0,23.4,30.485,2
1875,18.0,545.2,1,4.4,493.1949375,83.7,6.0,5,2,1.0,49.7,73.08,1
1876,14.429221281564732,348.7,5,2.0,195.29,86.59750807592822,12.0,6,2,1.0,60.9,49.8,1
1877,25.597918801880063,753.0875000000001,4,2.0,62.27,80.00880545003987,11.0,7,1,0.0,37.9,24.7,1
1878,8.0,120.1,4,4.0,161.28,38.9,16.341158115490085,7,1,0.0,78.7128518325974,81.2,0
1879,23.4,320.7,3,4.4,241.136,61.0,8.0,7,1,0.0,2.4,69.72,1
1880,3.85,309.6,3,0.0,35.730000000000004,31.5,2.0,2,2,0.0,66.9,31.200000000000003,2
1881,25.165612907297472,677.6,1,3.0,181.07,94.17122523353568,2.0,5,4,2.5,70.4,38.5,1
1882,3.5,227.7,1,0.7,139.077,52.8,7.0,5,2,1.0,99.7,38.415,2
1883,3.5,306.6,2,0.7,55.737,8.5,12.0,8,4,1.0,23.4,53.17,2
1884,10.8,494.2,1,6.449999999999999,493.1949375,74.5,10.0,7,3,0.0,11.6,69.84,1
1885,29.276949671406587,486.4,1,3.0,105.2,91.28708968293157,6.0,1,2,2.0,44.9,67.5,1
1886,3.85,93.4,2,0.35,19.494,76.0,5.0,5,3,2.0,1.3,34.515,2
1887,3.85,325.1,4,0.35,24.381,66.7,11.0,6,1,1.0,35.2,27.235,2
1888,20.87120359778024,305.05,5,2.0,46.66,80.93007351610899,12.0,6,3,0.0,34.6,31.1,2
1889,28.8,273.5,2,6.449999999999999,475.552,73.8,12.0,8,3,2.0,56.8,53.52,1
1890,4.55,73.4,4,0.0,205.1955,20.5,13.0,3,2,1.0,52.5,64.935,2
1891,5.6,499.9,1,1.0499999999999998,125.3025,26.7,11.0,7,0,2.0,87.3,64.48,2
1892,2.8,418.0,5,1.0499999999999998,106.011,90.9,8.0,5,1,2.0,69.6,44.98,2
1893,16.542257132997428,351.7,3,6.0,378.07,83.05610759373602,9.0,7,2,1.0,94.3,71.3,1
1894,23.4,312.2,3,6.449999999999999,493.1949375,55.8,12.0,5,1,2.0,42.5,71.16,1
1895,14.443678677419456,187.6,1,4.0,274.12,98.02002531354684,4.0,9,2,0.0,76.5,90.1,1
1896,17.8549579516336,529.2,3,2.0,139.5,86.51140862765952,9.0,6,3,0.0,53.5,37.8,1
1897,21.6,229.1,4,4.4,205.604,16.9,8.0,3,1,2.5,34.4,35.64,1
1898,30.6,318.7,2,6.449999999999999,162.764,61.6,7.0,8,2,1.0,45.1,68.75999999999999,1
1899,19.08872984424505,253.4,1,1.0,100.94,85.99067644215211,11.0,4,3,2.0,69.7,32.2,2
1900,14.4,186.3,3,4.4,117.768,3.0,9.0,4,1,0.0,24.7,113.16,1
1901,10.0,147.2,5,2.0,103.74,71.4,31.990286109891574,8,0,0.0,87.0038552996007,97.9,0
1902,4.9,705.1,4,0.0,47.43000000000001,68.2,6.0,5,0,0.0,90.8,44.46000000000001,2
1903,13.671856190551232,215.1,3,1.0,231.27,92.09362639821995,4.0,5,2,0.0,5.5,56.6,1
1904,13.0,77.3,5,0.0,118.12,18.5,19.566038476981163,3,3,0.0,76.80931736274871,98.5,0
1905,26.543963605405292,408.2,2,0.0,297.76,99.17187064003186,8.0,6,2,1.0,59.8,28.1,1
1906,16.2,702.2,5,4.4,271.09599999999995,63.5,9.0,10,2,0.0,95.6,56.52,0
1907,23.4,719.3,5,2.2,189.476,26.5,10.0,3,1,2.0,83.0,86.88000000000001,0
1908,16.2,284.0,4,6.449999999999999,493.1949375,37.8,10.0,7,2,0.0,91.1,74.04,1
1909,2.8,450.5,5,0.35,125.109,55.2,9.0,5,1,1.0,87.0,23.53,2
1910,12.6,229.7,2,4.4,399.784,81.3,7.0,2,1,0.0,12.7,66.72,1
1911,12.0,753.0875000000001,4,2.0,88.74,62.5,27.713143585697903,4,1,0.0,82.25826044693625,20.9,0
1912,23.47633319546461,239.8,2,1.0,493.1949375,80.2547112479289,4.0,3,2,1.0,90.4,82.6,1
1913,16.0,186.9,4,1.0,133.68,37.8,17.585590600528082,3,1,0.0,95.2364041059389,90.5,0
1914,3.5,507.4,5,0.35,104.175,59.2,14.0,8,2,0.0,73.8,61.165,2
1915,4.199999999999999,548.7,3,0.7,156.7755,52.9,7.0,5,2,2.5,48.7,49.205000000000005,2
1916,25.2,284.6,2,6.449999999999999,490.588,97.0,8.0,9,0,0.0,31.5,91.08,1
1917,27.681615406809225,453.2,3,1.0,61.74,95.4248801008318,8.0,5,3,2.5,32.0,84.0,1
1918,3.15,311.0,3,0.35,52.3665,30.1,7.0,5,0,2.0,31.9,36.595,2
1919,5.25,305.05,5,0.35,42.363,96.3,9.0,6,1,1.0,9.6,53.23500000000001,2
1920,12.350330874526389,216.4,2,4.0,128.95,90.97216241023855,9.0,7,4,0.0,68.0,56.6,1
1921,7.0,132.4,5,2.1,72.909,26.9,5.0,4,1,0.0,64.7,50.245,2
1922,19.0,338.9,4,1.0,101.57,65.5,20.68681565603096,2,3,2.0,97.09451038679671,78.1,0
1923,11.0,375.4,5,1.0,103.3,0.2,18.579335464583448,5,2,1.0,79.3226710007216,33.8,0
1924,18.0,299.3,5,6.0,144.49,95.9,31.081536723665923,10,0,2.5,75.10003995202317,50.6,0
1925,17.42896381378836,305.05,1,0.0,49.03,85.70101439235567,7.0,9,1,2.0,87.4,21.4,2
1926,24.51226493434348,271.9,3,0.0,105.24,99.2501135641166,7.0,8,3,1.0,11.8,87.1,1
1927,4.199999999999999,458.8,2,0.7,70.4925,3.2,10.0,4,3,2.0,64.2,28.21,2
1928,22.39607242372435,628.7,1,2.0,146.76,85.81765807865878,7.0,5,6,0.0,8.8,42.7,1
1929,16.0,323.3,5,2.0,79.81,89.6,31.990286109891574,8,1,0.0,79.95099794601231,75.7,0
1930,6.3,99.0,1,1.4,42.237,55.1,5.0,8,5,0.0,28.6,52.260000000000005,2
1931,11.0,245.7,5,6.449999999999999,48.89,48.2,17.24332012578212,5,1,0.0,86.88496582258497,50.1,0
1932,18.44395172051245,409.9,5,3.0,78.48,92.62660835819896,8.0,8,2,0.0,4.4,28.9,1
1933,5.949999999999999,195.7,4,1.0499999999999998,17.352,53.6,9.0,3,3,1.0,88.5,39.26,2
1934,14.504521495050165,653.2,5,3.0,111.07,93.1302413044968,12.0,6,2,0.0,1.0,69.5,1
1935,21.6,294.3,5,2.2,489.74799999999993,82.1,3.0,3,2,0.0,43.1,118.32,1
1936,23.4,613.3,5,4.4,226.128,25.8,11.0,1,1,0.0,51.2,40.440000000000005,1
1937,14.0,223.7,5,3.0,304.6268831257448,53.1,21.449709731468424,4,1,1.0,84.05254061703708,93.8,0
1938,3.5,166.4,4,2.8,102.357,46.1,3.0,3,3,0.0,75.0,38.74,2
1939,7.0,235.0,5,2.0,148.97,67.8,16.998773922409885,4,1,0.0,95.89342034743404,74.0,0
1940,5.6,442.7,2,0.35,33.138,41.1,6.0,7,0,0.0,33.5,31.785,2
1941,23.4,388.3,5,6.449999999999999,200.256,39.1,10.0,3,1,0.0,64.9,62.4,1
1942,10.0,506.6,4,4.0,232.76,89.0,26.57569306263461,5,4,1.0,98.23486244631044,76.6,0
1943,13.291058856747812,540.2,3,2.0,172.53,94.16911703647816,12.0,8,2,2.0,66.8,73.2,1
1944,18.0,274.7,5,4.4,493.1949375,96.3,5.0,3,0,0.0,52.3,49.56,1
1945,26.802016363091024,573.4,5,1.0,48.56,96.37266117362635,10.0,4,1,0.0,94.6,72.5,1
1946,11.0,120.1,5,1.0,185.06,44.2,31.990286109891574,7,3,0.0,77.8432569391726,96.8,0
1947,24.708723800754058,587.6,4,0.0,65.6,78.97278183967506,7.0,5,1,0.0,17.7,34.5,2
1948,28.8,364.6,3,2.2,144.844,75.3,11.0,6,4,1.0,24.7,71.16,1
1949,17.66776086065252,680.2,5,3.0,127.36,78.53159244420922,6.0,6,1,0.0,20.0,36.0,1
1950,21.0,314.6,5,1.0,177.87,40.8,23.301009786891807,5,0,0.0,89.14744320015453,39.5,0
1951,5.6,387.0,5,1.0499999999999998,59.791500000000006,65.3,11.0,0,3,1.0,92.0,24.31,2
1952,27.0,467.2,3,6.449999999999999,383.18,72.9,10.0,5,0,2.0,29.3,77.28,1
1953,13.547694955065277,342.8,3,3.0,60.87,92.47735390831366,9.0,7,3,1.0,7.1,37.2,2
1954,16.0,232.5,4,3.0,36.03,16.2,28.937056337236555,5,2,2.0,82.48039228885631,55.1,0
1955,24.295459572999548,588.8,4,2.0,174.04,92.7326885824951,7.0,7,1,2.5,5.5,85.9,1
1956,12.0,286.6,4,0.0,151.91,63.0,26.290418308906677,6,1,0.0,91.2243911153274,93.1,0
1957,25.53493781706974,434.6,3,2.0,94.33,75.02516625242508,4.0,8,3,0.0,9.6,54.33,1
1958,12.548093569058336,179.0,5,2.0,96.82,76.58881739211499,5.0,7,3,0.0,64.4,47.5,2
1959,3.5,329.1,1,1.0499999999999998,62.1585,65.8,8.0,6,5,0.0,81.8,35.62,2
1960,21.210555149760857,550.3,1,3.0,98.88,77.47358627427056,8.0,3,0,0.0,21.8,36.1,1
1961,21.6,456.8,4,0.0,493.1949375,38.5,12.0,3,0,0.0,45.5,42.24,1
1962,5.25,371.4,4,0.7,95.0085,22.9,10.0,3,4,2.0,33.2,17.55,2
1963,21.6,131.4,3,4.4,343.336,9.2,8.0,5,0,0.0,18.2,37.44,1
1964,22.947414196746927,400.6,1,0.0,112.07,84.90032524564175,6.0,1,3,0.0,3.3,40.3,1
1965,12.0,208.9,4,3.0,154.39,59.8,16.631829051017768,12,0,0.0,84.09906262989392,62.5,0
1966,15.233907703472688,343.8,2,2.0,19.96,78.21278342170676,3.0,2,3,0.0,24.3,42.3,2
1967,29.20586505145428,504.8,3,3.0,124.53,88.27632611637412,10.0,7,0,1.0,25.1,86.5,1
1968,23.4,127.8,2,2.2,127.84799999999998,22.9,5.0,7,3,1.0,88.4,41.88,1
1969,14.0,54.3,5,1.0,170.89,7.8,30.86470490789582,3,2,2.0,99.66334471502353,96.1,0
1970,4.55,410.1,5,0.35,105.2145,41.0,12.0,5,1,1.0,41.8,28.795,2
1971,22.95754635795424,435.7,1,0.0,24.82,94.9227752891313,8.0,4,0,0.0,75.8,74.4,1
1972,10.0,185.0,4,2.0,201.49,10.5,31.990286109891574,8,3,2.5,79.69418103040368,90.9,0
1973,36.0,337.7,4,0.0,339.836,0.9,10.0,6,4,1.0,64.8,54.33,1
1974,15.617319829431182,306.6,4,4.0,179.52,97.76858176119458,12.0,3,2,1.0,3.8,26.6,1
1975,15.202073621365894,149.6,1,3.0,248.23,93.5019244335364,6.0,9,3,0.0,14.3,57.0,1
1976,26.975350588200183,237.1,4,2.0,493.1949375,97.79748616339944,5.0,6,1,2.0,58.7,23.8,1
1977,11.0,260.7,5,2.0,142.33,34.6,29.62263466599555,8,3,0.0,85.94267720836119,56.1,0
1978,5.949999999999999,521.3,2,0.0,27.495,0.4,6.0,8,2,0.0,73.9,53.105,2
1979,17.640367008815126,440.8,4,2.0,73.73,97.2980986467972,9.0,4,5,0.0,56.8,86.7,1
1980,4.9,428.6,4,0.35,215.1135,62.2,6.0,7,0,1.0,40.6,37.7,2
1981,3.85,423.2,3,0.35,111.7035,24.6,11.0,6,2,0.0,84.4,40.17,2
1982,12.0,510.1,5,2.0,175.68,38.0,15.857156549304287,4,3,0.0,82.72656995005589,23.2,0
1983,12.0,171.5,4,3.0,69.75,66.6,21.94091967662443,5,1,1.0,92.66198147480594,50.4,0
1984,8.0,217.3,4,3.0,163.8,78.6,20.59514328146973,7,1,0.0,78.86759891873106,23.4,0
1985,24.295946231266043,524.7,1,2.0,98.02,77.87706211153298,9.0,4,3,1.0,29.6,78.0,1
1986,19.44802373436676,304.5,3,0.0,493.1949375,94.09846932374585,8.0,2,2,2.0,47.8,70.5,1
1987,8.0,330.8,4,2.0,319.81,33.9,19.51288748074941,3,1,1.0,75.01023221641367,89.6,0
1988,10.0,168.2,4,1.0,75.64,1.8,15.668786615919132,2,2,0.0,84.74041333354728,50.3,0
1989,2.45,181.3,3,0.7,36.3195,24.2,7.0,4,2,0.0,22.6,64.35000000000001,2
1990,4.199999999999999,554.4,1,0.35,50.517,52.1,8.0,13,3,1.0,88.7,48.165,2
1991,19.8,617.2,5,6.449999999999999,493.1949375,29.1,5.0,4,4,1.0,23.7,61.44,1
1992,22.182599614779853,288.1,2,1.0,265.89,79.65222827976424,7.0,5,2,1.0,32.8,71.9,1
1993,18.0,753.0875000000001,4,2.0,31.53,89.7,15.12401703010783,3,2,2.0,80.28142623903183,90.5,0
1994,15.0,303.0,4,6.0,170.83,71.1,26.364858676666397,3,1,0.0,93.28910309721516,57.6,0
1995,2.45,572.7,4,0.7,124.605,86.8,7.0,11,3,0.0,46.0,13.585,2
1996,16.2,370.1,2,2.2,316.96,38.9,9.0,5,1,0.0,28.6,31.68,1
1997,6.65,271.8,2,1.0499999999999998,83.772,72.1,7.0,10,0,1.0,79.2,53.495,2
1998,3.15,425.5,5,0.7,200.862,63.4,6.0,7,2,1.0,7.0,36.595,2
1999,12.0,164.5,4,1.0,321.91,34.7,24.811185749715754,9,2,1.0,78.50627432728143,95.2,0
2000,23.4,616.2,1,6.449999999999999,493.1949375,33.9,7.0,4,1,0.0,61.1,80.64,1
2001,27.0,253.1,3,0.0,454.048,58.6,11.0,9,4,1.0,59.6,103.56,1
2002,23.4,324.6,3,6.449999999999999,355.65599999999995,1.2,7.0,7,4,2.0,43.2,106.08,1
2003,25.550535072277547,231.1,4,0.0,187.12,92.3996164330732,6.0,6,3,0.0,36.9,56.8,1
2004,18.0,355.4,2,6.449999999999999,320.57199999999995,65.0,13.0,6,0,0.0,85.9,28.44,1
2005,21.6,263.8,5,6.449999999999999,493.1949375,77.5,9.0,6,1,0.0,52.5,33.6,1
2006,3.15,293.0,3,1.4,30.0285,6.6,5.0,3,1,2.5,66.6,41.47,2
2007,3.15,259.3,3,0.7,39.267,46.7,14.0,5,3,0.0,83.8,17.290000000000003,2
2008,22.672150446295383,100.2,4,2.0,100.21,76.27539368897752,11.0,12,2,2.0,69.8,83.6,1
2009,21.6,378.4,4,6.449999999999999,493.1949375,40.4,7.0,11,4,0.0,70.4,28.8,1
2010,14.0,225.7,4,5.0,218.9,12.3,31.990286109891574,5,2,2.0,91.35128644069977,59.3,0
2011,15.0,481.0,4,0.0,158.62,64.6,31.990286109891574,7,1,0.0,83.32070885922518,80.4,0
2012,4.55,216.0,1,0.35,73.656,93.5,13.0,4,3,1.0,4.0,61.945,2
2013,27.0,274.1,3,0.0,99.708,90.0,13.0,7,2,0.0,39.9,95.16,1
2014,5.25,408.9,1,0.7,89.46000000000001,86.9,8.0,7,3,1.0,19.9,54.015,2
2015,20.38449722836595,400.1,3,4.0,63.35,95.82600769645396,7.0,8,3,2.0,57.4,67.3,1
2016,12.0,30.4,4,5.0,83.46,80.9,27.490417450502363,6,1,2.0,84.74267048325707,65.3,0
2017,5.25,197.0,2,0.35,440.1495,26.1,10.0,4,4,0.0,2.8,56.745,2
2018,25.97265421925096,289.6,4,2.0,177.39,95.33517762717128,8.0,7,0,0.0,92.3,70.0,1
2019,4.55,104.7,4,0.7,63.324,78.4,14.0,7,4,1.0,12.5,47.515,2
2020,5.6,133.6,3,1.0499999999999998,49.855500000000006,71.7,8.0,5,3,1.0,79.9,53.105,2
2021,26.099911248938877,401.3,1,0.0,288.07,77.80748607903364,10.0,4,1,0.0,40.2,86.6,1
2022,7.35,360.8,5,1.0499999999999998,28.3635,0.7,4.0,5,5,1.0,4.0,13.325,2
2023,10.8,590.6,5,6.449999999999999,248.472,51.7,13.0,4,4,0.0,18.2,95.16,1
2024,3.15,481.3,2,0.35,121.869,78.9,9.0,2,3,2.0,37.8,19.695,2
2025,5.949999999999999,201.5,4,0.0,57.564,30.9,6.0,9,1,1.0,64.8,18.655,2
2026,21.6,559.3,5,2.2,461.86,17.8,8.0,9,3,1.0,31.5,58.8,1
2027,4.55,486.9,3,0.7,38.826,14.0,9.0,9,5,0.0,76.3,45.175,2
2028,23.4,269.4,5,0.0,493.1949375,59.3,9.0,3,2,0.0,18.2,93.84,1
2029,14.4,309.9,2,6.449999999999999,252.952,68.2,15.0,5,4,1.0,98.9,117.71999999999998,1
2030,17.691201630177762,347.9,4,3.0,44.84,87.51669578682763,16.0,9,4,2.5,71.0,81.0,0
2031,2.8,307.9,3,0.7,109.3995,90.8,11.0,8,1,0.0,65.8,29.445,2
2032,4.55,381.4,4,1.0499999999999998,31.9725,73.3,8.0,13,1,1.0,14.5,53.105,2
2033,4.9,110.8,2,2.1,25.182,53.8,8.0,10,1,1.0,44.7,48.425,2
2034,3.85,229.2,1,0.7,30.132,77.9,7.0,6,4,1.0,51.3,57.525,2
2035,18.284772140504653,140.0,1,1.0,132.29,93.9474299735956,17.0,5,2,0.0,75.7,65.5,1
2036,25.292706254083413,210.8,4,2.0,78.45,79.9896990135939,5.0,7,2,1.0,73.9,42.0,1
2037,17.842850486846757,372.0,5,2.0,425.24,79.34810096556626,5.0,8,2,0.0,89.8,21.0,1
2038,10.0,364.7,5,0.0,262.69,83.6,30.573080166229516,8,2,0.0,78.889800649765,66.9,0
2039,15.0,363.0,5,0.0,137.71,65.3,21.52793539404133,7,1,2.0,92.85262149121336,53.1,0
2040,10.0,597.7,5,1.0,69.92,43.2,18.82544320242517,6,1,2.5,94.41867172308532,72.1,0
2041,16.0,342.4,5,2.0,238.81,76.4,21.6516446285793,6,3,2.0,99.80007401177804,31.1,0
2042,5.6,283.8,2,0.0,70.6815,74.4,7.0,5,1,1.0,86.2,23.790000000000003,2
2043,13.0,311.3,4,1.0,81.36,39.0,31.990286109891574,4,1,0.0,88.85180886499528,38.6,0
2044,14.0,78.3,4,1.0,149.92,34.1,27.7784241679762,6,1,0.0,88.57431547647164,32.5,0
2045,4.55,385.4,5,0.7,66.357,82.1,6.0,9,2,1.0,4.7,52.39,2
2046,28.8,209.3,2,6.449999999999999,219.436,84.8,10.0,5,2,0.0,92.6,62.16,1
2047,19.8,515.7,5,6.449999999999999,145.18,15.1,12.0,6,2,0.0,4.4,35.16,1
2048,24.06605619329664,141.5,5,1.0,281.22,78.19711915386289,8.0,2,1,1.0,43.6,24.3,1
2049,15.676405871979249,401.9,1,4.0,205.99,78.52183938390874,14.0,7,2,1.0,53.2,74.3,1
2050,16.17848309678042,424.1,4,2.0,117.8,91.32566097308204,13.0,4,5,1.0,40.6,46.7,1
2051,11.0,703.1,5,3.0,181.45,33.3,31.990286109891574,10,2,0.0,91.46712796789592,77.2,0
2052,18.0,360.3,4,2.0,230.19,37.0,16.88986880371936,6,2,0.0,84.14940152422255,51.0,0
2053,25.65919803376021,558.0,1,4.0,98.61,82.4116165836504,12.0,11,1,2.0,42.6,64.7,1
2054,18.0,196.0,4,6.449999999999999,292.376,64.5,5.0,5,1,0.0,98.6,109.2,1
2055,12.0,395.5,4,1.0,401.72,39.1,30.44506974758399,7,2,2.0,94.55232436403308,75.1,0
2056,4.55,396.4,2,0.35,38.002500000000005,67.2,9.0,7,2,0.0,93.2,29.64,2
2057,9.0,753.0875000000001,4,3.0,438.83,47.3,29.3626760816562,3,3,1.0,97.32552574888264,87.0,0
2058,4.55,470.2,3,1.0499999999999998,493.1949375,47.6,13.0,7,1,1.0,47.5,25.675,2
2059,30.6,596.2,1,6.449999999999999,431.844,68.2,9.0,9,2,0.0,3.7,70.8,1
2060,10.0,245.1,5,2.0,42.5,51.0,27.74954910394712,2,4,2.0,92.45115568754606,81.1,0
2061,25.2,340.7,5,0.0,341.012,72.0,10.0,4,2,0.0,25.4,108.48,1
2062,4.9,291.9,3,0.35,61.443,64.3,12.0,6,2,0.0,11.4,43.16,2
2063,5.25,707.7,1,1.0499999999999998,55.431,66.1,11.0,4,3,0.0,92.9,15.145,2
2064,15.0,135.5,5,4.0,303.26,61.4,31.990286109891574,7,2,0.0,80.09371373586566,35.5,0
2065,5.25,439.2,1,0.7,42.696,29.2,9.0,7,4,0.0,73.6,39.13,2
2066,11.0,753.0875000000001,5,0.0,174.27,94.0,31.990286109891574,2,0,1.0,85.03912721079985,51.6,0
2067,12.6,207.1,1,0.0,471.604,26.1,15.0,10,0,1.0,43.7,65.88,1
2068,15.465666593946128,575.8,3,1.0,172.1,95.6184763686395,13.0,6,4,1.0,84.6,45.9,2
2069,3.85,346.3,1,0.7,31.7475,55.6,12.0,4,0,0.0,74.0,19.76,2
2070,4.9,263.1,3,0.35,107.0505,46.5,9.0,11,2,0.0,9.6,15.73,2
2071,19.8,350.2,2,0.0,189.056,22.2,8.0,11,5,0.0,66.4,61.92,2
2072,4.55,115.9,1,1.0499999999999998,75.555,71.5,12.0,6,2,0.0,80.9,20.475,2
2073,13.3463653316035,529.5,4,3.0,180.55,97.98409703701518,14.0,5,1,1.0,4.2,64.6,1
2074,23.4,563.5,1,2.2,190.148,86.2,7.0,8,0,2.0,71.7,54.24,1
2075,4.9,460.2,1,0.0,29.034,78.3,9.0,5,2,1.0,90.4,62.855,2
2076,7.35,452.3,3,0.7,46.4715,75.3,14.0,4,1,0.0,46.5,62.53,2
2077,3.85,261.8,3,0.35,120.771,3.7,11.0,9,2,0.0,74.9,27.040000000000003,2
2078,4.199999999999999,156.0,1,0.7,77.11200000000001,97.8,7.0,9,0,1.0,27.6,40.56,2
2079,4.199999999999999,385.5,3,0.35,115.4205,10.2,10.0,3,2,1.0,61.3,17.81,2
2080,10.8,179.7,3,0.0,493.1949375,35.1,8.0,7,0,0.0,73.3,48.12,1
2081,27.0,153.2,2,4.4,493.1949375,48.0,9.0,6,4,0.0,62.9,26.4,1
2082,29.327465559827797,40.3,2,0.0,127.01,93.67705381968176,8.0,4,3,0.0,14.8,30.9,1
2083,6.65,365.4,5,0.35,7.074000000000001,74.1,10.0,5,1,2.0,70.6,17.095000000000002,2
2084,13.503521241208825,426.9,1,4.0,202.79,99.288935690326,6.0,10,1,1.0,72.7,37.5,1
2085,9.0,348.1,5,2.0,493.1949375,71.3,29.242763516480075,5,3,0.0,79.99249031880119,85.8,0
2086,23.92129940000066,612.9,4,1.0,80.28,84.62256608039024,12.0,9,3,1.0,92.3,90.6,1
2087,27.0,467.1,1,2.2,355.012,49.4,5.0,6,2,1.0,11.1,104.4,1
2088,5.6,157.7,5,0.7,185.778,14.9,6.0,4,5,1.0,60.6,42.83500000000001,2
2089,3.85,91.2,2,0.7,82.602,12.7,6.0,6,2,0.0,36.7,13.65,2
2090,21.97978343464927,171.8,2,3.0,176.65,87.44304188901,9.0,8,2,1.0,45.4,23.6,1
2091,14.0,660.2,5,2.0,99.15,67.1,23.68914221820397,4,5,0.0,79.78689755672572,61.2,0
2092,9.1,374.9,2,0.35,70.3395,10.3,10.0,7,2,1.0,34.4,13.715000000000002,2
2093,3.85,361.1,3,1.4,66.591,39.2,11.0,7,1,2.0,73.6,18.46,2
2094,20.0,110.2,5,0.0,169.89,86.7,30.5305058893882,10,0,1.0,77.8122574952268,26.2,0
2095,5.949999999999999,422.0,3,0.35,27.747,25.9,9.0,6,4,0.0,66.4,38.935,2
2096,3.85,255.8,1,0.0,280.899,83.2,8.0,6,0,2.5,10.9,58.760000000000005,2
2097,6.3,221.2,5,1.4,59.1615,6.2,10.0,6,1,0.0,11.5,58.89,2
2098,32.4,194.9,3,0.0,189.672,27.3,12.0,6,6,2.0,43.2,97.2,1
2099,24.602148140116704,216.9,4,1.0,82.27,82.06015074809916,10.0,7,0,1.0,3.9,56.5,1
2100,12.0,312.5,5,1.0,63.31,41.8,17.42421338477362,9,3,0.0,93.57065424629408,62.8,0
2101,30.6,199.4,4,6.449999999999999,308.588,76.4,12.0,5,6,0.0,27.3,81.24,1
2102,2.45,370.9,4,1.0499999999999998,47.457,81.5,6.0,7,0,1.0,54.3,53.755,2
2103,4.9,190.5,5,0.0,110.925,6.5,12.0,6,2,2.0,98.9,61.75,0
2104,12.181885590518412,502.3,2,5.0,56.69,95.4576145425726,9.0,8,1,1.0,31.2,70.6,1
2105,29.05678462308929,598.7,4,3.0,52.81,99.35910219578658,8.0,5,2,1.0,73.5,36.5,1
2106,28.922485034074096,288.0,2,0.0,35.09,77.94424868284864,11.0,4,2,0.0,90.0,55.4,1
2107,20.836057108188932,410.7,1,1.0,164.54,75.5517206846381,9.0,5,0,1.0,38.4,24.4,2
2108,2.1,75.5,1,1.0499999999999998,90.9225,58.8,16.0,5,1,2.0,32.0,62.14,2
2109,4.199999999999999,168.5,4,2.1,6.381,19.6,10.0,6,1,1.0,73.7,50.505,2
2110,4.9,163.5,4,0.7,76.75200000000001,96.5,9.0,9,0,2.0,6.7,54.795,2
2111,14.4,168.1,4,4.4,228.844,79.3,10.0,6,4,1.0,1.9,107.76,1
2112,23.4,158.4,2,2.2,493.1949375,33.6,9.0,6,3,1.0,56.0,59.52,1
2113,5.25,433.1,5,0.7,203.976,39.4,6.0,6,3,1.0,1.6,35.75,2
2114,13.0,88.8,5,2.0,42.68,76.8,29.857403793817284,9,2,2.0,79.76344901207409,55.3,0
2115,5.25,753.0875000000001,1,0.7,40.1625,61.6,10.0,5,2,2.0,94.8,54.33,2
2116,18.0,376.2,4,2.2,493.1949375,54.5,9.0,9,2,0.0,12.0,114.36,1
2117,12.744487657704877,455.4,5,2.0,255.03,93.88569487912466,6.0,7,2,1.0,57.9,58.9,1
2118,26.01361305025806,177.5,2,3.0,118.0,85.21234617309494,11.0,9,3,0.0,3.7,72.1,1
2119,25.2,270.9,4,4.4,493.1949375,94.0,6.0,5,2,0.0,17.2,101.76,1
2120,2.45,469.4,2,0.7,79.5285,36.4,8.0,4,2,2.0,59.7,39.325,2
2121,12.0,510.5,5,2.0,246.26,72.3,22.32761061067528,3,2,0.0,83.17397831335737,54.0,0
2122,15.0,369.4,5,5.0,257.53,2.1,21.5540711203845,4,5,1.0,88.6177287764453,54.8,0
2123,32.4,226.7,4,4.4,335.776,78.9,8.0,5,3,0.0,28.5,32.879999999999995,1
2124,21.101528175402176,537.5,3,4.0,223.89,80.8334734160599,8.0,9,1,1.0,34.5,83.8,1
2125,23.482595069500988,199.3,5,0.0,120.89,92.74883611586152,8.0,8,4,1.0,87.3,95.5,1
2126,27.0,305.05,5,4.4,493.1949375,94.6,11.0,6,0,0.0,26.3,35.279999999999994,1
2127,27.0,154.7,4,6.449999999999999,224.644,98.7,6.0,6,1,1.0,64.6,78.84,1
2128,14.4,403.9,4,6.449999999999999,486.528,67.7,4.0,5,3,1.0,24.7,55.56,1
2129,16.0,248.0,4,3.0,171.3,70.4,20.910440618945508,4,1,1.0,95.60895768335595,87.4,0
2130,4.199999999999999,325.3,3,0.0,108.396,49.9,7.0,3,1,1.0,75.6,41.73,2
2131,30.6,200.8,4,6.449999999999999,338.46399999999994,0.8,8.0,6,0,1.0,89.8,94.32,1
2132,25.75350824150249,331.5,3,2.0,70.52,77.52649673662805,13.0,5,2,0.0,20.7,87.1,1
2133,14.0,495.5,4,2.0,123.76,89.6,31.990286109891574,4,1,0.0,91.2412189811346,50.5,0
2134,36.0,235.0,4,6.449999999999999,141.932,62.3,13.0,2,2,1.0,15.9,56.88,1
2135,4.199999999999999,376.4,3,0.35,44.514,96.4,6.0,7,3,1.0,45.5,47.645,2
2136,12.6,316.4,5,2.2,130.984,68.2,6.0,8,2,0.0,67.9,54.35999999999999,2
2137,1.75,414.4,1,0.35,61.524,27.0,11.0,2,1,1.0,19.9,47.255,2
2138,7.699999999999999,434.4,2,0.7,119.385,68.2,13.0,8,3,2.0,50.0,46.15,2
2139,18.0,141.9,5,4.0,239.98,69.7,31.990286109891574,5,4,0.0,88.23040478644005,99.8,0
2140,7.35,478.7,4,1.0499999999999998,19.4265,100.0,9.0,8,3,2.0,18.2,33.54,2
2141,11.0,313.4,5,4.0,152.98,34.3,17.18642441467597,4,3,1.0,78.09007424346376,72.5,0
2142,21.032832839312317,445.4,5,1.0,493.1949375,85.33033890702583,9.0,0,1,0.0,26.2,62.5,1
2143,27.0,70.0,4,6.449999999999999,253.204,8.5,10.0,6,0,2.0,77.8,56.28,1
2144,32.4,412.2,3,4.4,493.1949375,50.9,12.0,3,1,0.0,91.6,95.04,1
2145,25.2,215.0,1,2.2,493.1949375,80.2,8.0,4,2,0.0,79.3,90.96,1
2146,18.27196172947252,353.4,4,3.0,49.23,94.94441955706942,5.0,5,2,0.0,55.4,43.7,1
2147,9.0,393.1,4,1.0,165.32,99.1,31.990286109891574,4,1,2.0,87.07256881313495,94.4,0
2148,21.761467042666624,751.4,5,3.0,242.13,76.22104824822863,12.0,4,1,0.0,35.1,61.5,1
2149,13.0,339.7,4,5.0,104.93,96.8,15.231401474887772,4,1,1.0,80.63361127655195,59.5,0
2150,13.485317399735074,323.7,3,3.0,50.17,87.65082055299382,12.0,4,1,0.0,42.1,80.0,1
2151,5.25,171.0,5,0.0,132.9435,9.7,8.0,7,3,0.0,39.0,54.33,2
2152,8.0,293.9,5,0.0,41.08,93.4,29.44057887949498,7,4,1.0,84.22891679250193,63.5,0
2153,21.06100781124189,183.4,4,1.0,29.85,81.35574610837652,12.0,4,0,1.0,69.9,54.33,1
2154,3.5,436.6,3,0.7,23.1075,6.3,5.0,9,0,0.0,74.2,55.77,2
2155,30.6,403.5,3,6.449999999999999,277.452,28.3,7.0,3,5,1.0,97.2,45.0,1
2156,16.2,469.7,1,0.0,130.53599999999997,13.3,9.0,6,2,1.0,58.4,51.96,2
2157,8.049999999999999,262.1,3,1.0499999999999998,26.712,80.6,11.0,7,4,0.0,75.1,21.19,2
2158,20.0,135.4,5,1.0,82.07,94.4,31.95802152475673,7,2,0.0,75.35111188569998,67.7,0
2159,14.0,266.4,4,6.0,308.11,79.6,31.990286109891574,4,2,1.0,94.89499811582368,59.9,0
2160,15.19429588708071,336.1,4,1.0,175.16,81.08589746810014,9.0,2,4,0.0,23.6,36.0,2
2161,3.85,670.2,2,1.0499999999999998,67.923,73.0,11.0,2,2,1.0,66.4,32.435,2
2162,7.35,695.0,4,1.75,171.7965,1.7,5.0,14,1,0.0,34.6,46.605,2
2163,14.34450367091587,211.4,1,3.0,396.34,79.73923360114779,15.0,5,0,1.0,91.4,54.0,1
2164,20.005631790570376,308.0,3,0.0,70.11,99.44857765744166,5.0,3,2,0.0,10.6,77.5,1
2165,4.199999999999999,146.4,2,0.0,30.2895,86.7,12.0,6,1,1.0,44.5,56.94,2
2166,6.3,121.0,4,0.35,38.4075,29.9,5.0,6,0,0.0,31.4,27.82,2
2167,2.8,504.6,3,0.35,69.1605,91.3,9.0,11,1,1.0,35.1,28.275,2
2168,10.0,120.5,4,2.0,325.69,0.7,16.66203725209923,4,1,1.0,87.37364104698831,51.3,0
2169,22.123247183439798,495.6,1,0.0,64.28,95.89421715989636,9.0,10,1,0.0,52.3,79.5,1
2170,9.0,491.1,5,5.0,123.31,93.1,31.990286109891574,7,0,1.0,78.4702804258329,57.6,0
2171,27.0,207.5,5,0.0,333.368,26.0,10.0,7,1,0.0,9.0,55.08,1
2172,17.0,189.0,4,2.0,338.18,55.5,31.990286109891574,5,3,1.0,95.8473676964828,59.2,0
2173,4.9,274.0,1,1.4,105.579,27.8,5.0,6,6,2.0,36.4,24.83,2
2174,18.0,324.1,5,4.0,65.09,12.5,29.45636325743514,12,0,2.0,96.00248428409962,29.5,0
2175,21.6,323.6,2,2.2,493.1949375,86.1,10.0,3,2,1.0,36.8,55.440000000000005,1
2176,4.55,244.6,5,0.35,48.2535,16.7,12.0,6,1,0.0,29.3,18.33,2
2177,13.0,100.0,5,0.0,155.85,54.6,23.943228212725213,5,2,0.0,91.07688922376391,48.4,0
2178,4.199999999999999,344.7,4,0.35,25.2045,54.7,14.0,9,2,2.5,52.0,31.46,2
2179,9.0,557.8,4,1.0,34.13,1.4,25.34710007175667,2,1,2.0,77.53601377918025,92.5,0
2180,14.0,296.4,4,3.0,106.59,87.2,19.71038257948491,6,1,1.0,89.08293586952777,96.2,0
2181,12.0,252.0,5,1.0,67.6,8.6,16.4731383364181,5,1,1.0,93.24092823307696,34.0,0
2182,27.0,628.9,5,6.449999999999999,320.152,35.2,10.0,5,3,1.0,78.5,68.39999999999999,1
2183,28.8,203.0,1,6.449999999999999,233.66,24.2,8.0,6,4,0.0,61.6,54.96,1
2184,22.81960441510464,321.0,5,2.0,134.11,92.73446647159405,10.0,5,3,0.0,29.6,42.0,1
2185,23.4,563.6,2,4.4,428.12,46.7,9.0,9,2,0.0,72.7,51.0,1
2186,21.6,354.8,4,4.4,493.1949375,82.1,7.0,5,1,1.0,81.7,115.08,1
2187,3.15,595.0,4,0.35,94.068,68.2,17.0,8,0,0.0,78.4,46.8,2
2188,14.0,258.0,4,1.0,309.72,1.3,19.4002953049668,7,3,0.0,77.58079604875338,90.3,0
2189,4.9,557.6,2,0.35,62.44650000000001,68.2,7.0,8,4,1.0,71.8,32.89,2
2190,4.9,372.2,1,0.35,25.7625,68.2,9.0,5,3,0.0,36.6,27.885,2
2191,4.55,444.6,2,0.0,113.274,40.1,14.0,4,1,1.0,7.9,51.545,2
2192,3.85,305.05,4,0.35,70.3305,50.8,5.0,6,0,0.0,68.0,28.535,2
2193,11.0,353.4,4,1.0,218.07,43.6,31.530733447466748,8,1,0.0,77.70031930109037,48.9,0
2194,32.4,289.4,5,6.449999999999999,493.1949375,24.8,5.0,5,1,0.0,48.8,112.56,1
2195,12.6,287.9,1,6.449999999999999,304.192,91.3,12.0,4,0,2.5,31.5,106.8,1
2196,25.2,305.05,4,6.449999999999999,301.336,7.9,8.0,5,3,2.0,74.6,40.32,1
2197,23.0,280.3,4,3.0,491.88,68.2,29.446949960261044,4,4,0.0,81.61158948535082,50.9,0
2198,14.0,186.7,5,1.0,54.78,86.0,26.50238252307268,7,0,1.0,97.87307994756648,55.8,0
2199,14.0,305.05,4,4.0,95.88,40.6,31.990286109891574,7,1,0.0,88.07132935423134,71.7,0
2200,7.0,234.5,1,1.0499999999999998,103.6845,27.4,9.0,4,1,0.0,73.5,15.925,2
2201,21.6,412.6,1,4.4,320.17999999999995,40.4,11.0,8,3,2.0,35.0,60.0,1
2202,14.0,403.7,5,1.0,89.24,94.1,23.883792754150708,6,3,2.5,82.97620769163358,26.1,0
2203,10.0,475.6,4,1.0,221.6,61.5,15.168740004583368,6,1,0.0,81.62339495418593,54.33,0
2204,16.0,166.6,4,5.0,321.36,14.9,24.546826010330594,4,2,0.0,85.01563991092912,83.6,0
2205,14.59624801402667,269.9,2,2.0,146.12,90.69859164271148,9.0,6,5,0.0,44.2,66.5,1
2206,5.949999999999999,166.3,5,1.4,20.9745,1.8,10.0,5,3,0.0,59.7,38.415,2
2207,21.6,254.7,1,2.2,493.1949375,18.9,13.0,6,0,0.0,47.7,55.440000000000005,1
2208,27.0,277.3,2,2.2,478.156,61.1,17.0,5,2,0.0,56.6,78.48,1
2209,27.09638824340366,458.3,5,3.0,66.14,83.37030786857022,7.0,9,3,1.0,70.0,58.7,1
2210,30.6,399.6,5,4.4,493.1949375,3.4,8.0,3,2,0.0,88.4,86.04,1
2211,20.06834830066917,305.05,4,2.0,186.78,80.53807115264844,11.0,5,2,0.0,35.5,39.3,1
2212,21.6,125.6,1,4.4,190.848,98.7,5.0,7,0,0.0,93.0,64.55999999999999,1
2213,14.0,210.5,5,3.0,189.2,12.3,31.990286109891574,9,2,0.0,81.32341024071373,62.8,0
2214,12.670029255110029,273.2,3,1.0,186.81,99.28591957278353,4.0,4,3,2.0,94.3,83.8,1
2215,21.6,671.1,5,4.4,242.256,50.2,9.0,3,5,2.0,22.8,119.88,1
2216,5.6,48.0,1,0.35,25.3845,81.6,11.0,5,1,1.0,13.1,34.385,2
2217,10.0,378.8,4,2.0,107.61,60.9,31.990286109891574,5,4,2.0,80.54957085485349,72.5,0
2218,26.23705385130273,197.7,5,1.0,85.6,89.7171973843951,13.0,9,2,0.0,86.0,43.6,0
2219,11.0,185.3,4,2.0,154.94,12.8,20.367386083910496,6,1,1.0,93.9061808053564,72.4,0
2220,28.722479584416966,299.3,5,1.0,108.18,90.49555071182188,11.0,3,3,2.5,83.2,31.5,1
2221,28.448198371108333,227.1,4,0.0,180.75,95.21905656749333,5.0,1,0,0.0,21.0,40.3,1
2222,4.55,194.3,1,0.7,68.373,30.1,6.0,5,2,0.0,92.9,37.7,2
2223,14.0,227.2,4,1.0,215.16,44.7,31.990286109891574,8,5,1.0,77.82262112819242,44.5,0
2224,18.901306775332184,273.2,5,4.0,192.86,89.79202161096586,12.0,7,1,2.5,0.1,35.4,1
2225,12.0,524.0,5,5.0,253.61,11.1,31.990286109891574,5,2,0.0,87.61995578070699,79.2,0
2226,12.0,461.5,5,1.0,73.0,2.0,31.990286109891574,6,2,0.0,87.73342014350528,65.1,0
2227,19.8,410.5,3,6.449999999999999,493.1949375,90.7,7.0,7,2,0.0,84.8,111.71999999999998,1
2228,22.96943571641924,473.0,5,3.0,473.89,83.54713518916677,10.0,8,3,2.0,56.7,20.6,1
2229,15.0,405.0,5,3.0,293.65,98.7,19.96403302039808,5,2,0.0,91.46289285665108,35.4,0
2230,4.55,510.7,5,1.0499999999999998,21.852,91.4,8.0,7,1,1.0,26.8,41.47,2
2231,4.9,201.6,2,0.35,174.969,91.6,11.0,3,3,1.0,36.3,35.36,2
2232,11.0,156.9,5,2.0,217.36,17.2,20.08666674722182,8,6,0.0,87.63448011544935,99.7,0
2233,25.2,345.1,3,6.449999999999999,493.1949375,53.9,9.0,12,2,0.0,87.2,78.96,1
2234,22.0,445.1,4,4.0,76.31,40.0,20.14715204420288,7,4,0.0,92.66129207782684,27.3,0
2235,17.0,320.6,4,1.0,49.73,63.6,15.879775153474712,3,1,0.0,92.9921329876257,55.1,0
2236,5.25,208.2,2,0.7,155.637,81.0,8.0,3,1,1.0,35.9,22.1,2
2237,20.0,412.7,5,0.0,94.74,99.0,26.580161618972376,6,2,1.0,88.39584583292427,36.1,0
2238,17.0,305.05,5,3.0,74.83,7.6,23.30280179656993,3,3,0.0,91.55632726505245,54.33,0
2239,6.0,241.9,4,3.0,46.03,72.4,29.15809813667573,9,6,0.0,99.15675151464175,81.9,0
2240,18.0,246.2,5,2.0,41.25,77.3,29.510530808088102,4,3,0.0,99.44796944715604,65.2,0
2241,2.8,107.9,1,0.7,58.52250000000001,79.6,8.0,9,1,0.0,51.6,46.605,2
2242,17.735968931949515,154.1,3,2.0,237.45,92.10900481330565,14.0,5,2,1.0,48.7,48.9,1
2243,13.33921161107168,146.7,5,4.0,158.4,97.39094553257328,8.0,2,2,0.0,43.1,77.3,1
2244,3.5,135.1,4,1.75,53.307,37.6,10.0,5,3,0.0,60.7,53.23500000000001,2
2245,10.0,435.4,4,0.0,315.81,41.5,31.990286109891574,7,2,0.0,76.03345811503812,54.0,0
2246,24.19191422469381,88.6,1,3.0,346.01,76.70343326440285,9.0,10,2,2.0,73.0,32.2,1
2247,13.0,78.5,4,0.0,70.71,99.4,15.9911031865096,3,2,1.0,85.21502328269447,92.5,0
2248,4.9,753.0875000000001,4,1.75,66.31200000000001,86.9,11.0,2,0,0.0,13.7,40.885,2
2249,18.0,258.3,3,4.4,395.528,24.9,11.0,6,2,0.0,44.0,56.28,1
2250,25.2,165.6,1,2.2,297.024,43.2,9.0,7,3,2.0,51.9,72.12,1
2251,4.9,753.0875000000001,1,1.0499999999999998,79.2945,82.5,12.0,7,2,0.0,73.4,50.115,2
2252,26.194103613266265,197.4,2,0.0,342.63,93.8702233922385,9.0,9,1,0.0,29.3,80.8,1
2253,3.15,305.05,4,1.75,15.7365,12.0,10.0,7,4,1.0,6.6,17.875,2
2254,17.10847688009091,264.0,3,3.0,151.39,81.67958177453448,8.0,8,1,1.0,27.3,92.0,1
2255,14.0,128.7,5,2.0,143.24,73.1,28.984344331224985,2,3,1.0,90.3625874516398,84.7,0
2256,12.93057003747997,66.5,4,4.0,110.89,91.649381668765,8.0,7,3,0.0,79.6,87.6,1
2257,18.0,278.2,4,3.0,214.2,76.2,21.42813665267346,5,1,0.0,90.72995963880732,73.2,0
2258,4.9,192.3,2,1.4,49.176,21.2,15.0,6,5,2.0,6.1,43.16,2
2259,5.949999999999999,278.8,5,0.0,36.441,53.7,13.0,10,2,0.0,31.3,16.64,2
2260,4.9,454.9,2,0.0,98.1855,14.4,3.0,11,3,0.0,36.9,48.62,2
2261,5.949999999999999,358.5,5,0.0,25.6815,10.2,7.0,4,3,1.0,58.4,31.265,2
2262,12.6,550.3,4,2.2,231.0,85.2,6.0,5,2,1.0,96.2,98.4,1
2263,13.0,129.5,4,2.0,75.13,68.2,31.55871971776241,7,5,1.0,96.9118300710105,86.5,0
2264,14.0,267.0,4,4.0,391.91,71.9,31.990286109891574,8,0,0.0,84.79413245498722,71.3,0
2265,13.0,116.0,4,0.0,143.08,75.0,26.76717847424912,6,3,0.0,75.71317725747679,70.9,0
2266,3.15,685.5,2,0.35,23.8005,21.5,6.0,5,1,0.0,65.5,59.08500000000001,2
2267,13.0,116.9,5,3.0,153.31,4.2,31.354830607568857,5,2,1.0,83.34579020875753,91.1,0
2268,16.2,205.6,3,4.4,174.972,33.6,9.0,3,3,2.0,95.7,38.64,1
2269,10.0,294.3,5,1.0,156.41,50.6,31.990286109891574,8,3,1.0,88.40508197532085,39.4,0
2270,12.0,66.3,4,1.0,54.44,36.1,31.990286109891574,4,2,0.0,87.42007143582042,51.6,0
2271,4.55,497.4,2,0.35,21.6135,30.6,11.0,8,2,1.0,37.3,60.71000000000001,2
2272,26.99993552744237,731.9,3,2.0,206.71,84.43646563616275,4.0,3,2,1.0,92.6,87.2,1
2273,5.25,261.4,3,0.7,386.8789585441546,57.4,9.0,6,4,1.0,11.3,23.01,2
2274,24.53393350779527,338.1,4,2.0,294.52,78.56209991875049,8.0,3,1,0.0,59.4,37.8,1
2275,11.0,265.4,5,3.0,30.97,89.9,23.271789683988796,4,0,2.0,75.05260229951936,35.7,0
2276,13.0,425.5,5,1.0,189.27,13.4,15.829903446746702,10,1,0.0,93.0172103618954,85.3,0
2277,23.4,329.1,2,2.2,264.376,50.2,5.0,2,2,0.0,92.5,55.08,1
2278,18.0,688.3,1,6.449999999999999,493.1949375,52.7,10.0,4,4,0.0,12.6,98.88,1
2279,6.0,301.7,5,1.0,98.86,50.7,20.10439817835858,5,1,0.0,87.15403955072522,25.5,0
2280,18.129932708952808,467.8,4,3.0,193.4,89.93620897101925,9.0,3,2,0.0,91.6,94.0,1
2281,18.0,312.5,4,6.449999999999999,303.94,17.1,11.0,11,0,0.0,31.6,42.0,1
2282,24.270148410022188,154.9,1,4.0,138.51,95.0027650661597,4.0,6,0,0.0,51.7,33.7,1
2283,21.6,486.1,4,2.2,493.1949375,20.9,8.0,5,0,2.0,38.9,67.8,1
2284,20.783859447979943,136.9,4,1.0,134.97,87.1421015735439,10.0,5,1,0.0,32.9,88.3,1
2285,9.0,406.6,4,1.0,86.55,75.6,19.510502121869145,11,2,2.0,88.65427768729458,64.7,0
2286,23.4,293.2,5,2.2,195.608,35.1,11.0,8,0,0.0,96.6,64.55999999999999,0
2287,21.941648063266957,289.2,4,1.0,178.57,81.08407067992223,8.0,10,3,1.0,18.0,53.4,1
2288,13.0,470.0,5,2.0,269.8,45.1,18.343472183072063,1,2,1.0,77.70766861541081,45.9,0
2289,11.0,528.8,4,1.0,200.79,60.1,24.251565386932185,7,6,1.0,83.86307919375423,46.7,0
2290,14.0,407.7,4,1.0,403.51,67.1,31.185609219013152,3,2,0.0,96.772318413134,73.1,0
2291,29.891651162394577,586.8,3,0.0,157.49,93.74405902271286,4.0,4,2,1.0,88.5,60.1,1
2292,10.0,256.4,5,2.0,90.25,24.3,31.990286109891574,9,2,1.0,78.2896734335909,94.2,0
2293,13.0,263.2,5,1.0,315.56,68.2,16.604653797075375,7,0,0.0,94.91166979454204,50.8,0
2294,24.22906673118014,117.6,2,3.0,54.17,78.56057332017313,12.0,6,0,0.0,3.4,27.6,1
2295,19.8,263.8,2,2.2,215.572,27.9,7.0,8,0,1.0,17.7,57.24,1
2296,4.55,234.3,2,0.35,61.542,5.4,10.0,4,1,0.0,81.4,32.565000000000005,2
2297,11.0,300.7,4,5.0,66.82,83.9,30.964161733153578,6,2,2.0,95.80266270517076,54.6,0
2298,4.199999999999999,327.3,3,0.35,83.10600000000001,89.6,6.0,3,2,1.0,60.3,52.715,2
2299,12.0,319.3,4,3.0,98.18,70.4,31.990286109891574,7,6,1.0,98.81891321576072,52.4,0
2300,28.8,229.1,1,4.4,493.1949375,78.6,13.0,6,2,1.0,25.2,59.64,1
2301,19.8,316.2,1,4.4,493.1949375,99.9,4.0,4,1,0.0,42.3,79.44,1
2302,29.51082052266661,322.5,4,5.0,445.43,86.69442135390435,8.0,3,0,0.0,78.8,81.9,1
2303,4.199999999999999,305.05,4,0.0,18.576,20.0,10.0,7,3,1.0,38.6,52.195,2
2304,22.50479612140657,142.3,4,3.0,176.72,81.3705347596376,14.0,3,3,2.0,24.0,77.6,1
2305,3.15,305.05,2,1.0499999999999998,63.75149999999999,98.8,9.0,5,0,1.0,20.7,56.68000000000001,2
2306,11.0,197.4,4,4.0,140.73,57.7,23.825051805910853,2,1,1.0,76.76797504230122,36.3,0
2307,16.2,499.4,1,6.449999999999999,277.564,93.8,10.0,9,1,1.0,22.3,41.16,1
2308,12.508308694050529,105.8,4,2.0,160.75,84.16598106433138,9.0,5,3,2.0,6.2,47.2,2
2309,23.074115729296917,520.7,5,2.0,36.1,91.81421372941143,5.0,2,2,0.0,68.6,91.4,1
2310,11.0,172.4,4,5.0,35.33,56.4,26.7562452466446,9,0,0.0,77.82273243346039,27.6,0
2311,15.0,533.0,5,0.0,75.72,70.6,19.67903310268953,2,2,0.0,76.34442993915025,28.0,0
2312,6.3,202.0,3,0.7,15.822,67.3,10.0,7,3,0.0,55.8,46.67,2
2313,19.8,404.1,2,4.4,466.956,49.3,11.0,3,1,0.0,34.3,89.04,1
2314,8.0,194.0,4,3.0,67.8,14.2,31.990286109891574,4,1,0.0,86.77291500574316,69.9,0
2315,18.0,349.4,4,6.0,123.38,6.4,18.946460905384704,5,1,0.0,94.72171554415544,43.7,0
2316,4.9,339.3,2,0.7,70.1145,1.3,13.0,8,2,0.0,26.8,49.79,2
2317,20.16548820614549,213.5,2,3.0,116.0,84.95476473853105,8.0,11,2,0.0,28.2,89.5,1
2318,3.15,293.9,1,1.4,88.85249999999999,39.2,9.0,3,3,1.0,99.9,42.315,2
2319,14.978132153496755,233.3,4,5.0,94.25,97.69889691270892,5.0,3,2,1.0,5.9,28.9,1
2320,17.727615241395952,186.7,2,0.0,122.83,93.28196028782412,10.0,7,3,0.0,79.2,77.4,1
2321,13.0,753.0875000000001,4,2.0,91.85,62.3,30.275731949547648,4,2,0.0,78.23176202339675,73.2,0
2322,21.6,65.6,3,2.2,493.1949375,46.2,11.0,5,1,0.0,87.7,53.64,1
2323,23.73796068070607,362.5,3,3.0,53.58,89.6231589363793,6.0,7,1,0.0,64.3,46.8,1
2324,4.9,247.9,2,0.35,73.37700000000001,41.8,8.0,5,0,0.0,32.7,64.41499999999999,2
2325,4.55,243.6,5,1.0499999999999998,156.015,50.6,8.0,9,2,0.0,8.7,33.735,2
2326,13.590461785320407,254.1,5,1.0,173.83,98.7850239237629,9.0,6,2,2.0,27.9,28.7,2
2327,4.55,331.3,1,1.75,38.961,92.2,5.0,8,5,0.0,19.4,27.430000000000003,2
2328,9.0,724.4,4,2.0,158.81,58.3,24.700789903803503,7,4,0.0,84.20294787473657,53.4,0
2329,16.0,359.2,4,0.0,83.43,51.4,18.304978060036877,7,1,0.0,93.01012871989796,62.7,0
2330,15.0,228.8,5,2.0,259.13,17.4,19.91096150226942,3,0,1.0,86.24170029019923,56.3,0
2331,20.0,233.9,4,4.0,171.77,2.4,31.990286109891574,8,1,0.0,99.38532479620643,82.9,0
2332,4.55,122.5,4,1.4,63.9765,83.6,5.0,3,0,1.0,11.2,57.2,2
2333,23.251616212803565,204.3,5,2.0,319.55,77.94108152324839,9.0,9,1,1.0,19.3,78.3,1
2334,11.0,361.3,5,3.0,133.8,90.7,27.88619139519105,4,3,1.0,94.9267911845524,50.5,0
2335,8.0,405.1,5,3.0,49.44,51.0,20.772157626157764,3,1,1.0,88.98294814609571,42.5,0
2336,5.25,753.0875000000001,3,1.0499999999999998,59.8095,26.9,11.0,9,1,1.0,51.7,59.73500000000001,2
2337,7.2,378.8,3,6.449999999999999,298.34,8.5,8.0,7,3,1.0,98.8,73.92,1
2338,13.0,245.9,5,1.0,125.4,45.6,16.663803999854906,5,0,0.0,79.54158095461331,38.8,0
2339,10.0,310.9,5,1.0,176.31,98.6,16.00249618166907,11,3,0.0,84.34240441178015,26.1,0
2340,13.51108379730623,507.5,5,0.0,201.05,76.27292118617326,11.0,8,2,1.0,0.5,40.4,2
2341,28.8,443.4,2,4.4,176.596,48.6,8.0,1,2,0.0,41.2,111.84,1
2342,36.0,249.4,3,2.2,361.844,68.2,12.0,7,1,0.0,49.6,110.4,1
2343,11.0,249.1,5,2.0,112.25,47.6,25.815930763628657,5,4,0.0,94.42662477068976,82.6,0
2344,9.0,542.5,4,3.0,146.57,17.3,18.74140516278242,4,2,0.0,81.30098164297712,70.4,0
2345,12.0,267.3,4,3.0,167.45,49.0,27.835275057173945,5,1,1.0,77.15365721430018,57.6,0
2346,12.0,200.4,5,2.0,122.13,16.4,27.11735438015677,4,2,0.0,87.88334837686992,96.5,0
2347,32.4,411.5,4,0.0,161.896,3.1,4.0,6,3,0.0,60.4,69.36,1
2348,19.90845157041333,491.8,2,2.0,120.21,91.30284658029528,7.0,7,0,1.0,60.8,85.7,1
2349,23.4,211.5,3,2.2,493.1949375,73.2,10.0,4,3,0.0,41.4,65.88,1
2350,13.0,513.4,4,4.0,61.89,90.0,29.30866495615473,4,0,1.0,85.45054350367722,95.8,0
2351,5.25,651.3,3,0.0,139.203,25.5,9.0,8,3,0.0,66.8,54.33,2
2352,8.0,434.9,4,2.0,42.57,52.1,31.990286109891574,7,5,2.0,89.42366848917925,21.7,0
2353,19.78652143459662,108.3,2,3.0,493.1949375,84.77107051814467,8.0,2,3,1.0,85.3,53.8,1
2354,16.2,296.6,4,2.2,239.4,29.9,7.0,2,2,0.0,62.8,94.56,1
2355,13.692788146849448,581.0,3,4.0,125.75,96.3625685106837,9.0,5,6,0.0,2.0,51.4,1
2356,10.0,498.2,5,4.0,204.61,97.9,29.82980396769205,9,3,0.0,98.28964148753352,62.6,0
2357,11.0,50.2,5,2.0,234.36,38.3,16.302369245519785,6,2,2.0,92.26196487767736,38.3,0
2358,27.32436974185722,71.5,5,0.0,292.68,89.351044068054,8.0,3,3,1.0,40.8,36.0,1
2359,18.0,353.4,4,6.0,46.47,3.4,24.88118918907813,4,2,2.0,88.89329067933515,82.1,0
2360,14.106801376327166,372.0,3,2.0,71.84,82.93283556822824,16.0,4,1,1.0,93.0,85.6,0
2361,32.4,497.5,3,6.449999999999999,245.224,50.0,16.0,9,4,1.0,10.5,41.04,1
2362,3.15,190.0,4,0.7,35.037,61.1,8.0,6,5,2.5,55.5,44.330000000000005,2
2363,10.0,415.7,5,3.0,167.44,82.2,15.896945609642122,8,1,0.0,95.63379298228456,57.5,0
2364,4.55,460.9,2,1.75,95.805,33.4,6.0,10,1,1.0,41.7,14.82,2
2365,25.2,280.7,3,4.4,106.288,66.1,6.0,6,2,0.0,67.9,36.72,1
2366,25.2,273.6,3,2.2,174.69199999999998,0.5,6.0,7,6,0.0,78.4,54.72,1
2367,13.0,560.5,5,5.0,113.78,4.8,31.990286109891574,2,0,0.0,83.84364312769326,67.2,0
2368,25.2,276.5,3,6.449999999999999,352.828,82.9,7.0,5,3,0.0,30.2,92.52,1
2369,15.472247643320006,227.7,2,1.0,354.08,81.92314350478878,8.0,9,2,0.0,38.5,58.3,1
2370,8.0,144.6,5,2.0,56.84,74.2,19.307709999854296,6,0,1.0,77.47441585307628,21.9,0
2371,12.0,346.5,5,2.0,88.81,81.8,17.654047462403174,6,1,1.0,98.79720574140548,73.5,0
2372,12.0,257.3,5,4.0,295.21,97.1,15.014607766742705,4,3,2.5,95.69370526080056,96.1,0
2373,22.24027454253973,260.5,5,2.0,90.43,85.19746886034622,8.0,5,2,1.0,85.8,59.1,1
2374,15.0,325.7,5,3.0,202.54,83.2,25.94669450732396,10,1,0.0,92.4973356535564,75.1,0
2375,5.949999999999999,525.9,1,0.0,41.841,23.5,6.0,2,3,2.0,71.6,30.225,2
2376,3.15,486.9,3,0.0,47.8125,18.5,3.0,3,0,0.0,12.9,44.72,2
2377,17.0,447.3,4,4.0,182.44,62.2,17.13906306876682,4,2,0.0,86.02426499511239,82.8,0
2378,16.2,234.6,5,6.449999999999999,295.232,14.7,9.0,7,1,1.0,99.9,65.16,0
2379,27.55084389437525,400.4,2,1.0,77.7,79.6833746575288,4.0,6,0,1.0,45.1,77.5,1
2380,25.2,127.5,4,6.449999999999999,493.1949375,78.3,7.0,4,2,0.0,64.1,91.08,1
2381,16.914556945508586,356.8,2,3.0,70.02,90.44820860494384,10.0,7,2,0.0,68.8,57.0,1
2382,26.979475553464408,218.7,5,0.0,205.54,85.06791005681629,11.0,7,2,0.0,0.5,91.9,1
2383,18.0,340.8,4,2.2,280.308,10.7,9.0,7,3,0.0,98.0,24.36,0
2384,4.55,256.1,3,0.7,31.239,55.7,11.0,3,2,0.0,10.8,54.665,2
2385,16.0,307.8,5,0.0,217.76,66.9,18.127084643156014,5,0,2.0,81.84625582208609,79.4,0
2386,26.012977412678005,91.7,1,0.0,94.44,92.7372288912942,11.0,5,5,2.0,68.0,31.2,1
2387,14.0,753.0875000000001,4,1.0,110.7,13.5,30.25163062371177,6,5,1.0,86.16672301200778,46.7,0
2388,14.4,343.6,2,6.449999999999999,97.104,69.6,8.0,9,5,0.0,99.5,54.24,1
2389,9.0,520.6,4,0.0,58.67,56.0,27.772886206176253,6,2,1.0,80.85979983734144,95.2,0
2390,28.8,378.9,3,6.449999999999999,493.1949375,24.1,4.0,7,2,2.0,67.5,81.0,1
2391,22.255757878627648,91.0,1,5.0,142.24,92.94386846747742,11.0,4,0,2.0,3.1,23.3,1
2392,6.3,351.4,2,0.35,119.385,97.3,10.0,4,1,1.0,39.2,56.875,2
2393,11.0,109.1,5,2.0,118.25,78.7,19.914808969151327,7,1,0.0,84.93228491325219,71.3,0
2394,15.618883251315149,231.6,3,3.0,132.37,87.25467448552509,17.0,8,0,0.0,84.6,25.0,0
2395,17.0,310.8,5,3.0,371.53,13.5,16.639207396022044,5,0,1.0,92.54080175989624,73.6,0
2396,12.0,267.4,4,3.0,166.2,75.5,18.23340885975228,3,0,1.0,88.52472135804429,41.5,0
2397,12.207003037614127,146.3,2,1.0,367.38,93.7798035929141,2.0,7,4,0.0,11.1,71.1,1
2398,26.601256170760976,146.3,1,4.0,93.75,99.62169938214114,5.0,6,1,0.0,3.9,79.0,1
2399,21.48913414777201,478.5,4,1.0,107.28,81.44449763676404,8.0,2,3,0.0,32.4,75.6,1
2400,18.873192302075488,526.9,2,1.0,76.57,92.850826497979,5.0,7,1,1.0,29.7,98.7,1
2401,11.0,415.0,5,1.0,180.87,20.8,22.02222425002646,7,1,1.0,79.46454607406847,71.8,0
2402,3.15,546.9,5,1.0499999999999998,31.6575,91.8,8.0,8,1,2.0,0.8,15.535,2
2403,26.829108632175554,753.0875000000001,2,0.0,378.72,68.2,11.0,6,5,1.0,52.6,37.9,1
2404,10.0,360.5,5,1.0,43.86,21.4,29.507785062435108,7,0,1.0,76.33044789424326,27.4,0
2405,25.2,485.8,5,2.2,353.388,99.4,14.0,6,0,0.0,40.5,98.28,1
2406,4.199999999999999,290.5,2,0.7,39.0285,34.2,8.0,7,2,1.0,6.6,47.19,2
2407,4.55,188.7,1,1.75,67.428,25.4,10.0,7,2,1.0,5.7,32.5,2
2408,29.35997926571861,115.1,2,3.0,77.33,87.12948536527817,8.0,6,2,1.0,93.6,23.6,1
2409,12.78583652015447,647.8,1,2.0,146.41,85.82101184150356,6.0,6,2,1.0,71.3,59.7,1
2410,4.9,196.3,3,0.35,74.22749999999999,59.7,6.0,6,1,0.0,60.3,59.15,2
2411,4.199999999999999,48.6,5,0.35,81.549,44.3,11.0,4,2,1.0,50.9,36.4,2
2412,13.515425294860608,229.2,5,3.0,399.73,83.5642756072622,10.0,9,1,0.0,99.5,92.2,1
2413,12.0,302.6,4,1.0,122.91,52.8,25.782171817771868,4,2,1.0,88.38032203891778,90.2,0
2414,3.5,753.0875000000001,5,1.4,47.691,8.1,9.0,8,1,0.0,42.0,61.55500000000001,2
2415,5.25,355.6,3,1.4,50.5485,46.7,8.0,4,1,1.0,21.2,27.040000000000003,2
2416,4.199999999999999,254.1,2,1.0499999999999998,22.266,68.2,7.0,6,2,2.0,73.1,28.99,2
2417,18.0,494.5,5,5.0,237.58,83.6,17.036187839457334,12,1,0.0,95.46045449367756,72.6,0
2418,28.8,311.6,5,2.2,188.748,64.9,7.0,5,0,1.0,13.1,81.71999999999998,1
2419,5.6,286.5,5,1.4,113.8905,92.4,13.0,8,0,0.0,2.4,48.425,2
2420,15.0,413.6,4,3.0,71.8,97.6,24.914282639813624,0,3,1.0,89.50855390436035,75.9,0
2421,32.4,264.9,4,2.2,120.876,71.0,11.0,6,1,0.0,63.0,68.04,1
2422,4.199999999999999,673.5,4,0.7,11.988,11.3,8.0,5,2,0.0,50.5,42.965,2
2423,2.45,652.9,5,1.0499999999999998,101.637,5.1,9.0,8,2,1.0,96.0,32.695,2
2424,5.949999999999999,512.4,5,0.7,132.60150000000002,79.1,8.0,3,2,2.0,93.6,37.57,2
2425,4.9,206.3,3,0.0,73.32300000000001,57.8,9.0,4,2,0.0,41.1,23.53,2
2426,5.949999999999999,279.4,2,0.0,29.403,58.1,11.0,7,4,0.0,7.2,22.49,2
2427,22.690379854994504,460.0,5,6.449999999999999,59.48,94.54565650423254,9.0,7,1,1.0,32.2,42.0,1
2428,26.703084731216283,276.2,4,3.0,94.82,85.01582105062248,6.0,6,2,0.0,74.5,56.1,1
2429,21.0,261.3,5,1.0,231.01,8.6,31.990286109891574,5,0,0.0,78.93039586470654,37.7,0
2430,3.85,368.3,5,1.75,48.0465,22.7,11.0,8,1,1.0,2.2,32.435,2
2431,14.4,198.3,3,6.449999999999999,137.256,61.0,12.0,6,2,1.0,19.8,43.56,1
2432,5.25,305.05,4,0.0,32.2335,55.8,7.0,8,3,1.0,71.2,26.65,2
2433,15.071809146218232,237.5,3,4.0,145.08,84.9116679932824,5.0,0,3,0.0,68.9,67.9,1
2434,19.0,163.3,4,3.0,280.54,39.6,31.918024000107188,7,2,2.0,86.83681871947762,37.7,0
2435,13.101531751845627,393.6,3,3.0,193.18,96.88258278953523,11.0,12,1,0.0,43.3,48.1,1
2436,14.154851389630805,176.7,1,1.0,73.75,94.96038498458933,7.0,6,2,0.0,29.0,98.5,1
2437,28.8,139.0,3,4.4,351.54,49.3,9.0,3,3,0.0,38.3,81.71999999999998,1
2438,3.85,119.4,2,0.35,111.5325,45.1,7.0,4,3,0.0,36.9,46.67,2
2439,27.832061041327428,402.6,1,3.0,123.94,92.66100420963886,9.0,6,2,0.0,14.8,83.4,1
2440,3.15,171.8,2,0.35,20.2545,8.3,4.0,4,0,0.0,37.7,50.115,2
2441,25.206771715311632,197.4,5,2.0,82.08,80.56120549400931,11.0,3,0,2.0,31.1,24.6,1
2442,30.6,500.8,1,2.2,43.708,49.9,6.0,9,1,0.0,66.4,34.8,1
2443,13.0,108.5,5,1.0,156.51,74.7,17.348824483423538,1,3,0.0,80.53214056363231,54.2,0
2444,34.2,259.6,1,6.449999999999999,493.1949375,87.8,6.0,3,4,0.0,49.8,32.76,1
2445,21.78571283654093,753.0875000000001,3,1.0,335.56,77.00623079271759,10.0,7,2,0.0,78.1,31.5,1
2446,19.8,207.0,5,0.0,345.044,92.0,10.0,8,3,0.0,7.4,108.6,1
2447,5.949999999999999,474.6,2,0.7,32.517,59.3,9.0,11,2,2.5,25.1,64.155,2
2448,19.668688910142112,247.9,1,1.0,111.72,92.85592026352502,7.0,8,0,1.0,73.6,80.2,1
2449,20.0,199.6,4,1.0,141.43,36.1,29.342595850033813,12,0,0.0,95.01818326960624,25.3,0
2450,17.0,273.1,5,1.0,288.72,30.3,31.990286109891574,6,2,2.5,89.73948214668637,28.5,0
2451,11.0,316.8,5,1.0,163.22,75.2,16.891368074797768,8,1,2.5,91.25553047428578,80.0,0
2452,23.4,122.9,5,2.2,121.184,54.6,14.0,6,2,1.0,47.1,111.12,1
2453,27.0,203.3,1,6.449999999999999,493.1949375,56.1,5.0,4,2,0.0,39.4,95.28,1
2454,25.2,478.1,3,4.4,104.188,78.3,8.0,5,0,0.0,61.1,84.24,1
2455,13.621291151123351,255.9,2,5.0,146.08,97.91414760660508,3.0,7,0,0.0,35.7,32.7,1
2456,32.4,523.4,2,6.449999999999999,493.1949375,23.6,13.0,6,4,1.0,10.2,87.36,1
2457,3.85,640.1,2,0.35,20.146500000000003,13.6,5.0,7,2,0.0,4.0,61.035,2
2458,21.6,529.3,4,2.2,333.536,1.5,8.0,3,1,1.0,73.9,51.0,1
2459,13.0,553.9,5,1.0,123.59,72.8,24.225925740911386,4,1,2.0,82.73131396320102,79.4,0
2460,24.2941239633006,314.8,5,3.0,129.41,99.56350048578368,12.0,9,2,0.0,80.9,25.4,1
2461,13.145584036228634,174.1,4,2.0,220.3,79.31354550787653,9.0,5,2,0.0,28.6,67.5,1
2462,19.0,497.6,4,1.0,83.17,11.8,31.990286109891574,5,5,0.0,97.9133714886716,84.3,0
2463,17.80174666886066,581.1,3,0.0,200.22,84.57252792455289,11.0,5,2,1.0,36.5,36.9,2
2464,21.702039558824843,381.0,2,2.0,108.56,85.5770664353692,12.0,6,3,1.0,50.2,90.0,1
2465,23.4,233.7,2,0.0,393.17599999999993,15.1,5.0,7,2,0.0,21.5,53.88,1
2466,3.15,234.1,4,0.35,23.391,54.8,4.0,7,3,0.0,62.1,21.255000000000003,2
2467,4.199999999999999,565.8,3,3.15,116.856,43.3,16.0,6,1,0.0,79.1,21.125,2
2468,18.0,154.5,1,6.449999999999999,402.472,68.2,11.0,6,0,1.0,30.8,57.48,1
2469,15.082843830318904,90.7,2,2.0,190.17,78.45530488203615,4.0,7,2,0.0,94.0,75.5,1
2470,25.2,396.8,2,0.0,493.1949375,90.9,6.0,3,3,0.0,7.1,36.72,1
2471,23.4,299.5,2,0.0,301.784,94.7,7.0,1,2,0.0,15.3,48.96,1
2472,5.25,484.7,1,0.35,49.5945,46.1,9.0,7,3,2.0,38.6,62.66,2
2473,25.2,329.6,4,0.0,113.764,70.0,12.0,8,2,1.0,32.2,52.8,1
2474,12.62960829672128,401.2,5,1.0,145.41,77.85786769551238,9.0,2,2,0.0,76.3,84.2,0
2475,10.0,490.1,5,0.0,316.21,52.1,22.67774314286239,6,1,0.0,82.23857953351742,39.3,0
2476,16.0,459.4,4,3.0,125.15,58.7,31.990286109891574,3,2,1.0,86.2912791741845,40.1,0
2477,2.8,345.4,3,0.0,34.056000000000004,76.6,12.0,8,3,2.5,24.3,61.49,2
2478,26.99610824204356,673.5,4,4.0,231.02,86.88884340856909,12.0,3,4,0.0,50.1,48.1,1
2479,16.2,592.7,1,6.449999999999999,143.02399999999997,22.7,9.0,6,2,1.0,36.2,74.88,1
2480,16.2,538.5,3,2.2,244.636,8.0,5.0,5,0,1.0,52.9,72.96,1
2481,22.34928997826497,289.0,2,1.0,83.94,91.00678770259616,12.0,7,2,2.0,16.0,86.1,1
2482,4.9,270.6,5,1.0499999999999998,104.229,79.6,8.0,8,3,1.0,64.3,57.525,2
2483,4.9,153.4,4,1.75,67.824,56.3,15.0,7,2,1.0,76.4,54.33,2
2484,23.4,214.0,1,6.449999999999999,248.108,64.4,13.0,5,4,0.0,33.3,50.16,1
2485,23.66343698050094,407.7,2,2.0,93.2,99.96808988744206,8.0,5,2,0.0,75.1,54.9,1
2486,14.0,303.5,4,4.0,145.26,20.4,18.918595922155816,7,2,0.0,79.74620170023351,20.7,0
2487,19.8,683.4,1,6.449999999999999,414.652,68.2,10.0,3,0,2.0,74.1,114.96,1
2488,13.787114805378796,627.2,5,2.0,143.21,88.08216608217829,10.0,5,1,1.0,60.8,35.8,2
2489,21.6,179.2,5,4.4,235.676,55.3,13.0,9,5,1.0,48.7,37.68,1
2490,19.05351169480148,122.1,3,1.0,261.64,97.10030061643796,12.0,9,2,2.0,20.1,82.5,1
2491,3.5,204.1,2,0.7,165.14100000000002,24.3,9.0,7,6,1.0,32.9,59.73500000000001,2
2492,3.5,709.1,5,0.35,146.817,59.7,9.0,5,3,0.0,4.9,30.03,2
2493,25.2,753.0875000000001,1,2.2,493.1949375,95.1,7.0,4,3,0.0,58.9,104.28,1
2494,16.0,458.4,4,2.0,493.1949375,38.1,16.36284539396434,9,3,1.0,77.58362267377976,95.3,1
2495,18.783068544832616,478.6,4,1.0,82.55,87.73841583013918,8.0,10,5,0.0,17.9,43.7,2
2496,3.85,151.7,3,1.4,38.691,85.0,17.0,5,6,1.0,13.4,34.580000000000005,2
2497,2.45,329.0,1,0.7,23.6925,29.7,7.0,5,1,1.0,83.6,34.645,2
2498,14.860219904467154,705.9,5,3.0,111.5,93.14993703758796,6.0,6,2,0.0,92.5,94.4,1
2499,7.0,214.6,4,1.0,58.13,68.5,31.990286109891574,10,2,2.5,85.20632305392225,48.7,0
2500,8.75,435.2,3,0.35,138.37050000000002,22.6,10.0,9,4,1.0,45.0,13.91,2
2501,15.216668204717706,478.5,2,2.0,150.33,85.88943686227368,9.0,4,4,1.0,98.1,31.9,2
2502,19.8,206.4,2,2.2,294.588,80.4,10.0,7,3,0.0,33.9,39.84,1
2503,22.73195327353344,412.9,5,6.0,64.21,76.2678220177732,8.0,7,1,1.0,96.6,62.1,1
2504,12.0,110.9,4,0.0,56.77,70.5,29.542543044590296,5,2,1.0,80.91466277432775,54.33,0
2505,28.8,255.9,2,2.2,259.98,26.5,6.0,7,4,2.0,13.0,25.44,1
2506,10.0,30.0,4,3.0,374.14,25.2,31.990286109891574,5,2,0.0,94.72099791310082,84.9,0
2507,5.6,274.9,5,0.7,123.588,79.1,11.0,4,2,0.0,95.0,32.955000000000005,2
2508,29.71309875985849,273.1,1,1.0,213.41,92.2383475207507,11.0,5,0,0.0,26.0,98.0,1
2509,26.022710309126943,274.2,3,0.0,31.71,90.31064101246676,6.0,5,1,0.0,36.4,66.5,1
2510,16.255768334919033,578.5,1,2.0,122.37,95.9803262732336,7.0,6,4,1.0,38.6,45.8,1
2511,15.0,244.9,5,1.0,111.0,99.2,31.990286109891574,8,2,2.0,84.34804243135312,46.0,0
2512,11.0,753.0875000000001,5,0.0,82.81,48.2,27.540900312241945,7,0,0.0,85.34248097183199,99.8,0
2513,34.2,265.0,4,4.4,378.112,56.4,9.0,4,0,1.0,72.4,106.08,1
2514,26.94381308607876,154.9,5,3.0,72.47,95.61296098702216,5.0,13,2,0.0,35.9,38.4,1
2515,9.0,227.0,5,2.0,91.79,59.2,22.79263551684253,6,1,0.0,95.35294647272217,84.4,0
2516,12.0,512.9,5,2.0,74.11,83.5,22.303410845675963,11,1,1.0,98.5057915730809,77.9,0
2517,21.6,333.5,1,6.449999999999999,240.828,16.1,10.0,9,2,1.0,26.4,82.44,1
2518,23.4,371.2,2,4.4,42.7,6.9,8.0,5,4,0.0,60.5,67.92,1
2519,4.199999999999999,253.8,5,0.7,61.5105,42.6,7.0,4,2,0.0,79.3,28.99,2
2520,12.0,140.0,5,4.0,195.6,50.2,31.990286109891574,4,1,1.0,89.5436549441724,47.5,0
2521,28.8,84.2,2,6.449999999999999,216.244,2.8,9.0,8,3,1.0,90.2,34.92,1
2522,28.07256757808559,210.8,2,3.0,269.45,81.39400301510018,7.0,7,2,1.0,54.8,83.2,1
2523,5.6,279.8,3,0.35,33.282,14.4,7.0,7,2,1.0,4.5,38.025,2
2524,9.0,269.0,4,1.0,58.84,97.5,25.45320342877133,5,1,2.0,77.19963666201444,55.3,0
2525,5.6,238.3,4,1.0499999999999998,115.929,61.6,11.0,3,1,0.0,96.4,19.11,2
2526,28.8,300.3,2,0.0,258.496,63.9,4.0,4,1,0.0,1.8,98.4,1
2527,13.0,500.5,4,1.0,151.46,1.1,31.990286109891574,5,0,0.0,79.04666727246294,68.0,0
2528,25.917413758786942,235.5,4,2.0,50.28,75.89779083281844,5.0,7,2,0.0,18.0,93.0,1
2529,30.6,425.4,2,4.4,328.58,34.0,13.0,7,0,2.0,78.5,61.08,1
2530,17.36798490260378,292.9,5,6.0,105.5,95.89240354564498,12.0,3,1,0.0,21.7,90.0,1
2531,22.37864557500744,750.3,4,2.0,101.63,97.57785285338744,8.0,2,3,1.0,46.7,30.8,1
2532,3.5,389.2,4,0.7,46.291500000000006,30.7,9.0,7,2,1.0,60.3,37.115,2
2533,13.539509180477818,153.6,3,4.0,146.73,97.70980402765844,10.0,4,2,2.0,98.2,22.1,1
2534,15.274533967277552,305.05,3,2.0,140.27,83.92272312692691,10.0,9,0,1.0,89.5,76.7,1
2535,11.0,334.7,5,1.0,181.94,57.3,22.641870959971826,3,1,1.0,86.80583049870305,49.1,0
2536,4.55,428.3,4,0.35,16.1055,48.4,6.0,10,1,1.0,58.3,41.925,2
2537,28.208657702466844,340.1,2,3.0,344.67,92.86463874120646,14.0,4,3,0.0,8.2,48.3,1
2538,4.55,168.4,2,0.0,50.7285,98.7,8.0,4,2,0.0,4.0,37.895,2
2539,25.2,247.0,5,4.4,259.532,22.1,12.0,8,2,2.0,11.0,44.76,1
2540,16.0,333.0,4,4.0,162.54,33.0,31.990286109891574,7,0,1.0,90.7511942794572,47.4,0
2541,18.0,469.3,1,2.2,323.428,64.1,7.0,7,5,1.0,88.4,89.28,1
2542,16.0,703.6,4,2.0,140.24,73.6,29.3511101500615,6,4,0.0,96.32506435881524,42.8,0
2543,16.070620204924616,439.3,2,0.0,101.86,79.51643197553405,8.0,5,1,0.0,39.5,93.3,1
2544,15.01709184478942,495.4,3,3.0,188.53,83.96543346726914,3.0,6,3,0.0,44.6,76.0,1
2545,4.55,201.9,5,0.0,20.5605,15.8,6.0,5,2,0.0,97.6,23.92,2
2546,29.40195585745421,499.1,4,1.0,151.85,79.38087495163785,9.0,4,2,0.0,56.5,97.9,1
2547,8.0,458.3,5,2.0,93.35,75.1,31.990286109891574,3,0,0.0,82.93868140514236,97.3,0
2548,14.0,346.2,5,2.0,39.88,63.1,25.33055210076101,8,1,1.0,90.45718643037276,53.0,0
2549,28.8,571.9,1,6.449999999999999,493.1949375,67.1,11.0,11,1,2.5,8.9,47.88,1
2550,4.9,347.5,4,1.4,45.7965,24.7,7.0,9,1,0.0,89.0,47.125,2
2551,13.766071299591935,332.9,3,2.0,251.23,86.29788475467218,9.0,5,3,2.0,43.9,68.6,1
2552,19.7053067030379,312.5,1,3.0,208.52,77.75093131349362,9.0,4,1,0.0,10.5,95.1,1
2553,5.25,491.5,1,0.35,36.171,43.1,10.0,6,2,0.0,22.0,34.255,2
2554,29.00396204382572,227.7,3,1.0,277.34,97.57272199334396,8.0,11,1,0.0,2.3,78.7,1
2555,15.0,363.1,5,3.0,111.64,24.4,30.470096495052395,8,1,1.0,78.67680671137823,88.1,0
2556,19.8,547.6,5,6.449999999999999,235.256,53.5,8.0,4,0,2.0,32.0,90.36,1
2557,1.75,169.2,5,0.0,30.699,73.3,9.0,8,0,1.0,63.9,34.645,2
2558,23.764113191012093,285.4,1,2.0,77.24,95.96994640887308,8.0,7,1,2.0,0.0,80.3,1
2559,29.219038356740608,228.6,1,3.0,165.39,82.15489722268643,5.0,5,0,1.0,42.2,98.6,1
2560,14.0,262.3,4,1.0,80.54,22.7,18.98629424732049,10,2,2.0,86.26576048013963,42.9,0
2561,14.4,183.3,1,2.2,480.872,85.5,5.0,9,0,2.0,90.6,93.96,1
2562,28.8,170.8,4,6.449999999999999,260.876,56.3,5.0,3,1,0.0,22.2,91.8,1
2563,3.5,231.9,4,0.35,108.5265,53.2,9.0,7,2,2.0,28.8,32.11,2
2564,28.206438691816665,144.1,4,3.0,101.24,81.42337841150099,8.0,9,0,0.0,70.2,33.3,1
2565,5.25,249.0,3,0.0,51.7905,59.6,5.0,7,2,0.0,71.1,37.57,2
2566,28.8,636.7,1,2.2,332.808,48.7,10.0,8,0,0.0,48.5,81.36,1
2567,16.0,93.6,5,0.0,146.47,59.1,24.724702208122373,8,1,1.0,94.7577930139672,45.0,0
2568,5.6,365.9,2,0.7,59.9175,93.0,11.0,5,5,0.0,60.9,38.74,2
2569,27.378111901586205,172.6,5,4.0,69.79,87.11670091416136,12.0,7,4,0.0,87.2,63.5,1
2570,26.863323679328424,243.6,1,2.0,448.14,84.75855542881092,7.0,5,1,2.0,0.5,69.5,1
2571,10.0,187.7,5,1.0,198.85,59.5,15.96699912519815,9,4,0.0,93.8537135138718,72.4,0
2572,14.0,156.7,5,4.0,237.32,98.5,31.990286109891574,4,2,2.0,89.0943397827222,88.7,0
2573,2.1,283.6,4,0.7,125.721,28.9,8.0,6,1,2.5,52.6,14.755,2
2574,14.0,193.2,4,2.0,113.22,88.3,29.595499293439534,4,3,0.0,98.04420117111064,65.4,0
2575,14.4,455.3,5,6.449999999999999,493.1949375,20.8,12.0,5,1,1.0,66.7,58.67999999999999,1
2576,5.949999999999999,223.7,3,1.0499999999999998,140.7015,67.1,4.0,4,4,0.0,90.8,13.715000000000002,2
2577,21.260232771503645,753.0875000000001,2,2.0,328.46,97.80787276589476,11.0,4,3,0.0,17.3,60.2,1
2578,25.54901595350811,257.6,5,2.0,238.91,76.68495919963043,13.0,5,0,1.0,13.9,45.4,1
2579,13.0,382.7,5,1.0,112.67,40.8,31.990286109891574,4,4,1.0,89.26361022653333,93.4,0
2580,7.0,495.9,5,1.0,312.43,96.5,23.57585525361899,5,3,0.0,93.49884127094644,24.5,0
2581,13.0,276.0,4,1.0,56.64,73.0,23.53848884883706,10,3,0.0,94.74047890205529,28.2,0
2582,10.8,441.6,4,4.4,240.128,76.1,9.0,8,2,0.0,22.0,119.64,1
2583,10.0,217.8,4,0.0,29.0,77.3,19.38224624626172,6,2,0.0,90.46863427924802,38.8,0
2584,15.0,242.6,5,3.0,110.76,29.3,31.990286109891574,8,2,0.0,89.35361094373206,26.5,0
2585,3.85,388.8,2,0.35,44.649,17.0,4.0,11,4,0.0,11.0,17.615000000000002,2
2586,4.199999999999999,299.4,2,1.0499999999999998,43.038,16.9,4.0,9,4,0.0,37.5,25.545,2
2587,13.0,539.6,4,3.0,112.8,60.7,30.922566228765003,7,2,0.0,95.572007669296,99.7,0
2588,25.2,291.1,1,6.449999999999999,178.388,45.1,14.0,3,1,2.0,13.2,31.56,1
2589,4.199999999999999,753.0875000000001,4,0.7,87.84,33.0,12.0,7,3,0.0,15.6,52.78,2
2590,20.0,417.5,4,4.0,112.5,16.3,31.990286109891574,9,0,0.0,90.50018904754316,54.33,0
2591,21.6,661.9,1,2.2,294.532,24.2,15.0,10,2,2.5,2.0,43.8,1
2592,25.89130632357004,172.2,2,1.0,54.39,94.33047942566796,11.0,3,1,0.0,79.0,41.0,1
2593,14.0,245.6,4,4.0,66.95,63.8,29.668314342963463,7,2,0.0,94.63648248702307,59.5,0
2594,27.91520216762992,262.2,3,2.0,70.68,86.97016865593487,8.0,1,1,1.0,55.5,20.7,1
2595,14.0,288.0,4,2.0,176.86,71.0,27.169829167288743,4,2,1.0,87.18855954719574,50.2,0
2596,3.15,311.2,3,0.35,352.1025,74.6,8.0,5,3,2.5,41.4,30.94,2
2597,21.6,753.0875000000001,2,6.449999999999999,425.5439999999999,72.4,8.0,3,0,2.5,66.4,57.6,1
2598,15.0,496.3,4,4.0,216.2,6.0,31.990286109891574,8,4,0.0,96.80320485582638,68.9,0
2599,29.957093912010027,167.1,5,2.0,226.77,97.09803712773686,5.0,5,2,0.0,29.4,45.1,1
2600,7.699999999999999,648.9,4,1.0499999999999998,20.313,89.8,5.0,5,2,0.0,42.3,29.51,2
2601,4.9,251.7,5,0.7,123.5565,99.1,8.0,5,0,2.0,74.1,28.405,2
2602,5.6,33.8,1,1.0499999999999998,68.9175,2.5,5.0,6,2,2.0,9.9,54.33,2
2603,26.98553187548267,298.8,1,3.0,260.66,68.2,8.0,3,3,0.0,95.7,37.9,1
2604,2.8,242.7,1,0.7,30.015,26.1,6.0,9,1,0.0,98.4,23.985,2
2605,9.0,406.3,4,3.0,155.28,19.9,25.869502475032547,9,2,0.0,92.49854580023626,37.5,0
2606,19.0,156.7,5,2.0,204.04,67.5,18.577463782365054,6,1,2.0,82.46467095360256,75.5,0
2607,24.491048889412514,753.0875000000001,5,1.0,122.7,79.98865228293589,10.0,2,3,0.0,52.0,38.0,1
2608,9.0,213.1,5,5.0,61.42,80.8,29.748536728359475,7,3,0.0,95.37454433164991,95.9,0
2609,6.65,302.4,4,1.75,18.819,67.7,6.0,8,3,0.0,18.3,45.435,2
2610,7.0,222.7,5,0.35,92.5695,34.2,7.0,6,4,0.0,22.5,62.595,2
2611,14.0,130.8,4,2.0,189.12,16.0,16.753105465480587,5,1,0.0,87.59454467041391,43.2,0
2612,19.0,107.9,4,3.0,82.82,9.8,25.514366714570805,6,0,0.0,95.65117553530206,61.8,0
2613,12.44959688612584,478.7,3,2.0,220.34,79.9839406639188,3.0,0,3,1.0,74.6,98.1,1
2614,2.8,382.1,5,1.4,40.635,40.8,3.0,8,2,1.0,19.8,57.135000000000005,2
2615,14.65083829888314,250.6,3,2.0,68.31,82.51546985605546,8.0,8,1,0.0,88.4,30.8,2
2616,21.6,378.3,4,4.4,478.296,48.4,9.0,3,4,1.0,23.3,64.8,1
2617,11.0,201.6,5,1.0,41.87,80.6,24.015758870251084,6,1,0.0,98.62765398155544,36.6,0
2618,4.55,239.2,3,0.7,66.70349999999999,27.8,10.0,8,3,0.0,27.4,54.925,2
2619,19.8,187.0,2,6.449999999999999,120.70799999999998,7.7,8.0,8,5,0.0,92.3,66.36,1
2620,28.79002021737893,149.4,2,0.0,60.66,82.76109745315375,11.0,7,1,2.0,43.3,89.4,1
2621,6.3,183.2,3,0.7,45.396,31.2,10.0,5,3,2.0,39.4,51.09,2
2622,17.851014527059576,178.9,3,0.0,204.52,81.3102186597307,10.0,4,2,0.0,6.8,53.3,1
2623,18.66278917092002,369.6,4,1.0,34.28,79.6247173172864,9.0,4,4,1.0,2.9,47.3,2
2624,3.15,301.2,4,0.7,93.7575,60.9,7.0,3,4,1.0,19.8,62.205000000000005,2
2625,4.9,265.2,4,0.35,125.9505,70.8,8.0,3,0,0.0,39.1,45.760000000000005,2
2626,20.155944567411048,341.7,2,4.0,151.76,77.64658586708184,10.0,5,3,0.0,90.9,70.8,1
2627,4.9,210.3,3,0.7,51.9885,37.0,11.0,8,3,1.0,42.1,26.65,2
2628,13.0,161.8,5,4.0,127.48,95.6,31.990286109891574,4,2,2.0,93.89884861023675,68.8,0
2629,7.699999999999999,202.0,2,1.0499999999999998,22.932,57.0,11.0,8,2,0.0,95.8,42.445,2
2630,13.0,328.3,4,2.0,125.33,80.2,31.80779127710704,8,1,0.0,98.00799229211007,31.7,0
2631,11.0,211.7,4,3.0,158.47,35.7,16.172060636682804,6,4,0.0,78.62464795401388,30.9,0
2632,12.0,299.3,5,2.0,493.1949375,32.2,24.25646934065407,8,2,0.0,76.1155002344928,64.9,0
2633,18.0,275.0,3,6.449999999999999,493.1949375,14.6,9.0,5,3,1.0,19.5,103.2,1
2634,15.73527103607526,243.0,3,0.0,116.42,96.22340540125089,11.0,3,2,1.0,19.1,46.4,2
2635,11.0,126.3,4,2.0,67.64,47.7,22.50334031046221,6,2,2.0,91.014049314839,62.3,0
2636,20.48479307952276,222.7,5,2.0,161.71,90.4974516532921,6.0,8,1,0.0,87.0,48.6,1
2637,4.199999999999999,347.7,3,0.35,56.2005,30.6,6.0,10,0,0.0,29.2,40.04,2
2638,5.25,471.1,2,1.0499999999999998,73.94850000000001,56.9,8.0,9,3,1.0,20.5,60.255,2
2639,25.24130509996609,305.05,2,3.0,65.94,86.84609708346036,10.0,6,2,0.0,85.9,86.1,1
2640,10.0,436.0,4,1.0,43.93,99.9,15.81069790446548,14,1,2.0,82.03724048411797,92.0,0
2641,22.10311175762292,149.1,1,3.0,166.79,99.55582530248016,9.0,2,4,0.0,28.9,39.8,1
2642,4.199999999999999,545.9,3,0.0,42.462,38.9,4.0,7,1,2.0,61.2,41.145,2
2643,19.8,191.4,5,6.449999999999999,358.82,36.3,20.0,4,2,0.0,30.9,29.28,1
2644,21.6,233.3,2,6.449999999999999,179.47999999999996,26.0,9.0,4,2,0.0,62.7,28.56,1
2645,12.518916079055172,323.1,1,2.0,263.92,95.90297496761109,10.0,4,2,1.0,73.7,37.3,1
2646,3.15,521.8,5,1.4,25.299,22.5,8.0,4,3,0.0,76.3,15.145,2
2647,12.16733931975832,180.7,5,1.0,223.9,82.75372028784658,11.0,9,2,0.0,1.7,42.0,2
2648,2.1,753.0875000000001,2,2.1,55.9125,51.8,8.0,3,2,0.0,26.0,43.81,2
2649,11.0,283.1,4,1.0,111.03,3.2,26.31432562468256,7,2,0.0,94.4147729141518,84.1,0
2650,4.199999999999999,280.0,4,2.1,64.9755,50.1,11.0,9,1,1.0,80.2,13.52,2
2651,27.0,309.0,2,2.2,315.224,94.6,9.0,10,4,0.0,98.0,32.04,1
2652,22.415037051033583,463.2,2,0.0,105.81,91.97565315629777,10.0,5,0,1.0,33.7,32.0,2
2653,4.55,431.1,5,0.7,57.015,64.5,10.0,10,5,0.0,85.7,59.93000000000001,2
2654,19.8,166.5,4,6.449999999999999,262.108,50.4,11.0,6,1,1.0,3.6,41.88,1
2655,20.06956891088046,387.2,4,3.0,493.1949375,97.30594803148595,9.0,4,1,0.0,72.9,91.7,1
2656,3.15,392.1,4,1.4,134.847,27.8,11.0,7,1,2.0,47.7,55.445,2
2657,9.0,570.2,1,6.449999999999999,493.1949375,60.1,10.0,5,2,1.0,93.0,52.8,1
2658,19.0,99.5,5,2.0,248.85,47.6,31.990286109891574,4,6,0.0,83.3068209321677,76.0,0
2659,29.00189825901241,601.2,5,3.0,201.32,92.64297728497908,7.0,8,1,0.0,85.7,76.7,1
2660,23.238595652688563,534.9,3,1.0,33.61,76.16187087231535,9.0,5,5,1.0,97.9,85.0,1
2661,29.418473810128397,507.8,2,1.0,117.49,80.4698641619483,8.0,11,1,1.0,89.4,34.2,1
2662,21.6,661.4,3,6.449999999999999,233.688,76.1,13.0,5,1,0.0,40.3,44.64,1
2663,17.0,544.4,4,5.0,47.97,54.8,28.43596170580784,5,3,1.0,93.50231155232728,49.5,0
2664,15.0,406.7,4,2.0,253.7,77.0,30.501643558581225,4,2,0.0,75.06990122228984,69.5,0
2665,1.75,283.8,4,1.4,19.899,81.9,11.0,8,0,1.0,71.7,47.32,2
2666,23.350381317090484,163.2,3,2.0,76.14,90.44888255986676,10.0,7,1,0.0,32.3,39.5,1
2667,21.6,190.5,1,2.2,116.76,49.7,11.0,7,3,0.0,32.0,59.88,1
2668,18.609717038083343,617.2,1,1.0,118.62,81.58857164202104,8.0,3,3,2.0,38.0,83.3,1
2669,23.4,257.5,5,6.449999999999999,493.1949375,84.4,4.0,4,1,0.0,66.3,67.32,1
2670,16.0,281.9,5,1.0,58.68,68.8,27.55345888953221,7,1,0.0,77.69438563721447,68.2,0
2671,20.330686376321943,375.6,1,3.0,91.96,90.34921858984612,5.0,5,1,2.5,41.5,84.9,1
2672,4.199999999999999,260.0,4,0.0,98.4645,14.5,7.0,6,2,2.0,20.5,23.66,2
2673,19.8,368.8,2,0.0,493.1949375,0.9,2.0,1,1,0.0,11.8,42.0,1
2674,16.0,276.0,4,3.0,131.38,76.4,31.990286109891574,3,3,0.0,91.3919706114054,55.9,0
2675,16.0,330.6,5,0.0,58.06,17.4,16.55783906894084,12,1,0.0,91.6822462434932,25.9,0
2676,9.0,370.8,5,1.0,105.56,55.6,25.679873195370178,7,3,2.0,98.28974844728316,62.3,0
2677,21.6,100.7,5,0.0,275.856,60.8,3.0,6,2,1.0,57.3,87.0,1
2678,19.2180906553455,222.0,2,0.0,87.63,85.48652043069583,12.0,5,3,0.0,63.3,64.1,1
2679,4.199999999999999,374.8,5,0.7,24.7815,51.9,8.0,6,1,0.0,85.7,57.2,2
2680,2.8,258.8,3,0.7,93.204,79.3,18.0,5,2,2.0,23.5,26.715000000000003,2
2681,23.4,698.1,5,6.449999999999999,290.444,39.0,9.0,5,2,2.0,17.8,52.68,1
2682,4.199999999999999,96.4,4,0.35,17.883000000000003,8.9,13.0,6,3,0.0,3.4,17.485,2
2683,12.0,546.6,4,4.0,188.82,87.0,31.990286109891574,5,1,1.0,80.8144521364582,25.8,0
2684,23.067063813416222,261.3,1,3.0,385.4,92.47941378065916,8.0,5,3,2.0,31.9,62.7,1
2685,16.2,451.7,3,2.2,435.596,55.5,15.0,4,1,0.0,32.5,32.64,1
2686,27.0,277.7,3,0.0,186.844,3.9,6.0,4,0,1.0,96.6,66.84,1
2687,23.56041580558853,409.5,3,0.0,493.1949375,75.80274848407566,6.0,7,2,0.0,99.1,37.5,1
2688,15.813554692622072,374.9,3,4.0,127.6,95.10458794341793,12.0,8,1,0.0,41.4,74.4,1
2689,16.2,278.1,2,6.449999999999999,493.1949375,63.7,11.0,5,0,2.0,36.3,68.88,1
2690,27.0,197.2,4,4.4,282.128,43.5,5.0,8,1,1.0,14.0,69.47999999999999,1
2691,5.25,119.6,3,0.35,38.241,93.3,9.0,9,5,1.0,55.0,60.515,2
2692,10.0,385.6,5,3.0,208.75,25.2,15.455608530395404,8,0,2.0,95.77847556760464,70.4,0
2693,14.4,467.9,1,4.4,193.76,29.6,7.0,3,4,0.0,7.7,58.67999999999999,1
2694,3.85,124.6,2,0.7,44.064,36.6,9.0,4,3,0.0,67.4,52.13,2
2695,8.0,308.2,4,4.0,120.2,7.7,19.416949725915543,5,2,2.0,89.44840760386396,74.4,0
2696,19.8,165.7,1,4.4,493.1949375,86.3,11.0,7,0,0.0,50.6,102.36,1
2697,23.4,434.6,4,2.2,145.684,9.6,11.0,8,1,0.0,46.6,93.71999999999998,1
2698,18.0,98.0,1,6.449999999999999,493.1949375,20.1,15.0,2,1,2.0,35.3,47.28,1
2699,20.49512313056462,197.3,3,1.0,214.73,99.36294213746078,9.0,2,2,2.0,7.0,94.4,1
2700,26.32371543325512,259.7,4,5.0,190.2,82.9253559992603,15.0,5,2,2.5,99.9,43.6,1
2701,2.8,335.1,4,0.35,92.0745,40.0,8.0,4,0,2.5,68.5,55.83500000000001,2
2702,28.700032051179704,305.4,3,4.0,62.33,95.6950297024949,6.0,5,2,1.0,7.3,99.3,1
2703,28.8,551.4,5,6.449999999999999,146.076,88.2,10.0,2,1,0.0,87.1,73.32,1
2704,27.0,607.7,1,2.2,111.664,93.3,6.0,5,2,0.0,11.6,91.56,1
2705,23.4,474.1,1,2.2,281.96,18.0,12.0,4,3,0.0,30.4,114.96,1
2706,15.63336854406537,264.9,3,3.0,158.15,88.30170747163037,9.0,7,0,1.0,95.0,72.4,1
2707,5.949999999999999,320.4,4,1.75,30.69,30.3,17.0,4,2,0.0,66.0,33.215,2
2708,15.0,242.3,5,1.0,188.03,54.1,16.22477061656149,9,2,0.0,91.42150277350962,35.6,0
2709,4.9,279.5,2,1.0499999999999998,52.245,48.5,11.0,11,2,0.0,48.2,30.875,2
2710,28.72491778658952,592.4,1,1.0,129.27,76.48695415959732,11.0,10,1,2.0,68.4,54.0,1
2711,4.55,680.1,2,1.4,86.56200000000001,26.8,13.0,6,1,2.0,61.4,24.375,2
2712,18.65682080427653,506.8,2,4.0,129.89,82.78454301076609,17.0,5,2,0.0,42.3,71.2,1
2713,9.0,369.9,5,1.0,59.7,48.7,19.56515531809074,3,1,1.0,84.94373249031091,48.3,0
2714,3.85,324.4,2,0.35,160.0695,11.9,15.0,7,0,0.0,34.4,32.955000000000005,2
2715,27.0,352.7,1,0.0,493.1949375,76.3,10.0,6,1,0.0,30.9,92.28,1
2716,23.994806052376365,331.1,4,4.0,62.5,99.0359501368996,14.0,10,2,1.0,21.2,66.2,1
2717,9.0,508.8,4,6.0,112.24,80.3,16.199882350742513,7,1,0.0,77.32109463452178,55.4,0
2718,16.0,387.7,5,5.0,144.18,73.6,19.183504134245624,6,1,1.0,96.1945905010426,39.1,0
2719,12.0,298.6,4,0.0,59.35,12.1,18.03210157538191,4,1,0.0,96.60071272433332,74.8,0
2720,13.0,453.4,4,2.0,214.32,32.5,16.68469703906374,5,3,1.0,94.38715809735068,68.1,0
2721,18.0,311.7,1,4.4,174.60799999999998,63.1,10.0,4,2,1.0,7.0,113.04,1
2722,14.0,222.6,5,0.0,389.76,74.6,30.98268595877205,4,0,0.0,89.34649871186303,56.3,0
2723,3.5,204.1,5,0.7,106.7625,43.2,6.0,8,1,0.0,97.5,24.44,2
2724,5.949999999999999,305.05,3,0.7,37.3455,56.3,8.0,3,2,1.0,89.0,14.82,2
2725,4.199999999999999,753.0875000000001,5,2.1,29.065500000000004,9.0,12.0,2,1,0.0,86.1,50.635000000000005,0
2726,3.0,401.6,4,0.0,141.64,0.4,31.990286109891574,4,3,1.0,84.9583986174622,31.2,0
2727,4.199999999999999,361.4,4,1.0499999999999998,23.4225,23.4,12.0,9,3,0.0,26.8,54.33,2
2728,27.0,162.6,5,6.449999999999999,323.148,49.8,7.0,6,1,1.0,99.6,110.04,1
2729,16.67033191336896,182.4,5,3.0,127.43,96.7567974360425,8.0,9,0,0.0,65.5,69.8,1
2730,14.0,359.8,4,4.0,164.88,5.4,18.884105185309167,8,1,2.0,86.20323081527998,62.3,0
2731,4.55,285.7,2,0.7,109.98,92.6,6.0,7,1,1.0,46.9,49.725,2
2732,13.0,162.7,5,4.0,223.94,13.1,31.990286109891574,2,2,0.0,75.28153671008019,64.3,0
2733,6.65,190.5,2,1.75,108.8415,87.3,15.0,5,1,0.0,20.3,17.875,2
2734,5.6,240.1,1,1.0499999999999998,74.286,94.7,8.0,5,3,0.0,57.7,38.675,2
2735,4.9,94.8,4,1.4,64.48500000000001,68.2,4.0,4,4,1.0,8.7,44.135000000000005,2
2736,27.0,357.7,1,4.4,235.48,81.0,9.0,8,1,0.0,83.8,60.72,1
2737,12.0,228.8,4,0.0,35.86,54.8,20.776574744272416,4,1,0.0,91.08382627163482,36.6,0
2738,20.0,253.8,5,1.0,141.73,8.9,18.576184797653788,3,0,0.0,81.12133144228211,69.8,0
2739,16.786632369231786,102.7,5,3.0,58.63,93.08923116580488,7.0,6,1,1.0,55.9,33.3,2
2740,15.649446741250609,357.6,4,2.0,139.37,87.95229721430033,7.0,13,2,0.0,79.6,88.3,1
2741,4.199999999999999,222.3,3,1.0499999999999998,13.4145,34.0,6.0,8,2,0.0,8.0,24.7,2
2742,10.0,590.4,4,3.0,58.68,73.5,27.79529270337588,6,2,1.0,78.94524190682222,76.6,0
2743,5.949999999999999,568.7,1,0.0,35.5005,29.4,8.0,4,1,0.0,63.1,57.330000000000005,2
2744,29.57096193566777,368.4,3,1.0,493.1949375,91.6710198966203,10.0,12,2,1.0,62.2,86.8,1
2745,29.148105959484315,430.3,1,3.0,79.66,80.0094077791014,7.0,10,3,1.0,43.0,70.9,1
2746,29.111934211577267,628.8,1,2.0,97.3,99.4199746526351,9.0,6,1,2.0,70.8,28.4,1
2747,12.0,305.05,5,1.0,134.33,55.9,22.69972235364463,1,1,1.0,94.456659707256,24.8,0
2748,5.6,334.5,1,1.0499999999999998,97.1595,37.1,7.0,2,3,0.0,79.5,54.665,2
2749,19.8,202.0,2,4.4,225.764,47.1,12.0,6,1,0.0,74.1,56.16,1
2750,8.0,387.2,5,2.0,36.28,11.2,25.3360845307517,8,1,0.0,76.02191961446384,34.2,0
2751,13.11069449407025,193.0,4,0.0,46.99,78.41534842462214,6.0,7,3,2.5,86.3,21.6,2
2752,11.0,626.0,4,5.0,103.87,12.6,28.58897609402517,7,4,1.0,92.12692406077014,74.0,0
2753,26.995939347417742,189.0,3,1.0,347.85,84.03101693375085,12.0,3,1,1.0,8.0,93.3,1
2754,16.159926764910875,283.6,5,2.0,67.1,75.898540044011,10.0,4,2,1.0,14.4,82.3,1
2755,4.55,157.5,4,1.4,96.2685,4.0,12.0,4,4,0.0,43.7,58.435,2
2756,19.8,113.3,3,4.4,260.372,91.2,8.0,4,6,1.0,28.8,27.96,1
2757,27.0,590.0,1,4.4,318.808,88.9,8.0,7,5,0.0,6.1,84.36,1
2758,25.2,290.0,1,6.449999999999999,170.856,9.6,7.0,7,3,2.0,92.2,52.08,1
2759,14.56093850027003,710.9,5,2.0,165.57,89.83048429207602,8.0,5,5,1.0,54.9,54.33,1
2760,5.25,429.5,4,1.0499999999999998,84.52350000000001,28.4,7.0,11,3,1.0,63.4,14.105,2
2761,15.0,180.1,5,3.0,43.28,40.2,31.990286109891574,8,0,1.0,92.7274613779116,83.9,0
2762,12.0,753.0875000000001,5,1.0,75.24,55.3,31.990286109891574,7,1,0.0,93.1566270359223,31.0,0
2763,17.387889202596874,302.1,3,1.0,119.61,92.44099446402949,9.0,7,1,2.5,64.0,49.2,2
2764,37.8,589.2,3,6.449999999999999,493.1949375,97.5,6.0,6,1,0.0,23.5,31.68,1
2765,14.0,323.1,5,2.0,493.1949375,55.9,21.15063672612816,6,1,1.0,83.27164212499166,20.5,0
2766,5.949999999999999,207.5,1,1.75,37.908,56.6,15.0,2,2,1.0,76.2,51.285,2
2767,15.0,371.3,5,1.0,22.62,95.4,16.5617606501538,9,1,2.0,81.99796445578816,37.9,0
2768,23.4,597.2,4,6.449999999999999,247.828,37.1,11.0,7,3,0.0,80.7,29.52,1
2769,12.80423571799787,350.5,1,3.0,162.36,75.38702421498235,9.0,5,1,0.0,24.5,47.4,1
2770,5.25,298.6,4,1.0499999999999998,79.605,35.2,8.0,7,0,2.0,41.5,31.72,2
2771,11.0,394.4,5,1.0,113.26,74.0,30.975806559727527,6,2,0.0,88.84730446514543,98.2,0
2772,3.85,510.3,5,1.4,28.917,68.2,10.0,8,2,2.5,71.7,61.75,2
2773,14.94368135610198,497.4,5,0.0,164.66,93.18410194963364,13.0,9,3,2.0,82.3,88.2,0
2774,16.0,387.4,4,3.0,137.92,18.0,15.120498445667836,5,0,1.0,83.20665814157245,26.9,0
2775,25.2,385.7,4,6.449999999999999,424.172,51.0,9.0,10,2,1.0,26.6,66.24,1
2776,15.0,259.3,5,0.0,80.43,0.2,21.988141044243196,7,3,2.0,92.32613447487518,82.2,0
2777,6.0,302.8,5,3.0,224.93,86.2,16.583422994305202,10,4,0.0,95.9839701686083,27.9,0
2778,30.6,285.3,2,4.4,411.096,25.2,11.0,5,3,1.0,42.2,117.48,1
2779,23.36760710763784,444.1,5,1.0,121.21,78.79854257598933,11.0,5,2,1.0,18.6,76.1,1
2780,7.0,501.6,4,1.0499999999999998,114.7815,50.4,8.0,7,1,0.0,35.5,58.695,2
2781,13.0,255.6,4,0.0,103.08,66.8,17.815250322646918,5,2,1.0,95.84401351873844,54.33,0
2782,28.8,380.1,4,6.449999999999999,493.1949375,24.0,9.0,11,5,1.0,22.4,89.75999999999999,1
2783,27.067517071949943,149.4,2,1.0,89.22,79.07985755839259,9.0,4,3,1.0,87.6,30.4,1
2784,30.6,365.3,2,4.4,173.012,76.3,11.0,6,3,0.0,14.2,105.0,1
2785,13.92241454742506,70.7,1,0.0,128.27,94.21422993852536,6.0,5,3,2.0,68.8,82.8,1
2786,14.0,191.4,5,0.0,34.13,66.3,22.48314358170437,4,4,1.0,88.75289217046921,35.4,0
2787,23.0,157.2,5,3.0,162.46,65.2,27.787276485500406,4,4,0.0,95.6896772515842,88.1,0
2788,26.86127205322256,82.4,2,1.0,253.73,98.0087981678019,5.0,5,5,0.0,47.5,24.5,1
2789,29.100648902815816,241.8,3,4.0,493.1949375,81.45697283489667,6.0,6,0,0.0,98.3,31.0,1
2790,18.0,508.8,4,0.0,252.53,88.7,31.990286109891574,6,3,0.0,79.05631233213926,36.5,0
2791,13.28099174634234,115.0,3,2.0,419.86,88.65986755909074,5.0,9,4,0.0,40.4,64.0,1
2792,29.748035811398715,391.7,3,3.0,157.83,82.90931982307768,8.0,7,1,1.0,73.2,75.8,1
2793,12.845569634718602,549.7,2,3.0,322.23,82.23157906461054,13.0,5,1,1.0,51.7,20.0,1
2794,8.0,594.7,5,3.0,146.99,85.7,23.518092695851365,8,0,1.0,96.34988243466393,39.0,0
2795,16.480349410260818,244.4,5,1.0,326.79,92.37435856400732,8.0,3,2,0.0,35.3,55.2,1
2796,12.0,236.9,4,1.0,31.91,19.4,31.990286109891574,3,6,2.0,97.61226231592414,41.2,0
2797,19.0,199.0,5,1.0,62.99,58.0,29.819993638926576,3,3,1.0,81.23322138844976,45.8,0
2798,18.0,534.2,5,3.0,102.05,49.8,24.58591312468257,9,1,0.0,84.16330253513581,53.5,0
2799,19.05726758481276,321.9,3,1.0,230.64,93.56196711935996,10.0,6,3,1.0,59.8,54.33,1
2800,12.0,211.2,4,3.0,208.06,89.7,18.755841123970427,6,1,2.0,99.85830605676672,71.0,0
2801,18.0,175.3,5,3.0,70.53,88.1,31.990286109891574,7,1,1.0,88.15244260899082,21.8,0
2802,12.0,367.9,5,3.0,51.73,14.4,31.990286109891574,9,3,0.0,99.41068711928936,31.8,0
2803,3.5,200.8,5,0.7,53.685,67.6,4.0,4,1,0.0,21.8,54.6,2
2804,27.0,378.5,3,4.4,268.016,17.3,9.0,3,1,0.0,33.8,26.88,1
2805,3.15,294.0,3,0.7,44.9325,59.3,9.0,5,1,0.0,24.0,29.380000000000003,2
2806,26.77008106447641,753.0875000000001,4,1.0,108.57,94.46546487758114,7.0,6,0,0.0,93.4,33.0,1
2807,25.876901916676808,224.7,2,4.0,111.74,93.5946465031232,8.0,4,3,0.0,31.1,93.4,1
2808,15.0,344.1,5,1.0,243.78,5.8,31.990286109891574,3,2,0.0,85.2504207553789,68.1,0
2809,15.0,350.5,5,4.0,232.88,47.6,24.71595331314538,5,3,2.0,76.69318534412045,92.5,0
2810,24.288124945381256,358.2,1,2.0,97.68,92.97786328324077,10.0,2,0,0.0,51.5,61.0,1
2811,16.0,199.5,5,1.0,101.02,92.8,23.885919577425117,4,1,1.0,86.30011358809601,78.9,0
2812,11.0,153.7,4,4.0,218.04,23.3,17.62768597424228,2,2,0.0,98.04261384149964,61.9,0
2813,18.27239962281373,320.1,5,0.0,155.21,80.20504031485984,9.0,1,2,1.0,66.1,59.2,1
2814,12.0,505.5,4,3.0,237.86,64.6,29.869296623908863,5,3,0.0,89.81616679425892,43.7,0
2815,19.57537257961152,342.9,4,0.0,180.11,86.19150777680953,9.0,7,5,0.0,42.5,52.9,1
2816,18.460923551063352,217.8,3,2.0,127.42,84.48722458892344,8.0,4,4,0.0,63.9,31.7,1
2817,4.0,632.3,4,3.0,148.4,1.4,16.915456962675588,11,0,1.0,86.71171420003458,63.0,0
2818,4.9,247.6,4,1.4,17.0775,42.6,7.0,4,2,2.0,93.4,40.625,2
2819,15.0,401.4,5,0.0,86.46,42.8,25.299540427537845,7,1,1.0,95.29610175246825,64.9,0
2820,13.0,200.9,4,2.0,338.69,22.5,19.592603944616904,6,5,1.0,89.30660536191655,55.7,0
2821,2.1,441.1,2,0.0,115.146,71.8,9.0,2,2,1.0,19.5,30.42,2
2822,10.0,220.9,4,0.0,110.22,64.6,16.191133006421058,6,4,0.0,75.52472921391474,42.5,2
2823,28.604355152747853,179.2,1,3.0,63.16,93.22382343061398,12.0,8,1,2.0,7.9,37.7,1
2824,3.5,406.0,1,1.75,89.721,94.0,7.0,7,3,1.0,8.5,50.115,2
2825,27.43606143422071,230.9,1,2.0,36.96,87.95336478207545,8.0,8,5,1.0,57.3,96.9,1
2826,27.79516021776425,300.6,4,4.0,177.5,96.68965119744232,11.0,1,0,2.0,47.3,93.8,1
2827,2.45,214.1,3,0.35,60.426,81.3,15.0,9,2,0.0,70.2,46.215,2
2828,23.0,170.1,4,3.0,108.84,68.2,22.339364871308725,0,1,1.0,86.8110061631109,52.9,0
2829,13.949810512943635,286.7,1,1.0,258.41,86.93074088414444,9.0,9,1,2.5,68.2,79.1,1
2830,19.278771446443866,272.7,5,5.0,233.95,88.76934912899523,12.0,2,0,0.0,73.3,79.5,1
2831,17.0,305.05,4,2.0,214.66,65.5,30.63756724200525,9,2,0.0,81.96027223537374,94.5,0
2832,29.82425248352028,323.3,2,3.0,357.81,99.11147424857135,11.0,4,3,0.0,98.3,25.4,1
2833,9.0,381.5,4,2.0,90.67,45.5,25.073022784532554,7,1,0.0,75.64916734483816,62.4,0
2834,11.0,137.1,5,2.0,91.82,78.5,29.30825876927114,4,0,1.0,96.8792276515954,34.6,0
2835,5.6,231.8,4,0.35,61.0875,44.0,9.0,8,2,0.0,55.6,13.91,2
2836,18.17721792633825,388.4,3,1.0,420.17,75.2513957755246,12.0,5,2,0.0,86.1,87.7,1
2837,18.26229916419824,493.8,5,1.0,44.65,89.9707566359854,12.0,2,3,1.0,2.6,81.6,1
2838,16.609171655529096,567.5,3,0.0,92.16,90.05264589442326,9.0,6,0,2.0,63.1,96.1,1
2839,18.0,488.3,4,0.0,86.99,35.1,19.980713280193143,8,3,0.0,82.36536526286423,93.6,0
2840,16.0,196.5,5,0.0,179.43,16.2,29.321150232855693,4,2,0.0,84.60513838944553,51.7,0
2841,24.6355064053976,329.5,5,3.0,61.79,93.79401352658736,3.0,6,1,0.0,63.7,50.1,1
2842,21.385184004721857,200.8,3,4.0,135.78,76.92963427694241,6.0,7,4,2.0,87.3,52.4,1
2843,11.0,353.0,4,4.0,395.64,25.4,31.990286109891574,7,4,1.0,99.69692641424372,99.1,0
2844,14.0,346.1,5,1.0,58.22,46.0,17.39814930295494,5,3,1.0,87.15623716004163,26.0,0
2845,18.0,86.1,1,2.2,207.788,49.7,7.0,3,2,0.0,31.2,28.56,1
2846,14.4,487.7,1,4.4,395.248,99.8,11.0,14,3,0.0,43.4,85.55999999999999,1
2847,17.19315066809136,338.8,1,2.0,235.86,90.3575549053321,7.0,4,2,0.0,17.4,49.8,1
2848,13.886469443977242,192.2,5,6.0,147.04,75.87388020346923,11.0,4,5,0.0,25.6,62.8,1
2849,25.707223272258744,94.3,1,0.0,242.38,85.63075977856738,7.0,8,1,1.0,63.7,62.5,1
2850,8.0,753.0875000000001,5,0.0,240.17,48.3,25.85113839966271,4,2,0.0,79.63333342351454,25.9,0
2851,4.55,360.1,5,1.0499999999999998,27.999,86.5,8.0,4,2,1.0,84.5,30.745,2
2852,18.009510583153986,336.7,3,4.0,118.56,90.87767485113255,15.0,6,0,2.0,48.2,47.9,1
2853,11.0,373.7,5,2.0,35.31,99.5,16.587850274743932,12,2,0.0,93.6759082465783,60.4,0
2854,25.315002684530302,320.8,1,3.0,183.19,93.66841421482164,11.0,5,2,0.0,61.8,98.8,1
2855,17.0,164.8,5,0.0,493.1949375,75.3,30.924497688745497,3,2,1.0,80.06467487256832,30.3,0
2856,36.0,280.1,1,6.449999999999999,248.052,95.3,11.0,2,3,1.0,54.5,109.68,1
2857,17.055603386455303,223.9,4,4.0,105.89,86.38160631142233,8.0,5,1,0.0,87.0,53.0,1
2858,21.0,500.0,4,4.0,82.31,41.3,28.491545039092163,5,2,1.0,80.4487390659868,85.4,0
2859,18.686272688985543,416.6,4,4.0,342.51,81.79719132046151,11.0,2,1,0.0,5.8,35.3,1
2860,20.476721749901458,436.3,3,0.0,197.5,76.57679897023155,6.0,7,1,1.0,57.3,40.5,1
2861,4.9,100.8,3,1.4,48.2355,26.9,8.0,4,2,1.0,2.9,49.79,2
2862,3.5,584.4,2,1.0499999999999998,23.9715,76.1,6.0,9,1,0.0,31.8,49.595,2
2863,26.58980734615094,156.0,1,1.0,108.36,81.64539887919165,11.0,4,0,0.0,8.4,63.4,1
2864,17.270896203900055,753.0875000000001,5,2.0,65.15,86.7121107360141,11.0,2,2,1.0,54.2,38.9,2
2865,3.15,214.2,3,1.75,54.666,20.9,7.0,6,1,0.0,99.0,25.545,2
2866,19.8,350.9,5,2.2,399.812,79.6,5.0,12,5,2.0,24.0,34.2,1
2867,2.45,239.7,2,0.0,33.4395,92.0,9.0,3,0,2.0,50.7,55.77,2
2868,17.0,46.0,4,2.0,100.88,34.3,20.00891079209101,4,1,0.0,79.44451151374119,44.3,0
2869,23.997128205275175,147.4,2,0.0,246.34,76.72198476052132,10.0,7,2,0.0,76.3,92.2,1
2870,5.6,511.5,4,1.0499999999999998,38.79,92.8,7.0,6,2,2.0,25.5,15.405,2
2871,14.949391986183937,308.4,1,1.0,363.91,68.2,13.0,2,1,1.0,61.1,80.1,1
2872,23.205493770508067,441.1,1,1.0,182.47,88.07423043348516,9.0,6,2,0.0,64.8,75.8,1
2873,17.0,61.6,4,2.0,163.14,42.0,20.02940140289055,6,1,0.0,99.1916867801428,80.8,0
2874,2.8,184.3,1,0.35,79.7535,66.9,6.0,8,1,0.0,27.5,40.04,2
2875,3.5,386.5,2,0.35,13.7655,35.2,5.0,5,2,0.0,89.4,19.695,2
2876,12.0,208.1,5,0.0,239.44,31.2,28.37034933767095,6,3,0.0,87.0462777411832,32.1,0
2877,2.1,711.0,4,0.35,125.4015,11.4,7.0,10,3,1.0,88.9,47.775,2
2878,26.016693250741685,753.0875000000001,1,1.0,185.67,81.15871835984419,10.0,3,0,1.0,67.4,85.9,1
2879,12.063997003597562,282.7,1,1.0,52.78,68.2,10.0,7,1,2.0,1.4,98.5,2
2880,18.823297776486235,290.9,3,3.0,175.07,98.34139066672395,10.0,8,3,0.0,7.5,86.7,1
2881,20.018443024345103,241.0,1,2.0,66.45,92.13605150319606,8.0,5,3,0.0,25.8,79.7,1
2882,3.15,438.6,2,0.35,93.0195,22.5,8.0,6,5,1.0,61.4,24.375,2
2883,14.0,319.0,4,3.0,193.62,35.5,24.054877918961104,8,2,0.0,85.50322077870368,54.2,0
2884,28.601032099380472,746.1,2,2.0,102.54,76.05126050606995,9.0,5,5,1.0,11.8,70.0,1
2885,23.4,204.1,1,6.449999999999999,429.0439999999999,78.8,5.0,7,2,1.0,14.3,107.88,1
2886,7.35,377.5,2,0.0,71.4195,16.4,10.0,5,2,1.0,84.7,16.509999999999998,2
2887,19.0,490.5,4,1.0,299.03,24.6,31.990286109891574,7,2,0.0,76.26260764907651,49.8,0
2888,16.030704116985426,411.6,4,3.0,178.72,94.36670904757982,8.0,2,0,0.0,41.1,69.6,1
2889,15.0,743.8,5,2.0,69.38,93.6,16.822327785966888,7,2,0.0,82.93381244615098,77.8,0
2890,6.3,441.6,5,2.1,18.6705,66.7,7.0,4,0,0.0,32.5,26.130000000000003,2
2891,4.55,753.0875000000001,4,0.35,143.757,68.2,13.0,2,1,1.0,44.8,41.015,2
2892,5.6,232.9,2,0.0,24.9615,96.2,11.0,3,3,0.0,93.0,16.900000000000002,2
2893,21.263442656479896,695.7,1,3.0,61.47,85.4163067670679,8.0,4,3,0.0,62.7,96.3,1
2894,4.199999999999999,279.5,2,1.4,43.5465,51.6,4.0,8,2,0.0,96.1,53.82,2
2895,24.364621076817755,173.7,5,2.0,97.87,87.79865793637929,10.0,3,1,1.0,34.7,42.9,1
2896,3.5,533.7,1,1.4,21.087,49.9,9.0,6,2,2.0,44.2,44.005,2
2897,32.4,163.1,4,6.449999999999999,380.1,68.7,6.0,10,1,0.0,70.0,52.440000000000005,1
2898,11.0,261.4,4,5.0,57.98,19.3,31.990286109891574,1,1,0.0,78.42331473015534,80.9,0
2899,19.91572065019529,390.2,4,3.0,168.2,99.53899629582642,10.0,8,0,1.0,77.3,80.8,1
2900,15.274244043010787,97.8,5,2.0,179.12,83.80307033725703,5.0,2,2,0.0,84.1,55.2,1
2901,13.56969209505002,215.5,3,4.0,266.5,79.17523576998106,9.0,6,3,1.0,39.5,54.33,1
2902,3.85,135.7,2,0.35,78.849,80.5,8.0,7,0,1.0,11.9,30.875,2
2903,41.4,321.6,2,2.2,493.1949375,87.9,10.0,4,3,0.0,57.2,103.08,1
2904,6.65,277.0,1,1.0499999999999998,22.41,27.5,7.0,8,2,1.0,27.0,43.94,2
2905,15.0,458.3,5,1.0,76.17,24.3,28.968005469948736,7,1,0.0,97.93337666861648,96.7,0
2906,26.73611341418,689.2,3,0.0,117.73,77.69779355313457,11.0,9,1,0.0,11.6,23.1,2
2907,30.6,263.6,5,2.2,493.1949375,78.5,5.0,10,1,0.0,42.4,114.36,1
2908,18.0,469.7,4,3.0,125.96,69.5,27.27095849266699,7,0,2.0,76.98926424320196,20.5,0
2909,21.6,166.5,2,6.449999999999999,304.808,60.5,6.0,4,3,1.0,16.5,66.6,1
2910,4.199999999999999,549.6,1,0.0,85.59,34.8,9.0,11,2,2.0,45.4,38.805,2
2911,18.0,723.1,5,1.0,37.4,66.6,31.990286109891574,8,2,1.0,91.50056260215813,87.3,0
2912,11.0,285.3,5,3.0,66.88,65.7,31.990286109891574,5,2,1.0,88.96547596280213,21.7,0
2913,23.168456669375107,217.8,1,1.0,145.94,86.27970557896082,11.0,4,5,1.0,29.6,75.7,1
2914,16.0,245.7,5,3.0,132.93,2.7,26.344842918478584,6,1,0.0,84.44675940510456,67.8,0
2915,25.2,191.6,2,0.0,493.1949375,65.2,8.0,6,1,1.0,71.1,115.2,1
2916,14.070222340621978,420.5,4,5.0,154.45,96.23620194953476,12.0,6,1,0.0,9.5,36.1,1
2917,14.0,363.0,5,2.0,168.31,2.7,31.38876522007371,6,0,2.5,81.59579821947253,26.2,0
2918,27.0,177.5,2,2.2,249.424,1.8,7.0,2,2,0.0,20.4,118.68,1
2919,27.463983299394904,309.8,1,3.0,309.44,80.56088820420979,6.0,7,1,0.0,35.8,30.2,1
2920,25.70074695954176,302.2,3,2.0,65.4,86.98577461657717,7.0,4,3,2.5,18.6,38.5,1
2921,18.0,216.9,5,0.0,111.3,70.8,19.932791980540777,4,2,0.0,78.01306290416905,52.0,0
2922,26.510101185411635,513.3,4,2.0,132.75,80.33817830930076,6.0,6,1,0.0,31.5,93.2,1
2923,3.85,341.3,2,0.35,88.524,13.7,12.0,7,0,0.0,37.5,30.55,2
2924,4.9,385.4,5,0.35,31.918500000000005,68.1,8.0,6,2,1.0,40.0,35.815000000000005,2
2925,12.947381546006197,423.0,1,2.0,123.11,84.02301704243786,9.0,3,0,1.0,36.7,43.3,2
2926,21.6,478.9,5,6.449999999999999,493.1949375,70.1,5.0,7,1,0.0,31.2,115.32,1
2927,13.0,736.9,5,1.0,129.58,18.2,31.990286109891574,7,1,0.0,97.7532998252466,67.3,0
2928,16.0,389.9,5,3.0,144.72,12.7,31.990286109891574,7,3,1.0,95.06844390556228,96.4,0
2929,4.199999999999999,329.6,3,0.7,45.6075,82.9,7.0,3,2,0.0,77.0,54.99,2
2930,8.0,580.7,5,2.0,130.19,80.3,30.744794416322605,10,1,1.0,77.46975238905495,96.2,0
2931,17.0,317.2,5,2.0,127.55,93.0,15.350751612129308,7,4,2.0,93.62935993876522,52.3,0
2932,13.0,633.8,4,1.0,169.78,21.4,31.990286109891574,8,0,1.0,83.02472570914613,80.6,0
2933,4.199999999999999,193.5,3,0.7,26.253000000000004,53.2,9.0,5,2,1.0,93.6,57.07,2
2934,14.845785668484382,305.05,3,0.0,118.88,97.7091197000136,12.0,6,2,0.0,39.8,73.4,2
2935,14.0,219.0,5,1.0,142.37,85.7,16.464786781209646,7,4,0.0,84.88998931778089,56.8,0
2936,4.55,185.7,1,0.7,98.4015,52.8,10.0,3,1,1.0,72.8,54.925,2
2937,14.155677920221173,211.7,3,3.0,200.79,84.4308553081903,7.0,4,1,0.0,27.1,24.5,1
2938,14.624543275291224,121.6,4,2.0,322.08,85.20263691561637,5.0,7,1,1.0,52.9,41.9,1
2939,5.25,100.3,4,1.4,59.382000000000005,59.7,12.0,6,3,1.0,46.8,59.41,2
2940,6.65,131.4,3,0.35,25.092,55.2,11.0,2,3,0.0,15.2,26.39,2
2941,22.543958056713823,204.0,4,3.0,123.87,88.2929267789485,13.0,6,1,0.0,53.3,96.1,1
2942,26.162746487013653,356.7,4,1.0,45.36,84.63349218701184,12.0,8,1,0.0,99.4,70.0,0
2943,3.5,201.2,2,1.75,20.313,42.4,12.0,6,1,0.0,87.6,30.355000000000004,2
2944,11.0,753.0875000000001,5,2.0,85.96,48.7,20.55928210130291,2,2,1.0,82.0770327122779,66.6,0
2945,30.6,106.6,4,6.449999999999999,423.752,55.6,11.0,4,0,1.0,92.5,82.8,1
2946,23.98756883506725,524.9,2,0.0,64.74,96.6803936838918,8.0,8,2,1.0,11.1,68.0,1
2947,11.0,399.3,4,2.0,308.67,68.2,31.990286109891574,8,3,1.0,89.36943572373575,83.0,0
2948,10.0,305.05,4,1.0,150.11,59.1,17.394782885179488,6,4,1.0,78.08791988885542,30.6,2
2949,3.85,283.0,3,0.35,130.9545,24.7,13.0,4,1,1.0,21.9,31.980000000000004,2
2950,4.199999999999999,662.4,3,0.7,181.1925,42.8,12.0,4,2,0.0,63.0,53.105,2
2951,23.69393661494969,296.3,3,3.0,246.85,88.03294358499679,11.0,8,1,1.0,43.6,31.7,1
2952,18.575146054154057,176.7,2,2.0,95.09,95.08313271555755,13.0,9,2,2.0,78.3,28.8,2
2953,25.2,194.7,3,2.2,183.848,56.3,7.0,3,3,0.0,40.2,73.55999999999999,1
2954,25.3124701520708,270.5,3,2.0,70.24,97.6236462574378,9.0,6,0,2.5,83.3,60.0,1
2955,4.9,753.0875000000001,5,0.0,63.963,98.8,10.0,4,1,1.0,18.4,18.98,2
2956,27.31945885236336,211.0,4,0.0,97.54,82.99426624004235,6.0,4,4,2.0,36.7,75.9,1
2957,19.0,565.8,4,1.0,66.25,17.7,26.93478254004268,4,1,2.0,79.63823372407116,50.4,0
2958,17.0,236.1,5,1.0,191.02,77.5,31.990286109891574,9,2,0.0,81.22986166213572,35.5,0
2959,26.46628238392197,196.0,2,5.0,181.02,77.16443139718841,10.0,5,3,0.0,75.5,45.7,1
2960,14.4,288.5,5,4.4,199.864,31.0,17.0,7,0,0.0,74.6,48.24,0
2961,14.233760138958054,104.0,2,1.0,90.39,84.3736802696938,8.0,7,0,0.0,55.9,73.8,1
2962,14.0,411.8,5,3.0,49.85,52.8,19.82868640195932,3,2,0.0,85.15253138696859,69.1,0
2963,11.0,305.3,4,3.0,137.18,5.0,31.990286109891574,6,3,1.0,77.07820905372502,95.6,0
2964,18.0,359.7,1,6.449999999999999,270.368,64.6,9.0,6,0,0.0,56.2,53.16,1
2965,29.232093174552052,600.4,1,0.0,245.69,81.52470508854248,8.0,4,2,1.0,25.9,94.6,1
2966,19.8,271.1,1,0.0,359.21199999999993,67.5,5.0,5,1,1.0,37.4,68.28,1
2967,26.43635604032744,287.2,1,5.0,78.77,88.71963014537486,8.0,5,1,1.0,10.6,44.5,1
2968,7.0,446.2,5,1.0,130.55,31.9,21.79914069290288,10,1,1.0,90.3146529812896,58.7,0
2969,27.0,162.9,4,6.449999999999999,297.752,88.9,11.0,6,4,2.0,84.6,118.2,1
2970,12.0,106.9,5,5.0,78.43,23.6,22.546322763369407,4,1,2.0,79.939513267015,25.6,0
2971,8.399999999999999,146.8,1,1.0499999999999998,52.438500000000005,27.9,1.0,2,0,0.0,89.7,13.845,2
2972,30.6,172.2,1,2.2,151.564,26.9,7.0,7,3,0.0,63.9,39.96,1
2973,18.0,546.8,5,4.0,140.44,52.2,15.754934123556266,3,1,1.0,80.46032287444396,84.2,0
2974,25.2,293.9,5,6.449999999999999,413.224,36.4,9.0,9,5,0.0,87.6,44.4,1
2975,3.5,328.6,4,0.0,114.885,34.5,6.0,5,2,2.0,49.8,25.285,2
2976,12.0,356.1,5,3.0,141.95,73.6,27.44669824749872,6,1,2.0,78.71607098536579,24.1,0
2977,12.6,566.4,4,4.4,187.544,98.8,10.0,3,3,1.0,53.9,31.92,1
2978,9.0,312.4,5,1.0,17.34,47.1,31.990286109891574,4,6,1.0,87.93766863686992,82.4,0
2979,12.0,150.5,4,5.0,62.34,64.8,31.990286109891574,6,2,0.0,96.4710731222658,67.0,0
2980,21.0,325.0,5,2.0,157.55,73.6,31.990286109891574,4,1,0.0,88.41394953427942,37.7,0
2981,27.132765309849283,747.8,2,2.0,282.92,92.30763360283656,6.0,3,2,1.0,50.7,64.2,1
2982,15.60782158106575,249.3,5,2.0,136.31,97.91873277361492,7.0,6,3,0.0,89.9,36.2,2
2983,20.89774536223509,612.3,4,2.0,75.07,82.88456777983119,4.0,11,0,1.0,19.5,93.0,1
2984,15.0,371.0,4,3.0,149.9,96.5,20.187537316851177,6,0,1.0,96.00483011701982,30.1,0
2985,21.29897550349896,618.1,2,2.0,26.67,94.58816713970025,11.0,3,3,0.0,66.0,83.1,1
2986,6.3,219.8,5,2.1,59.292,60.9,11.0,8,1,0.0,8.9,37.18,2
2987,14.0,199.0,4,4.0,189.82,38.7,18.361825176756074,6,1,0.0,91.73932261382454,78.9,0
2988,6.3,73.0,4,1.4,34.713,98.5,10.0,8,5,2.0,72.9,17.42,2
2989,18.99079494782847,257.4,4,0.0,243.93,98.2016961229581,15.0,3,1,0.0,67.5,29.4,1
2990,27.945378081282875,179.6,2,1.0,323.71,92.04313400144244,11.0,2,1,0.0,38.4,83.3,1
2991,32.4,230.9,5,2.2,493.1949375,4.0,10.0,4,3,1.0,60.8,97.92,1
2992,14.0,383.1,5,0.0,165.36,96.7,17.423147146721156,6,2,1.0,93.30491244603373,90.3,0
2993,20.04746530992314,71.7,4,1.0,13.54,81.61777827505034,14.0,8,1,1.0,25.4,74.6,1
2994,20.0,57.6,4,2.0,157.95,23.8,19.859873421518724,7,3,0.0,79.42609008301875,78.6,0
2995,4.199999999999999,399.3,1,0.7,109.4445,38.8,16.0,8,2,2.0,41.4,38.22,2
2996,5.25,227.2,4,0.7,53.937,22.6,7.0,7,2,1.0,30.0,13.585,2
2997,5.949999999999999,525.8,5,0.35,99.333,68.2,17.0,8,2,2.0,91.3,22.685,2
2998,26.245858048654988,530.6,2,4.0,142.28,92.42977346356592,5.0,8,1,0.0,81.6,23.9,1
2999,27.0,264.6,5,4.4,374.444,2.2,7.0,4,1,2.0,78.0,66.72,1
3000,21.6,213.5,3,4.4,493.1949375,70.3,13.0,10,3,1.0,74.2,37.08,1
